시도교육청코드,시도교육청명,행정표준코드,학교명,식사코드,식사명,급식일자,급식인원수,요리명,원산지정보,칼로리정보,영양정보,수정일자
B10,서울특별시교육청,7010073,당곡고등학교,2,중식,20210104,65.00,기장밥*<br/>파마산크림스프&크루통*1.2.5.6.13.<br/>왕돈까스&브라운소스*1.2.5.6.10.12.15.<br/>오이피클&단무지*13.<br/>후르츠칵테일*11.,쌀 : 국내산<br/>김치류 : 국내산<br/>고춧가루(김치류) : 국내산<br/>쇠고기(종류) : 국내산(한우)<br/>돼지고기 : 국내산<br/>닭고기 : 국내산<br/>오리고기 : 국내산<br/>쇠고기 식육가공품 : 국내산<br/>돼지고기 식육가공품 : 국내산<br/>닭고기 식육가공품 : 국내산<br/>오리고기 가공품 : 국내산<br/>낙지 : 국내산<br/>고등어 : 국내산<br/>갈치 : 국내산<br/>오징어 : 국내산<br/>꽃게 : 국내산<br/>참조기 : 국내산<br/>콩 : 국내산,1286.2 Kcal,탄수화물(g) : 170.5<br/>단백질(g) : 78.2<br/>지방(g) : 34.0<br/>비타민A(R.E) : 129.0<br/>티아민(mg) : 1.2<br/>리보플라빈(mg) : 0.9<br/>비타민C(mg) : 28.2<br/>칼슘(mg) : 497.6<br/>철분(mg) : 5.1,20210111043017
B10,서울특별시교육청,7010073,당곡고등학교,2,중식,20210201,55.00,친환경현미밥*<br/>한우무국*5.6.13.<br/>느타리초무침*6.13.5.<br/>고추장삼치구이*5.6.13.<br/>스팸달걀부침*1.2.5.6.10.13.15.16.<br/>배추김치*9.13.<br/>감귤*,쌀 : 국내산<br/>김치류 : 국내산<br/>고춧가루(김치류) : 국내산<br/>쇠고기(종류) : 국내산(한우)<br/>돼지고기 : 국내산<br/>닭고기 : 국내산<br/>오리고기 : 국내산<br/>쇠고기 식육가공품 : 국내산<br/>돼지고기 식육가공품 : 국내산<br/>닭고기 식육가공품 : 국내산<br/>오리고기 가공품 : 국내산<br/>낙지 : 국내산<br/>고등어 : 국내산<br/>갈치 : 국내산<br/>오징어 : 국내산<br/>꽃게 : 국내산<br/>참조기 : 국내산<br/>콩 : 국내산,971.0 Kcal,탄수화물(g) : 120.1<br/>단백질(g) : 55.6<br/>지방(g) : 32.4<br/>비타민A(R.E) : 264.8<br/>티아민(mg) : 0.5<br/>리보플라빈(mg) : 0.9<br/>비타민C(mg) : 98.5<br/>칼슘(mg) : 204.3<br/>철분(mg) : 5.6,20210208043137
B10,서울특별시교육청,7010073,당곡고등학교,2,중식,20210202,55.00,추가밥*<br/>호박두부된장찌개*5.6.13.<br/>콩나물무침*5.6.13.<br/>돼지고기고추장오븐구이*5.6.10.13.<br/>섞박지*9.13.<br/>매실음료*<br/>파채무침*5.6.13.<br/>알배추&쌈장*5.6.13.,쌀 : 국내산<br/>김치류 : 국내산<br/>고춧가루(김치류) : 국내산<br/>쇠고기(종류) : 국내산(한우)<br/>돼지고기 : 국내산<br/>닭고기 : 국내산<br/>오리고기 : 국내산<br/>쇠고기 식육가공품 : 국내산<br/>돼지고기 식육가공품 : 국내산<br/>닭고기 식육가공품 : 국내산<br/>오리고기 가공품 : 국내산<br/>낙지 : 국내산<br/>고등어 : 국내산<br/>갈치 : 국내산<br/>오징어 : 국내산<br/>꽃게 : 국내산<br/>참조기 : 국내산<br/>콩 : 국내산,920.5 Kcal,탄수화물(g) : 133.8<br/>단백질(g) : 63.4<br/>지방(g) : 18.4<br/>비타민A(R.E) : 383.3<br/>티아민(mg) : 1.2<br/>리보플라빈(mg) : 1.0<br/>비타민C(mg) : 37.4<br/>칼슘(mg) : 312.4<br/>철분(mg) : 20.7,20210209043034
B10,서울특별시교육청,7010073,당곡고등학교,2,중식,20210203,55.00,김가루돼지고기주먹밥*5.6.10.13.<br/>잔치국수*1.5.6.13.<br/>매콤소룡포*2.5.6.8.9.10.15.16.17.18.<br/>오징어초무침*5.6.13.<br/>볶음김치*9.13.<br/>양념장*5.6.13.<br/>사과*,쌀 : 국내산<br/>김치류 : 국내산<br/>고춧가루(김치류) : 국내산<br/>쇠고기(종류) : 국내산(한우)<br/>돼지고기 : 국내산<br/>닭고기 : 국내산<br/>오리고기 : 국내산<br/>쇠고기 식육가공품 : 국내산<br/>돼지고기 식육가공품 : 국내산<br/>닭고기 식육가공품 : 국내산<br/>오리고기 가공품 : 국내산<br/>낙지 : 국내산<br/>고등어 : 국내산<br/>갈치 : 국내산<br/>오징어 : 국내산<br/>꽃게 : 국내산<br/>참조기 : 국내산<br/>콩 : 국내산,1175.1 Kcal,탄수화물(g) : 167.2<br/>단백질(g) : 74.2<br/>지방(g) : 35.7<br/>비타민A(R.E) : 1098.4<br/>티아민(mg) : 0.4<br/>리보플라빈(mg) : 0.8<br/>비타민C(mg) : 58.9<br/>칼슘(mg) : 311.5<br/>철분(mg) : 6.2,20210210043017
B10,서울특별시교육청,7010073,당곡고등학교,2,중식,20210303,560.00,친환경칼슘기장밥*<br/>미니우동*1.2.5.6.9.13.16.<br/>딸기크레이프케이크*1.2.5.6.<br/>달래무침*5.6.13.<br/>왕돈까스&브라운소스*5.6.1.2.10.12.15.<br/>깍두기*9.13.,쌀 : 국내산<br/>김치류 : 국내산<br/>고춧가루(김치류) : 국내산<br/>쇠고기(종류) : 국내산(한우)<br/>돼지고기 : 국내산<br/>닭고기 : 국내산<br/>오리고기 : 국내산<br/>쇠고기 식육가공품 : 국내산<br/>돼지고기 식육가공품 : 국내산<br/>닭고기 식육가공품 : 국내산<br/>오리고기 가공품 : 국내산<br/>낙지 : 국내산<br/>고등어 : 국내산<br/>갈치 : 국내산<br/>오징어 : 국내산<br/>꽃게 : 국내산<br/>참조기 : 국내산<br/>콩 : 국내산,750.6 Kcal,탄수화물(g) : 108.9<br/>단백질(g) : 46.0<br/>지방(g) : 9.8<br/>비타민A(R.E) : 192.6<br/>티아민(mg) : 0.6<br/>리보플라빈(mg) : 0.4<br/>비타민C(mg) : 5.6<br/>칼슘(mg) : 242.9<br/>철분(mg) : 3.4,20210310043016
B10,서울특별시교육청,7010073,당곡고등학교,2,중식,20210304,560.00,야채볶음밥*2.5.6.13.<br/>한우불고기짜장소스*2.5.6.10.13.16.<br/>짬뽕국*6.9.13.17.18.<br/>반달단무지무침*<br/>찹쌀탕수육*5.6.10.16.<br/>배추김치*9.13.<br/>요구르트*2.,쌀 : 국내산<br/>김치류 : 국내산<br/>고춧가루(김치류) : 국내산<br/>쇠고기(종류) : 국내산(한우)<br/>돼지고기 : 국내산<br/>닭고기 : 국내산<br/>오리고기 : 국내산<br/>쇠고기 식육가공품 : 국내산<br/>돼지고기 식육가공품 : 국내산<br/>닭고기 식육가공품 : 국내산<br/>오리고기 가공품 : 국내산<br/>낙지 : 국내산<br/>고등어 : 국내산<br/>갈치 : 국내산<br/>오징어 : 국내산<br/>꽃게 : 국내산<br/>참조기 : 국내산<br/>콩 : 국내산,730.4 Kcal,탄수화물(g) : 117.6<br/>단백질(g) : 31.6<br/>지방(g) : 17.6<br/>비타민A(R.E) : 391.6<br/>티아민(mg) : 0.4<br/>리보플라빈(mg) : 0.7<br/>비타민C(mg) : 26.7<br/>칼슘(mg) : 351.7<br/>철분(mg) : 7.7,20210311043049
B10,서울특별시교육청,7010073,당곡고등학교,2,중식,20210305,580.00,친환경현미밥*<br/>김치무국*5.6.9.13.<br/>찜닭*5.6.8.13.<br/>세발나물새송이버섯초무침*5.6.13.<br/>두부부침&양념장*5.6.13.<br/>백김치*9.13.,쌀 : 국내산<br/>김치류 : 국내산<br/>고춧가루(김치류) : 국내산<br/>쇠고기(종류) : 국내산(한우)<br/>돼지고기 : 국내산<br/>닭고기 : 국내산<br/>오리고기 : 국내산<br/>쇠고기 식육가공품 : 국내산<br/>돼지고기 식육가공품 : 국내산<br/>닭고기 식육가공품 : 국내산<br/>오리고기 가공품 : 국내산<br/>낙지 : 국내산<br/>고등어 : 국내산<br/>갈치 : 국내산<br/>오징어 : 국내산<br/>꽃게 : 국내산<br/>참조기 : 국내산<br/>콩 : 국내산,711.3 Kcal,탄수화물(g) : 109.3<br/>단백질(g) : 38.4<br/>지방(g) : 14.3<br/>비타민A(R.E) : 195.2<br/>티아민(mg) : 0.4<br/>리보플라빈(mg) : 0.6<br/>비타민C(mg) : 20.2<br/>칼슘(mg) : 245.7<br/>철분(mg) : 4.3,20210312043015
B10,서울특별시교육청,7010073,당곡고등학교,2,중식,20210308,560.00,제육비빔밥*5.6.10.13.<br/>감자빵*1.2.5.6.<br/>봄동된장국*5.6.13.<br/>부추무침*5.6.13.<br/>연어스테이크&양파소스*5.6.7.<br/>깍두기*9.13.,쌀 : 국내산<br/>김치류 : 국내산<br/>고춧가루(김치류) : 국내산<br/>쇠고기(종류) : 국내산(한우)<br/>돼지고기 : 국내산<br/>닭고기 : 국내산<br/>오리고기 : 국내산<br/>쇠고기 식육가공품 : 국내산<br/>돼지고기 식육가공품 : 국내산<br/>닭고기 식육가공품 : 국내산<br/>오리고기 가공품 : 국내산<br/>낙지 : 국내산<br/>고등어 : 국내산<br/>갈치 : 국내산<br/>오징어 : 국내산<br/>꽃게 : 국내산<br/>참조기 : 국내산<br/>콩 : 국내산,735.5 Kcal,탄수화물(g) : 114.0<br/>단백질(g) : 53.9<br/>지방(g) : 10.9<br/>비타민A(R.E) : 469.4<br/>티아민(mg) : 1.0<br/>리보플라빈(mg) : 1.0<br/>비타민C(mg) : 41.3<br/>칼슘(mg) : 275.5<br/>철분(mg) : 6.3,20210315043016
B10,서울특별시교육청,7010073,당곡고등학교,2,중식,20210309,540.00,친환경칼슘기장밥*<br/>물만두국*1.5.6.10.<br/>돌나물초무침*5.6.13.<br/>동부묵김가루무침*5.6.13.<br/>불닭&스노우치즈*2.5.6.13.15.<br/>배추김치*9.13.,쌀 : 국내산<br/>김치류 : 국내산<br/>고춧가루(김치류) : 국내산<br/>쇠고기(종류) : 국내산(한우)<br/>돼지고기 : 국내산<br/>닭고기 : 국내산<br/>오리고기 : 국내산<br/>쇠고기 식육가공품 : 국내산<br/>돼지고기 식육가공품 : 국내산<br/>닭고기 식육가공품 : 국내산<br/>오리고기 가공품 : 국내산<br/>낙지 : 국내산<br/>고등어 : 국내산<br/>갈치 : 국내산<br/>오징어 : 국내산<br/>꽃게 : 국내산<br/>참조기 : 국내산<br/>콩 : 국내산,861.5 Kcal,탄수화물(g) : 123.3<br/>단백질(g) : 54.9<br/>지방(g) : 18.9<br/>비타민A(R.E) : 447.6<br/>티아민(mg) : 0.9<br/>리보플라빈(mg) : 0.6<br/>비타민C(mg) : 44.9<br/>칼슘(mg) : 460.0<br/>철분(mg) : 7.0,20210316043312
B10,서울특별시교육청,7010073,당곡고등학교,2,중식,20210310,540.00,친환경잡곡밥*5.<br/>황태미역국*5.6.13.<br/>돼지갈비찜*5.6.10.13.<br/>참나물무침*5.6.13.<br/>버섯잡채*5.6.8.13.<br/>섞박지*9.13.,쌀 : 국내산<br/>김치류 : 국내산<br/>고춧가루(김치류) : 국내산<br/>쇠고기(종류) : 국내산(한우)<br/>돼지고기 : 국내산<br/>닭고기 : 국내산<br/>오리고기 : 국내산<br/>쇠고기 식육가공품 : 국내산<br/>돼지고기 식육가공품 : 국내산<br/>닭고기 식육가공품 : 국내산<br/>오리고기 가공품 : 국내산<br/>낙지 : 국내산<br/>고등어 : 국내산<br/>갈치 : 국내산<br/>오징어 : 국내산<br/>꽃게 : 국내산<br/>참조기 : 국내산<br/>콩 : 국내산,16152.9 Kcal,탄수화물(g) : 130.0<br/>단백질(g) : 46.4<br/>지방(g) : 1679.1<br/>비타민A(R.E) : 293.2<br/>티아민(mg) : 0.9<br/>리보플라빈(mg) : 0.9<br/>비타민C(mg) : 9.8<br/>칼슘(mg) : 224.6<br/>철분(mg) : 4.2,20210317043015
B10,서울특별시교육청,7010073,당곡고등학교,2,중식,20210311,540.00,카레라이스*2.5.6.10.12.16.18.<br/>맑은콩나물국*5.6.13.<br/>오이무침*5.6.13.<br/>닭꼬치*데리야끼소스*5.6.13.15.<br/>배추김치*9.13.<br/>오렌지*,쌀 : 국내산<br/>김치류 : 국내산<br/>고춧가루(김치류) : 국내산<br/>쇠고기(종류) : 국내산(한우)<br/>돼지고기 : 국내산<br/>닭고기 : 국내산<br/>오리고기 : 국내산<br/>쇠고기 식육가공품 : 국내산<br/>돼지고기 식육가공품 : 국내산<br/>닭고기 식육가공품 : 국내산<br/>오리고기 가공품 : 국내산<br/>낙지 : 국내산<br/>고등어 : 국내산<br/>갈치 : 국내산<br/>오징어 : 국내산<br/>꽃게 : 국내산<br/>참조기 : 국내산<br/>콩 : 국내산,867.7 Kcal,탄수화물(g) : 129.4<br/>단백질(g) : 44.5<br/>지방(g) : 23.1<br/>비타민A(R.E) : 224.2<br/>티아민(mg) : 0.9<br/>리보플라빈(mg) : 0.6<br/>비타민C(mg) : 38.4<br/>칼슘(mg) : 251.7<br/>철분(mg) : 17.9,20210318043053
B10,서울특별시교육청,7010073,당곡고등학교,2,중식,20210312,540.00,친환경현미밥*<br/>들깨무채국*5.6.13.<br/>돼지고기김치두루치기*5.6.9.10.13.<br/>명엽채볶음5.6.13.<br/>총각김치*9.13.<br/>떠먹는딸기요거트*2.,쌀 : 국내산<br/>김치류 : 국내산<br/>고춧가루(김치류) : 국내산<br/>쇠고기(종류) : 국내산(한우)<br/>돼지고기 : 국내산<br/>닭고기 : 국내산<br/>오리고기 : 국내산<br/>쇠고기 식육가공품 : 국내산<br/>돼지고기 식육가공품 : 국내산<br/>닭고기 식육가공품 : 국내산<br/>오리고기 가공품 : 국내산<br/>낙지 : 국내산<br/>고등어 : 국내산<br/>갈치 : 국내산<br/>오징어 : 국내산<br/>꽃게 : 국내산<br/>참조기 : 국내산<br/>콩 : 국내산,852.5 Kcal,탄수화물(g) : 121.2<br/>단백질(g) : 62.5<br/>지방(g) : 16.2<br/>비타민A(R.E) : 275.3<br/>티아민(mg) : 0.9<br/>리보플라빈(mg) : 1.2<br/>비타민C(mg) : 35.3<br/>칼슘(mg) : 441.3<br/>철분(mg) : 5.2,20210319043016
B10,서울특별시교육청,7010073,당곡고등학교,2,중식,20210315,555.00,친환경흑미밥*<br/>말린새우순두부백탕*1.5.6.9.13.<br/>우엉조림*5.6.13.<br/>도토리묵무침*5.6.13.<br/>닭볶음탕*5.6.13.<br/>배추김치*9.13.,쌀 : 국내산<br/>김치류 : 국내산<br/>고춧가루(김치류) : 국내산<br/>쇠고기(종류) : 국내산(한우)<br/>돼지고기 : 국내산<br/>닭고기 : 국내산<br/>오리고기 : 국내산<br/>쇠고기 식육가공품 : 국내산<br/>돼지고기 식육가공품 : 국내산<br/>닭고기 식육가공품 : 국내산<br/>오리고기 가공품 : 국내산<br/>낙지 : 국내산<br/>고등어 : 국내산<br/>갈치 : 국내산<br/>오징어 : 국내산<br/>꽃게 : 국내산<br/>참조기 : 국내산<br/>콩 : 국내산,695.2 Kcal,탄수화물(g) : 120.0<br/>단백질(g) : 38.1<br/>지방(g) : 11.2<br/>비타민A(R.E) : 367.3<br/>티아민(mg) : 0.6<br/>리보플라빈(mg) : 0.7<br/>비타민C(mg) : 36.2<br/>칼슘(mg) : 225.6<br/>철분(mg) : 4.4,20210322043017
B10,서울특별시교육청,7010073,당곡고등학교,2,중식,20210316,535.00,추가밥*<br/>바지락칼국수*5.6.8.13.18.<br/>오징어미나리초무침*5.6.13.<br/>김치메밀전병*2.3.5.6.16.18.<br/>겉절이*9.13.<br/>바나나*,쌀 : 국내산<br/>김치류 : 국내산<br/>고춧가루(김치류) : 국내산<br/>쇠고기(종류) : 국내산(한우)<br/>돼지고기 : 국내산<br/>닭고기 : 국내산<br/>오리고기 : 국내산<br/>쇠고기 식육가공품 : 국내산<br/>돼지고기 식육가공품 : 국내산<br/>닭고기 식육가공품 : 국내산<br/>오리고기 가공품 : 국내산<br/>낙지 : 국내산<br/>고등어 : 국내산<br/>갈치 : 국내산<br/>오징어 : 국내산<br/>꽃게 : 국내산<br/>참조기 : 국내산<br/>콩 : 국내산,702.4 Kcal,탄수화물(g) : 124.2<br/>단백질(g) : 34.8<br/>지방(g) : 9.1<br/>비타민A(R.E) : 223.0<br/>티아민(mg) : 0.3<br/>리보플라빈(mg) : 0.4<br/>비타민C(mg) : 17.4<br/>칼슘(mg) : 217.3<br/>철분(mg) : 6.6,20210323043046
B10,서울특별시교육청,7010073,당곡고등학교,2,중식,20210317,535.00,친환경칼슘기장밥*<br/>레밍턴케익*1.2.5.6.<br/>얼큰한우무국*5.6.13.<br/>소세지야채케첩볶음*2.5.6.10.12.13.15.<br/>굴비튀김*6.15.<br/>섞박지*9.13.,쌀 : 국내산<br/>김치류 : 국내산<br/>고춧가루(김치류) : 국내산<br/>쇠고기(종류) : 국내산(한우)<br/>돼지고기 : 국내산<br/>닭고기 : 국내산<br/>오리고기 : 국내산<br/>쇠고기 식육가공품 : 국내산<br/>돼지고기 식육가공품 : 국내산<br/>닭고기 식육가공품 : 국내산<br/>오리고기 가공품 : 국내산<br/>낙지 : 국내산<br/>고등어 : 국내산<br/>갈치 : 국내산<br/>오징어 : 국내산<br/>꽃게 : 국내산<br/>참조기 : 국내산<br/>콩 : 국내산,929.1 Kcal,탄수화물(g) : 104.9<br/>단백질(g) : 58.1<br/>지방(g) : 31.1<br/>비타민A(R.E) : 144.8<br/>티아민(mg) : 0.6<br/>리보플라빈(mg) : 0.5<br/>비타민C(mg) : 48.5<br/>칼슘(mg) : 270.7<br/>철분(mg) : 10.9,20210324043018
B10,서울특별시교육청,7010073,당곡고등학교,2,중식,20210318,535.00,훈제오리김치볶음밥*2.5.6.9.10.13.<br/>감자양파국*5.6.13.<br/>쑥갓두부무침*5.6.13.<br/>미니새송이고추장볶음*5.6.13.<br/>마늘칩돈강정*5.6.10.16.<br/>배추김치*9.13.,쌀 : 국내산<br/>김치류 : 국내산<br/>고춧가루(김치류) : 국내산<br/>쇠고기(종류) : 국내산(한우)<br/>돼지고기 : 국내산<br/>닭고기 : 국내산<br/>오리고기 : 국내산<br/>쇠고기 식육가공품 : 국내산<br/>돼지고기 식육가공품 : 국내산<br/>닭고기 식육가공품 : 국내산<br/>오리고기 가공품 : 국내산<br/>낙지 : 국내산<br/>고등어 : 국내산<br/>갈치 : 국내산<br/>오징어 : 국내산<br/>꽃게 : 국내산<br/>참조기 : 국내산<br/>콩 : 국내산,822.4 Kcal,탄수화물(g) : 129.4<br/>단백질(g) : 30.4<br/>지방(g) : 26.1<br/>비타민A(R.E) : 409.5<br/>티아민(mg) : 0.5<br/>리보플라빈(mg) : 0.7<br/>비타민C(mg) : 34.8<br/>칼슘(mg) : 243.3<br/>철분(mg) : 11.6,20210325043052
B10,서울특별시교육청,7010073,당곡고등학교,2,중식,20210319,535.00,한우콩나물밥&양념장*5.6.16.<br/>냉이된장국*5.6.13.<br/>취나물무침*5.6.13.<br/>돼지고기주물럭*5.6.10.12.13.16.18.<br/>열무김치*9.13.<br/>사과음료*5.13.,쌀 : 국내산<br/>김치류 : 국내산<br/>고춧가루(김치류) : 국내산<br/>쇠고기(종류) : 국내산(한우)<br/>돼지고기 : 국내산<br/>닭고기 : 국내산<br/>오리고기 : 국내산<br/>쇠고기 식육가공품 : 국내산<br/>돼지고기 식육가공품 : 국내산<br/>닭고기 식육가공품 : 국내산<br/>오리고기 가공품 : 국내산<br/>낙지 : 국내산<br/>고등어 : 국내산<br/>갈치 : 국내산<br/>오징어 : 국내산<br/>꽃게 : 국내산<br/>참조기 : 국내산<br/>콩 : 국내산,783.4 Kcal,탄수화물(g) : 131.9<br/>단백질(g) : 48.5<br/>지방(g) : 11.7<br/>비타민A(R.E) : 489.5<br/>티아민(mg) : 0.9<br/>리보플라빈(mg) : 1.1<br/>비타민C(mg) : 63.2<br/>칼슘(mg) : 315.2<br/>철분(mg) : 7.9,20210326043017
B10,서울특별시교육청,7010073,당곡고등학교,2,중식,20210322,550.00,한우야채죽*13.16.<br/>페스츄리치아바타샌드위치*1.2.5.6.10.12.<br/>무말랭이무침*13.<br/>매콤쭈꾸미볶음*5.6.10.13.<br/>백김치*9.13.<br/>배도라지음료*,쌀 : 국내산<br/>김치류 : 국내산<br/>고춧가루(김치류) : 국내산<br/>쇠고기(종류) : 국내산(한우)<br/>돼지고기 : 국내산<br/>닭고기 : 국내산<br/>오리고기 : 국내산<br/>쇠고기 식육가공품 : 국내산<br/>돼지고기 식육가공품 : 국내산<br/>닭고기 식육가공품 : 국내산<br/>오리고기 가공품 : 국내산<br/>낙지 : 국내산<br/>고등어 : 국내산<br/>갈치 : 국내산<br/>오징어 : 국내산<br/>꽃게 : 국내산<br/>참조기 : 국내산<br/>콩 : 국내산,770.6 Kcal,탄수화물(g) : 121.5<br/>단백질(g) : 38.7<br/>지방(g) : 16.6<br/>비타민A(R.E) : 337.8<br/>티아민(mg) : 0.7<br/>리보플라빈(mg) : 0.8<br/>비타민C(mg) : 51.6<br/>칼슘(mg) : 443.0<br/>철분(mg) : 13.5,20210329043018
B10,서울특별시교육청,7010073,당곡고등학교,2,중식,20210323,530.00,친환경칼슘기장밥*<br/>한우설렁탕&소면*5.6.13.16.<br/>콩나물무침*5.6.13.<br/>고추장멸치볶음*5.6.13.<br/>가자미유린기*1.2.5.6.13.<br/>섞박지*9.13.,쌀 : 국내산<br/>김치류 : 국내산<br/>고춧가루(김치류) : 국내산<br/>쇠고기(종류) : 국내산(한우)<br/>돼지고기 : 국내산<br/>닭고기 : 국내산<br/>오리고기 : 국내산<br/>쇠고기 식육가공품 : 국내산<br/>돼지고기 식육가공품 : 국내산<br/>닭고기 식육가공품 : 국내산<br/>오리고기 가공품 : 국내산<br/>낙지 : 국내산<br/>고등어 : 국내산<br/>갈치 : 국내산<br/>오징어 : 국내산<br/>꽃게 : 국내산<br/>참조기 : 국내산<br/>콩 : 국내산,747.8 Kcal,탄수화물(g) : 120.5<br/>단백질(g) : 48.2<br/>지방(g) : 8.0<br/>비타민A(R.E) : 42.2<br/>티아민(mg) : 0.4<br/>리보플라빈(mg) : 0.6<br/>비타민C(mg) : 23.0<br/>칼슘(mg) : 338.0<br/>철분(mg) : 3.3,20210330043046
B10,서울특별시교육청,7010073,당곡고등학교,2,중식,20210324,530.00,친환경현미밥*<br/>콩비지찌개*5.6.9.10.13.<br/>간장오리주물럭*3.5.6.13.16.18.<br/>배추김치*9.13.<br/>와사비맛김*<br/>오렌지*,쌀 : 국내산<br/>김치류 : 국내산<br/>고춧가루(김치류) : 국내산<br/>쇠고기(종류) : 국내산(한우)<br/>돼지고기 : 국내산<br/>닭고기 : 국내산<br/>오리고기 : 국내산<br/>쇠고기 식육가공품 : 국내산<br/>돼지고기 식육가공품 : 국내산<br/>닭고기 식육가공품 : 국내산<br/>오리고기 가공품 : 국내산<br/>낙지 : 국내산<br/>고등어 : 국내산<br/>갈치 : 국내산<br/>오징어 : 국내산<br/>꽃게 : 국내산<br/>참조기 : 국내산<br/>콩 : 국내산,729.3 Kcal,탄수화물(g) : 118.2<br/>단백질(g) : 51.6<br/>지방(g) : 9.9<br/>비타민A(R.E) : 213.6<br/>티아민(mg) : 0.7<br/>리보플라빈(mg) : 0.6<br/>비타민C(mg) : 60.4<br/>칼슘(mg) : 274.6<br/>철분(mg) : 8.3,20210331043017
B10,서울특별시교육청,7010073,당곡고등학교,2,중식,20210325,530.00,김가루돼지고기주먹밥*5.6.10.13.<br/>쑥갓어묵국*1.5.6.13.<br/>국물떡볶이&스노우치즈*1.2.5.6.10.12.13.15.16.18.<br/>게맛살튀김*1.5.6.8.17.<br/>시리얼바*4.5.6.<br/>스틱단무지*,쌀 : 국내산<br/>김치류 : 국내산<br/>고춧가루(김치류) : 국내산<br/>쇠고기(종류) : 국내산(한우)<br/>돼지고기 : 국내산<br/>닭고기 : 국내산<br/>오리고기 : 국내산<br/>쇠고기 식육가공품 : 국내산<br/>돼지고기 식육가공품 : 국내산<br/>닭고기 식육가공품 : 국내산<br/>오리고기 가공품 : 국내산<br/>낙지 : 국내산<br/>고등어 : 국내산<br/>갈치 : 국내산<br/>오징어 : 국내산<br/>꽃게 : 국내산<br/>참조기 : 국내산<br/>콩 : 국내산,1012.3 Kcal,탄수화물(g) : 151.0<br/>단백질(g) : 53.2<br/>지방(g) : 26.4<br/>비타민A(R.E) : 496.1<br/>티아민(mg) : 0.7<br/>리보플라빈(mg) : 1.0<br/>비타민C(mg) : 43.5<br/>칼슘(mg) : 539.8<br/>철분(mg) : 6.2,20210401043050
B10,서울특별시교육청,7010073,당곡고등학교,2,중식,20210326,530.00,친환경잡곡밥*5.<br/>모듬버섯장국*5.6.13.16.18.<br/>꽈리고추감자조림*5.6.13.<br/>돼지고기고추장오븐구이*5.6.10.13.<br/>보쌈김치*9.13.18.<br/>쌈상추&쌈장*5.6.13.,쌀 : 국내산<br/>김치류 : 국내산<br/>고춧가루(김치류) : 국내산<br/>쇠고기(종류) : 국내산(한우)<br/>돼지고기 : 국내산<br/>닭고기 : 국내산<br/>오리고기 : 국내산<br/>쇠고기 식육가공품 : 국내산<br/>돼지고기 식육가공품 : 국내산<br/>닭고기 식육가공품 : 국내산<br/>오리고기 가공품 : 국내산<br/>낙지 : 국내산<br/>고등어 : 국내산<br/>갈치 : 국내산<br/>오징어 : 국내산<br/>꽃게 : 국내산<br/>참조기 : 국내산<br/>콩 : 국내산,715.8 Kcal,탄수화물(g) : 113.5<br/>단백질(g) : 49.8<br/>지방(g) : 11.7<br/>비타민A(R.E) : 293.2<br/>티아민(mg) : 1.1<br/>리보플라빈(mg) : 1.0<br/>비타민C(mg) : 23.9<br/>칼슘(mg) : 197.7<br/>철분(mg) : 5.0,20210402043023
B10,서울특별시교육청,7010073,당곡고등학교,2,중식,20210329,560.00,추가밥*<br/>미트볼스파게티*16.1.2.5.6.10.12.13.15.<br/>양송이스프*2.5.6.13.<br/>피자롤까츠*1.2.5.6.8.9.10.12.13.<br/>트로피칼음료*<br/>과일모듬샐러드*1.2.5.6.12.13.<br/>비트&오이피클*,쌀 : 국내산<br/>김치류 : 국내산<br/>고춧가루(김치류) : 국내산<br/>쇠고기(종류) : 국내산(한우)<br/>돼지고기 : 국내산<br/>닭고기 : 국내산<br/>오리고기 : 국내산<br/>쇠고기 식육가공품 : 국내산<br/>돼지고기 식육가공품 : 국내산<br/>닭고기 식육가공품 : 국내산<br/>오리고기 가공품 : 국내산<br/>낙지 : 국내산<br/>고등어 : 국내산<br/>갈치 : 국내산<br/>오징어 : 국내산<br/>꽃게 : 국내산<br/>참조기 : 국내산<br/>콩 : 국내산,884.0 Kcal,탄수화물(g) : 145.1<br/>단백질(g) : 24.8<br/>지방(g) : 24.0<br/>비타민A(R.E) : 184.1<br/>티아민(mg) : 0.3<br/>리보플라빈(mg) : 0.5<br/>비타민C(mg) : 28.3<br/>칼슘(mg) : 191.6<br/>철분(mg) : 3.5,20210405043023
B10,서울특별시교육청,7010073,당곡고등학교,2,중식,20210330,540.00,친환경현미밥*<br/>감자수제비국*5.6.<br/>냉이무침*5.6.13.<br/>튀김만두&초간장*5.6.10.16.<br/>매콤닭봉조림*5.6.15.<br/>배추김치*9.13.,쌀 : 국내산<br/>김치류 : 국내산<br/>고춧가루(김치류) : 국내산<br/>쇠고기(종류) : 국내산(한우)<br/>돼지고기 : 국내산<br/>닭고기 : 국내산<br/>오리고기 : 국내산<br/>쇠고기 식육가공품 : 국내산<br/>돼지고기 식육가공품 : 국내산<br/>닭고기 식육가공품 : 국내산<br/>오리고기 가공품 : 국내산<br/>낙지 : 국내산<br/>고등어 : 국내산<br/>갈치 : 국내산<br/>오징어 : 국내산<br/>꽃게 : 국내산<br/>참조기 : 국내산<br/>콩 : 국내산,736.5 Kcal,탄수화물(g) : 122.9<br/>단백질(g) : 34.2<br/>지방(g) : 14.6<br/>비타민A(R.E) : 265.9<br/>티아민(mg) : 0.8<br/>리보플라빈(mg) : 0.6<br/>비타민C(mg) : 34.4<br/>칼슘(mg) : 263.3<br/>철분(mg) : 9.5,20210406043050
B10,서울특별시교육청,7010073,당곡고등학교,2,중식,20210331,540.00,친환경잡곡밥*5.<br/>한우배추전골*1.2.3.5.6.13.16.18.<br/>골뱅이야채무침&소면*5.6.13.<br/>동그랑땡구이&케첩*1.2.5.6.10.12.15.16.<br/>배추김치*9.13.<br/>적포도*,쌀 : 국내산<br/>김치류 : 국내산<br/>고춧가루(김치류) : 국내산<br/>쇠고기(종류) : 국내산(한우)<br/>돼지고기 : 국내산<br/>닭고기 : 국내산<br/>오리고기 : 국내산<br/>쇠고기 식육가공품 : 국내산<br/>돼지고기 식육가공품 : 국내산<br/>닭고기 식육가공품 : 국내산<br/>오리고기 가공품 : 국내산<br/>낙지 : 국내산<br/>고등어 : 국내산<br/>갈치 : 국내산<br/>오징어 : 국내산<br/>꽃게 : 국내산<br/>참조기 : 국내산<br/>콩 : 국내산,850.2 Kcal,탄수화물(g) : 149.4<br/>단백질(g) : 39.5<br/>지방(g) : 10.8<br/>비타민A(R.E) : 279.7<br/>티아민(mg) : 0.6<br/>리보플라빈(mg) : 0.4<br/>비타민C(mg) : 23.2<br/>칼슘(mg) : 221.3<br/>철분(mg) : 5.1,20210407043019
B10,서울특별시교육청,7010073,당곡고등학교,2,중식,20210401,540.00,참치야채비빔밥*5.6.<br/>청국장찌개*5.6.9.13.18.<br/>울외장아찌*13.<br/>떡갈비구이*1.5.6.10.13.16.<br/>깍두기*9.13.<br/>오미자음료*,쌀 : 국내산<br/>김치류 : 국내산<br/>고춧가루(김치류) : 국내산<br/>쇠고기(종류) : 국내산(한우)<br/>돼지고기 : 국내산<br/>닭고기 : 국내산<br/>오리고기 : 국내산<br/>쇠고기 식육가공품 : 국내산<br/>돼지고기 식육가공품 : 국내산<br/>닭고기 식육가공품 : 국내산<br/>오리고기 가공품 : 국내산<br/>낙지 : 국내산<br/>고등어 : 국내산<br/>갈치 : 국내산<br/>오징어 : 국내산<br/>꽃게 : 국내산<br/>참조기 : 국내산<br/>콩 : 국내산,1009.9 Kcal,탄수화물(g) : 149.8<br/>단백질(g) : 48.1<br/>지방(g) : 27.4<br/>비타민A(R.E) : 331.2<br/>티아민(mg) : 0.9<br/>리보플라빈(mg) : 0.8<br/>비타민C(mg) : 20.1<br/>칼슘(mg) : 292.4<br/>철분(mg) : 14.8,20210408043050
B10,서울특별시교육청,7010073,당곡고등학교,2,중식,20210402,540.00,친환경잡곡밥*5.<br/>봄동된장국*5.6.13.<br/>두릅초무침*5.6.13.<br/>제육볶음*5.6.10.13.<br/>알감자조림*5.6.13.<br/>열무김치*9.13.,쌀 : 국내산<br/>김치류 : 국내산<br/>고춧가루(김치류) : 국내산<br/>쇠고기(종류) : 국내산(한우)<br/>돼지고기 : 국내산<br/>닭고기 : 국내산<br/>오리고기 : 국내산<br/>쇠고기 식육가공품 : 국내산<br/>돼지고기 식육가공품 : 국내산<br/>닭고기 식육가공품 : 국내산<br/>오리고기 가공품 : 국내산<br/>낙지 : 국내산<br/>고등어 : 국내산<br/>갈치 : 국내산<br/>오징어 : 국내산<br/>꽃게 : 국내산<br/>참조기 : 국내산<br/>콩 : 국내산,691.4 Kcal,탄수화물(g) : 117.7<br/>단백질(g) : 46.0<br/>지방(g) : 9.4<br/>비타민A(R.E) : 429.9<br/>티아민(mg) : 0.9<br/>리보플라빈(mg) : 0.9<br/>비타민C(mg) : 45.3<br/>칼슘(mg) : 270.0<br/>철분(mg) : 4.3,20210409043017
B10,서울특별시교육청,7010073,당곡고등학교,2,중식,20210405,550.00,한우콩나물밥&양념장*5.6.16.<br/>새싹치즈케이크*1.2.5.6.<br/>돼지고기된장찌개*5.6.10.13.16.<br/>느타리초무침*5.6.13.<br/>버터플라이새우튀김&타르타르소1.5.6.9.<br/>배추김치*13.9.,쌀 : 국내산<br/>김치류 : 국내산<br/>고춧가루(김치류) : 국내산<br/>쇠고기(종류) : 국내산(한우)<br/>돼지고기 : 국내산<br/>닭고기 : 국내산<br/>오리고기 : 국내산<br/>쇠고기 식육가공품 : 국내산<br/>돼지고기 식육가공품 : 국내산<br/>닭고기 식육가공품 : 국내산<br/>오리고기 가공품 : 국내산<br/>낙지 : 국내산<br/>고등어 : 국내산<br/>갈치 : 국내산<br/>오징어 : 국내산<br/>꽃게 : 국내산<br/>참조기 : 국내산<br/>콩 : 국내산,740.4 Kcal,탄수화물(g) : 111.1<br/>단백질(g) : 32.9<br/>지방(g) : 22.4<br/>비타민A(R.E) : 1267.8<br/>티아민(mg) : 0.5<br/>리보플라빈(mg) : 0.8<br/>비타민C(mg) : 32.5<br/>칼슘(mg) : 224.4<br/>철분(mg) : 5.1,20210412043017
B10,서울특별시교육청,7010073,당곡고등학교,2,중식,20210406,530.00,친환경잡곡밥*5.<br/>근대된장국*5.6.13.<br/>동부묵김가루무침*5.6.13.<br/>닭볶음탕*5.6.13.<br/>배추김치*9.13.<br/>한라봉,쌀 : 국내산<br/>김치류 : 국내산<br/>고춧가루(김치류) : 국내산<br/>쇠고기(종류) : 국내산(한우)<br/>돼지고기 : 국내산<br/>닭고기 : 국내산<br/>오리고기 : 국내산<br/>쇠고기 식육가공품 : 국내산<br/>돼지고기 식육가공품 : 국내산<br/>닭고기 식육가공품 : 국내산<br/>오리고기 가공품 : 국내산<br/>낙지 : 국내산<br/>고등어 : 국내산<br/>갈치 : 국내산<br/>오징어 : 국내산<br/>꽃게 : 국내산<br/>참조기 : 국내산<br/>콩 : 국내산,669.5 Kcal,탄수화물(g) : 114.3<br/>단백질(g) : 36.6<br/>지방(g) : 12.0<br/>비타민A(R.E) : 476.8<br/>티아민(mg) : 0.6<br/>리보플라빈(mg) : 0.7<br/>비타민C(mg) : 62.6<br/>칼슘(mg) : 207.2<br/>철분(mg) : 3.9,20210413043514
B10,서울특별시교육청,7010073,당곡고등학교,2,중식,20210408,530.00,하이라이스*1.2.5.6.10.12.13.<br/>두부새우젓국*1.5.6.9.13.<br/>마늘쫑무침*5.<br/>에그토르티아*1.2.5.6.12.13.<br/>깍두기*9.13.<br/>매실음료*,쌀 : 국내산<br/>김치류 : 국내산<br/>고춧가루(김치류) : 국내산<br/>쇠고기(종류) : 국내산(한우)<br/>돼지고기 : 국내산<br/>닭고기 : 국내산<br/>오리고기 : 국내산<br/>쇠고기 식육가공품 : 국내산<br/>돼지고기 식육가공품 : 국내산<br/>닭고기 식육가공품 : 국내산<br/>오리고기 가공품 : 국내산<br/>낙지 : 국내산<br/>고등어 : 국내산<br/>갈치 : 국내산<br/>오징어 : 국내산<br/>꽃게 : 국내산<br/>참조기 : 국내산<br/>콩 : 국내산,828.1 Kcal,탄수화물(g) : 129.9<br/>단백질(g) : 33.9<br/>지방(g) : 21.2<br/>비타민A(R.E) : 346.8<br/>티아민(mg) : 0.5<br/>리보플라빈(mg) : 0.8<br/>비타민C(mg) : 26.3<br/>칼슘(mg) : 383.2<br/>철분(mg) : 13.2,20210415043053
B10,서울특별시교육청,7010073,당곡고등학교,2,중식,20210409,530.00,친환경차수수밥*<br/>한우조랭이떡국*1.5.6.13.16.<br/>미트볼데리야끼볶음*1.5.6.10.13.<br/>코다리무조림*5.6.13.<br/>쑥갓두부무침*5.6.13.<br/>백김치*9.13.,쌀 : 국내산<br/>김치류 : 국내산<br/>고춧가루(김치류) : 국내산<br/>쇠고기(종류) : 국내산(한우)<br/>돼지고기 : 국내산<br/>닭고기 : 국내산<br/>오리고기 : 국내산<br/>쇠고기 식육가공품 : 국내산<br/>돼지고기 식육가공품 : 국내산<br/>닭고기 식육가공품 : 국내산<br/>오리고기 가공품 : 국내산<br/>낙지 : 국내산<br/>고등어 : 국내산<br/>갈치 : 국내산<br/>오징어 : 국내산<br/>꽃게 : 국내산<br/>참조기 : 국내산<br/>콩 : 국내산,840.5 Kcal,탄수화물(g) : 132.4<br/>단백질(g) : 50.3<br/>지방(g) : 14.8<br/>비타민A(R.E) : 278.2<br/>티아민(mg) : 0.5<br/>리보플라빈(mg) : 0.8<br/>비타민C(mg) : 34.0<br/>칼슘(mg) : 291.9<br/>철분(mg) : 5.8,20210416043016
B10,서울특별시교육청,7010073,당곡고등학교,2,중식,20210412,560.00,토마토소스바게트샌드위치*1.2.5.6.10.12.13.15.16.<br/>쑥갓어묵국*1.5.6.13.<br/>콩나물무침*5.6.13.<br/>블루레몬에이드*1.3.<br/>한우불고기떡볶이*5.6.13.16.<br/>스틱단무지*,쌀 : 국내산<br/>김치류 : 국내산<br/>고춧가루(김치류) : 국내산<br/>쇠고기(종류) : 국내산(한우)<br/>돼지고기 : 국내산<br/>닭고기 : 국내산<br/>오리고기 : 국내산<br/>쇠고기 식육가공품 : 국내산<br/>돼지고기 식육가공품 : 국내산<br/>닭고기 식육가공품 : 국내산<br/>오리고기 가공품 : 국내산<br/>낙지 : 국내산<br/>고등어 : 국내산<br/>갈치 : 국내산<br/>오징어 : 국내산<br/>꽃게 : 국내산<br/>참조기 : 국내산<br/>콩 : 국내산,651.1 Kcal,탄수화물(g) : 106.7<br/>단백질(g) : 33.9<br/>지방(g) : 14.1<br/>비타민A(R.E) : 253.3<br/>티아민(mg) : 0.2<br/>리보플라빈(mg) : 0.6<br/>비타민C(mg) : 20.6<br/>칼슘(mg) : 245.7<br/>철분(mg) : 4.5,20210419043017
B10,서울특별시교육청,7010073,당곡고등학교,2,중식,20210413,540.00,친환경차조밥*<br/>북엇국*1.5.6.13.<br/>연근조림*5.6.13.<br/>도토리묵무침*5.6.13.<br/>매콤쭈꾸미돈육불고기*5.6.10.13.<br/>배추김치*9.13.,쌀 : 국내산<br/>김치류 : 국내산<br/>고춧가루(김치류) : 국내산<br/>쇠고기(종류) : 국내산(한우)<br/>돼지고기 : 국내산<br/>닭고기 : 국내산<br/>오리고기 : 국내산<br/>쇠고기 식육가공품 : 국내산<br/>돼지고기 식육가공품 : 국내산<br/>닭고기 식육가공품 : 국내산<br/>오리고기 가공품 : 국내산<br/>낙지 : 국내산<br/>고등어 : 국내산<br/>갈치 : 국내산<br/>오징어 : 국내산<br/>꽃게 : 국내산<br/>참조기 : 국내산<br/>콩 : 국내산,734.4 Kcal,탄수화물(g) : 132.7<br/>단백질(g) : 40.6<br/>지방(g) : 9.0<br/>비타민A(R.E) : 308.8<br/>티아민(mg) : 0.7<br/>리보플라빈(mg) : 1.0<br/>비타민C(mg) : 40.0<br/>칼슘(mg) : 226.6<br/>철분(mg) : 4.6,20210420043100
B10,서울특별시교육청,7010073,당곡고등학교,2,중식,20210414,540.00,친환경잡곡밥*5.<br/>한우육개장*5.6.13.<br/>햄감자채볶음*2.5.6.10.13.<br/>고추장삼치구이*5.6.13.<br/>배추김치*9.13.<br/>조미김*,쌀 : 국내산<br/>김치류 : 국내산<br/>고춧가루(김치류) : 국내산<br/>쇠고기(종류) : 국내산(한우)<br/>돼지고기 : 국내산<br/>닭고기 : 국내산<br/>오리고기 : 국내산<br/>쇠고기 식육가공품 : 국내산<br/>돼지고기 식육가공품 : 국내산<br/>닭고기 식육가공품 : 국내산<br/>오리고기 가공품 : 국내산<br/>낙지 : 국내산<br/>고등어 : 국내산<br/>갈치 : 국내산<br/>오징어 : 국내산<br/>꽃게 : 국내산<br/>참조기 : 국내산<br/>콩 : 국내산,580.4 Kcal,탄수화물(g) : 105.0<br/>단백질(g) : 31.0<br/>지방(g) : 9.6<br/>비타민A(R.E) : 316.3<br/>티아민(mg) : 0.5<br/>리보플라빈(mg) : 0.7<br/>비타민C(mg) : 28.9<br/>칼슘(mg) : 178.6<br/>철분(mg) : 4.1,20210421043017
B10,서울특별시교육청,7010073,당곡고등학교,2,중식,20210415,540.00,돈까스덮밥*1.2.5.6.7.10.13.18.<br/>팽이장국*5.6.13.<br/>타코야끼*2.5.6.12.13.16.18.<br/>깍두기*9.13.<br/>적포도*<br/>양배추샐러드&오렌지D*1.2.5.6.13.,쌀 : 국내산<br/>김치류 : 국내산<br/>고춧가루(김치류) : 국내산<br/>쇠고기(종류) : 국내산(한우)<br/>돼지고기 : 국내산<br/>닭고기 : 국내산<br/>오리고기 : 국내산<br/>쇠고기 식육가공품 : 국내산<br/>돼지고기 식육가공품 : 국내산<br/>닭고기 식육가공품 : 국내산<br/>오리고기 가공품 : 국내산<br/>낙지 : 국내산<br/>고등어 : 국내산<br/>갈치 : 국내산<br/>오징어 : 국내산<br/>꽃게 : 국내산<br/>참조기 : 국내산<br/>콩 : 국내산,1075.4 Kcal,탄수화물(g) : 145.1<br/>단백질(g) : 38.3<br/>지방(g) : 40.6<br/>비타민A(R.E) : 160.4<br/>티아민(mg) : 0.7<br/>리보플라빈(mg) : 0.7<br/>비타민C(mg) : 27.6<br/>칼슘(mg) : 247.4<br/>철분(mg) : 7.4,20210422043056
B10,서울특별시교육청,7010073,당곡고등학교,2,중식,20210416,540.00,친환경현미밥*<br/>가나슈초코타르트*1.2.5.6.<br/>들깨미역국*5.6.13.<br/>멸치견과류조림*4.5.6.13.<br/>매콤닭김치찜*9.13.15.<br/>파김치*9.13.,쌀 : 국내산<br/>김치류 : 국내산<br/>고춧가루(김치류) : 국내산<br/>쇠고기(종류) : 국내산(한우)<br/>돼지고기 : 국내산<br/>닭고기 : 국내산<br/>오리고기 : 국내산<br/>쇠고기 식육가공품 : 국내산<br/>돼지고기 식육가공품 : 국내산<br/>닭고기 식육가공품 : 국내산<br/>오리고기 가공품 : 국내산<br/>낙지 : 국내산<br/>고등어 : 국내산<br/>갈치 : 국내산<br/>오징어 : 국내산<br/>꽃게 : 국내산<br/>참조기 : 국내산<br/>콩 : 국내산,718.3 Kcal,탄수화물(g) : 109.3<br/>단백질(g) : 39.0<br/>지방(g) : 16.0<br/>비타민A(R.E) : 293.4<br/>티아민(mg) : 0.4<br/>리보플라빈(mg) : 0.4<br/>비타민C(mg) : 28.2<br/>칼슘(mg) : 308.6<br/>철분(mg) : 3.5,20210423043019
B10,서울특별시교육청,7010073,당곡고등학교,2,중식,20210419,540.00,김치무국*5.6.9.13.<br/>씨푸드갈릭볶음밥*1.2.5.6.9.12.13.17.18.<br/>목살스테이크*1.2.5.6.10.12.13.16.<br/>애플레몬에이드*<br/>견과발사믹샐러드*2.4.5.6.13.14.<br/>비트&오이피클*,쌀 : 국내산<br/>김치류 : 국내산<br/>고춧가루(김치류) : 국내산<br/>쇠고기(종류) : 국내산(한우)<br/>돼지고기 : 국내산<br/>닭고기 : 국내산<br/>오리고기 : 국내산<br/>쇠고기 식육가공품 : 국내산<br/>돼지고기 식육가공품 : 국내산<br/>닭고기 식육가공품 : 국내산<br/>오리고기 가공품 : 국내산<br/>낙지 : 국내산<br/>고등어 : 국내산<br/>갈치 : 국내산<br/>오징어 : 국내산<br/>꽃게 : 국내산<br/>참조기 : 국내산<br/>콩 : 국내산,858.3 Kcal,탄수화물(g) : 97.0<br/>단백질(g) : 43.2<br/>지방(g) : 34.7<br/>비타민A(R.E) : 155.9<br/>티아민(mg) : 1.1<br/>리보플라빈(mg) : 0.6<br/>비타민C(mg) : 21.3<br/>칼슘(mg) : 202.4<br/>철분(mg) : 5.0,20210426043019
B10,서울특별시교육청,7010073,당곡고등학교,2,중식,20210420,520.00,친환경잡곡밥*5.<br/>김치버섯수제비국*5.6.9.13.<br/>동파육*13.18.5.6.10.<br/>씀바귀된장무침*5.6.<br/>명엽채고추장볶음*1.5.6.13.<br/>섞박지*9.13.,쌀 : 국내산<br/>김치류 : 국내산<br/>고춧가루(김치류) : 국내산<br/>쇠고기(종류) : 국내산(한우)<br/>돼지고기 : 국내산<br/>닭고기 : 국내산<br/>오리고기 : 국내산<br/>쇠고기 식육가공품 : 국내산<br/>돼지고기 식육가공품 : 국내산<br/>닭고기 식육가공품 : 국내산<br/>오리고기 가공품 : 국내산<br/>낙지 : 국내산<br/>고등어 : 국내산<br/>갈치 : 국내산<br/>오징어 : 국내산<br/>꽃게 : 국내산<br/>참조기 : 국내산<br/>콩 : 국내산,830.7 Kcal,탄수화물(g) : 116.6<br/>단백질(g) : 60.2<br/>지방(g) : 16.0<br/>비타민A(R.E) : 240.6<br/>티아민(mg) : 1.2<br/>리보플라빈(mg) : 0.8<br/>비타민C(mg) : 23.0<br/>칼슘(mg) : 294.0<br/>철분(mg) : 5.0,20210427043041
B10,서울특별시교육청,7010073,당곡고등학교,2,중식,20210421,520.00,친환경현미밥*<br/>돈등뼈감자탕*5.6.9.10.13.18.<br/>고추잡채&꽃빵*1.2.5.6.10.13.<br/>장어까츠&데리야끼소스*5.6.<br/>총각김치*9.13.,쌀 : 국내산<br/>김치류 : 국내산<br/>고춧가루(김치류) : 국내산<br/>쇠고기(종류) : 국내산(한우)<br/>돼지고기 : 국내산<br/>닭고기 : 국내산<br/>오리고기 : 국내산<br/>쇠고기 식육가공품 : 국내산<br/>돼지고기 식육가공품 : 국내산<br/>닭고기 식육가공품 : 국내산<br/>오리고기 가공품 : 국내산<br/>낙지 : 국내산<br/>고등어 : 국내산<br/>갈치 : 국내산<br/>오징어 : 국내산<br/>꽃게 : 국내산<br/>참조기 : 국내산<br/>콩 : 국내산,757.7 Kcal,탄수화물(g) : 127.0<br/>단백질(g) : 45.4<br/>지방(g) : 9.8<br/>비타민A(R.E) : 349.9<br/>티아민(mg) : 0.7<br/>리보플라빈(mg) : 0.8<br/>비타민C(mg) : 33.0<br/>칼슘(mg) : 226.6<br/>철분(mg) : 4.9,20210428043019
B10,서울특별시교육청,7010073,당곡고등학교,2,중식,20210422,520.00,추가밥*<br/>얼큰닭다리칼국수*5.6.9.13.15.18.<br/>냉이무침*5.6.13.<br/>콘치즈오븐구이*1.2.5.6.13.<br/>겉절이*9.13.<br/>우리쌀식혜*,쌀 : 국내산<br/>김치류 : 국내산<br/>고춧가루(김치류) : 국내산<br/>쇠고기(종류) : 국내산(한우)<br/>돼지고기 : 국내산<br/>닭고기 : 국내산<br/>오리고기 : 국내산<br/>쇠고기 식육가공품 : 국내산<br/>돼지고기 식육가공품 : 국내산<br/>닭고기 식육가공품 : 국내산<br/>오리고기 가공품 : 국내산<br/>낙지 : 국내산<br/>고등어 : 국내산<br/>갈치 : 국내산<br/>오징어 : 국내산<br/>꽃게 : 국내산<br/>참조기 : 국내산<br/>콩 : 국내산,864.0 Kcal,탄수화물(g) : 124.4<br/>단백질(g) : 42.5<br/>지방(g) : 23.1<br/>비타민A(R.E) : 340.7<br/>티아민(mg) : 0.5<br/>리보플라빈(mg) : 0.6<br/>비타민C(mg) : 32.0<br/>칼슘(mg) : 516.5<br/>철분(mg) : 9.4,20210429043050
B10,서울특별시교육청,7010073,당곡고등학교,2,중식,20210423,520.00,친환경칼슘기장밥*<br/>바지락조개탕*5.6.18.<br/>두부조림*5.6.13.<br/>돼지고기바베큐소스볶음*5.6.10.12.13.<br/>배추김치*9.13.<br/>키위*,쌀 : 국내산<br/>김치류 : 국내산<br/>고춧가루(김치류) : 국내산<br/>쇠고기(종류) : 국내산(한우)<br/>돼지고기 : 국내산<br/>닭고기 : 국내산<br/>오리고기 : 국내산<br/>쇠고기 식육가공품 : 국내산<br/>돼지고기 식육가공품 : 국내산<br/>닭고기 식육가공품 : 국내산<br/>오리고기 가공품 : 국내산<br/>낙지 : 국내산<br/>고등어 : 국내산<br/>갈치 : 국내산<br/>오징어 : 국내산<br/>꽃게 : 국내산<br/>참조기 : 국내산<br/>콩 : 국내산,786.5 Kcal,탄수화물(g) : 115.2<br/>단백질(g) : 53.9<br/>지방(g) : 13.4<br/>비타민A(R.E) : 64.7<br/>티아민(mg) : 0.9<br/>리보플라빈(mg) : 0.9<br/>비타민C(mg) : 63.8<br/>칼슘(mg) : 289.2<br/>철분(mg) : 8.9,20210430043018
B10,서울특별시교육청,7010073,당곡고등학교,2,중식,20210426,540.00,친환경현미밥*<br/>순댓국(大)*6.9.10.13.<br/>고사리나물*5.6.<br/>고추참치야채볶음*5.6.9.13.<br/>임연수카레구이*2.5.6.12.13.16.18.<br/>섞박지*9.13.,쌀 : 국내산<br/>김치류 : 국내산<br/>고춧가루(김치류) : 국내산<br/>쇠고기(종류) : 국내산(한우)<br/>돼지고기 : 국내산<br/>닭고기 : 국내산<br/>오리고기 : 국내산<br/>쇠고기 식육가공품 : 국내산<br/>돼지고기 식육가공품 : 국내산<br/>닭고기 식육가공품 : 국내산<br/>오리고기 가공품 : 국내산<br/>낙지 : 국내산<br/>고등어 : 국내산<br/>갈치 : 국내산<br/>오징어 : 국내산<br/>꽃게 : 국내산<br/>참조기 : 국내산<br/>콩 : 국내산,887.6 Kcal,탄수화물(g) : 132.0<br/>단백질(g) : 42.9<br/>지방(g) : 24.0<br/>비타민A(R.E) : 410.7<br/>티아민(mg) : 0.5<br/>리보플라빈(mg) : 0.8<br/>비타민C(mg) : 32.6<br/>칼슘(mg) : 267.5<br/>철분(mg) : 12.4,20210503043028
B10,서울특별시교육청,7010073,당곡고등학교,2,중식,20210427,520.00,돈육필라프*2.5.6.10.13.<br/>매콤콩나물국*5.6.13.<br/>부추무침*5.6.13.<br/>치킨스낵랩*1.2.5.6.13.15.18.<br/>깍두기*9.13.<br/>꿀호두*14.,쌀 : 국내산<br/>김치류 : 국내산<br/>고춧가루(김치류) : 국내산<br/>쇠고기(종류) : 국내산(한우)<br/>돼지고기 : 국내산<br/>닭고기 : 국내산<br/>오리고기 : 국내산<br/>쇠고기 식육가공품 : 국내산<br/>돼지고기 식육가공품 : 국내산<br/>닭고기 식육가공품 : 국내산<br/>오리고기 가공품 : 국내산<br/>낙지 : 국내산<br/>고등어 : 국내산<br/>갈치 : 국내산<br/>오징어 : 국내산<br/>꽃게 : 국내산<br/>참조기 : 국내산<br/>콩 : 국내산,911.1 Kcal,탄수화물(g) : 126.2<br/>단백질(g) : 38.6<br/>지방(g) : 32.5<br/>비타민A(R.E) : 159.0<br/>티아민(mg) : 0.7<br/>리보플라빈(mg) : 0.6<br/>비타민C(mg) : 36.8<br/>칼슘(mg) : 181.8<br/>철분(mg) : 3.7,20210504043049
B10,서울특별시교육청,7010073,당곡고등학교,2,중식,20210506,515.00,추가밥*<br/>짜장면*1.2.5.6.10.13.<br/>짬뽕국*6.9.13.17.18.<br/>반달단무지무침*<br/>탕수육*5.6.10.16.<br/>배추김치*9.13.<br/>오이고추쌈장무침*5.6.13.,쌀 : 국내산<br/>김치류 : 국내산<br/>고춧가루(김치류) : 국내산<br/>쇠고기(종류) : 국내산(한우)<br/>돼지고기 : 국내산<br/>닭고기 : 국내산<br/>오리고기 : 국내산<br/>쇠고기 식육가공품 : 국내산<br/>돼지고기 식육가공품 : 국내산<br/>닭고기 식육가공품 : 국내산<br/>오리고기 가공품 : 국내산<br/>낙지 : 국내산<br/>고등어 : 국내산<br/>갈치 : 국내산<br/>오징어 : 국내산<br/>꽃게 : 국내산<br/>참조기 : 국내산<br/>콩 : 국내산,810.9 Kcal,탄수화물(g) : 137.3<br/>단백질(g) : 33.0<br/>지방(g) : 17.9<br/>비타민A(R.E) : 260.7<br/>티아민(mg) : 0.5<br/>리보플라빈(mg) : 1.8<br/>비타민C(mg) : 38.2<br/>칼슘(mg) : 393.7<br/>철분(mg) : 8.8,20210513043058
B10,서울특별시교육청,7010073,당곡고등학교,2,중식,20210507,515.00,햄김치볶음밥*2.5.6.9.10.13.<br/>달걀팟국*1.5.6.9.13.<br/>시금치무침*5.6.13.<br/>한돈떡갈비구이*1.5.6.10.<br/>깍두기*9.13.<br/>샤인머스켓*,쌀 : 국내산<br/>김치류 : 국내산<br/>고춧가루(김치류) : 국내산<br/>쇠고기(종류) : 국내산(한우)<br/>돼지고기 : 국내산<br/>닭고기 : 국내산<br/>오리고기 : 국내산<br/>쇠고기 식육가공품 : 국내산<br/>돼지고기 식육가공품 : 국내산<br/>닭고기 식육가공품 : 국내산<br/>오리고기 가공품 : 국내산<br/>낙지 : 국내산<br/>고등어 : 국내산<br/>갈치 : 국내산<br/>오징어 : 국내산<br/>꽃게 : 국내산<br/>참조기 : 국내산<br/>콩 : 국내산,812.6 Kcal,탄수화물(g) : 106.8<br/>단백질(g) : 42.8<br/>지방(g) : 28.6<br/>비타민A(R.E) : 602.5<br/>티아민(mg) : 0.8<br/>리보플라빈(mg) : 0.8<br/>비타민C(mg) : 40.1<br/>칼슘(mg) : 251.0<br/>철분(mg) : 6.0,20210514060512
B10,서울특별시교육청,7010073,당곡고등학교,2,중식,20210512,535.00,친환경잡곡밥*5.<br/>쫄면야채무침*5.6.<br/>호박감자된장찌개*5.6.13.<br/>삼겹살구이10.13.<br/>배추김치*9.13.<br/>스테비아토마토*12.<br/>쌈상추&쌈장*5.6.13.,쌀 : 국내산<br/>김치류 : 국내산<br/>고춧가루(김치류) : 국내산<br/>쇠고기(종류) : 국내산(한우)<br/>돼지고기 : 국내산<br/>닭고기 : 국내산<br/>오리고기 : 국내산<br/>쇠고기 식육가공품 : 국내산<br/>돼지고기 식육가공품 : 국내산<br/>닭고기 식육가공품 : 국내산<br/>오리고기 가공품 : 국내산<br/>낙지 : 국내산<br/>고등어 : 국내산<br/>갈치 : 국내산<br/>오징어 : 국내산<br/>꽃게 : 국내산<br/>참조기 : 국내산<br/>콩 : 국내산,947.5 Kcal,탄수화물(g) : 133.5<br/>단백질(g) : 49.0<br/>지방(g) : 26.1<br/>비타민A(R.E) : 317.3<br/>티아민(mg) : 1.2<br/>리보플라빈(mg) : 0.6<br/>비타민C(mg) : 27.1<br/>칼슘(mg) : 222.8<br/>철분(mg) : 5.2,20210519043017
B10,서울특별시교육청,7010073,당곡고등학교,2,중식,20210513,515.00,친환경흑미밥*<br/>얼큰한우시래기국*5.6.13.16.<br/>참나물무침*5.6.13.<br/>베이컨감자채볶음*2.5.6.10.13.<br/>매실된장고등어구이*7.<br/>배추김치*9.13.<br/>오렌지*,쌀 : 국내산<br/>김치류 : 국내산<br/>고춧가루(김치류) : 국내산<br/>쇠고기(종류) : 국내산(한우)<br/>돼지고기 : 국내산<br/>닭고기 : 국내산<br/>오리고기 : 국내산<br/>쇠고기 식육가공품 : 국내산<br/>돼지고기 식육가공품 : 국내산<br/>닭고기 식육가공품 : 국내산<br/>오리고기 가공품 : 국내산<br/>낙지 : 국내산<br/>고등어 : 국내산<br/>갈치 : 국내산<br/>오징어 : 국내산<br/>꽃게 : 국내산<br/>참조기 : 국내산<br/>콩 : 국내산,572.0 Kcal,탄수화물(g) : 87.6<br/>단백질(g) : 31.1<br/>지방(g) : 12.8<br/>비타민A(R.E) : 248.8<br/>티아민(mg) : 0.4<br/>리보플라빈(mg) : 0.4<br/>비타민C(mg) : 51.8<br/>칼슘(mg) : 220.0<br/>철분(mg) : 4.2,20210520043059
B10,서울특별시교육청,7010073,당곡고등학교,2,중식,20210514,515.00,친환경현미밥*<br/>스승의날케이크*1.2.5.6.10.<br/>북엇국*1.5.6.13.<br/>취나물된장무침*5.6.13.<br/>명엽채견과류볶음*1.4.5.13.<br/>불닭&스노우치즈*2.5.6.13.15.<br/>열무김치*9.13.,쌀 : 국내산<br/>김치류 : 국내산<br/>고춧가루(김치류) : 국내산<br/>쇠고기(종류) : 국내산(한우)<br/>돼지고기 : 국내산<br/>닭고기 : 국내산<br/>오리고기 : 국내산<br/>쇠고기 식육가공품 : 국내산<br/>돼지고기 식육가공품 : 국내산<br/>닭고기 식육가공품 : 국내산<br/>오리고기 가공품 : 국내산<br/>낙지 : 국내산<br/>고등어 : 국내산<br/>갈치 : 국내산<br/>오징어 : 국내산<br/>꽃게 : 국내산<br/>참조기 : 국내산<br/>콩 : 국내산,901.4 Kcal,탄수화물(g) : 109.6<br/>단백질(g) : 72.3<br/>지방(g) : 14.5<br/>비타민A(R.E) : 332.1<br/>티아민(mg) : 0.6<br/>리보플라빈(mg) : 0.7<br/>비타민C(mg) : 14.5<br/>칼슘(mg) : 404.3<br/>철분(mg) : 5.2,20210521043021
B10,서울특별시교육청,7010073,당곡고등학교,2,중식,20210517,530.00,친환경칼슘기장밥*<br/>미니우동*1.2.5.6.9.13.16.<br/>두릅초무침*5.6.13.<br/>안심까스&브라운소스&고추냉이*1.2.5.6.10.12.13.<br/>깍두기*9.13.<br/>요구르트*2.,쌀 : 국내산<br/>김치류 : 국내산<br/>고춧가루(김치류) : 국내산<br/>쇠고기(종류) : 국내산(한우)<br/>돼지고기 : 국내산<br/>닭고기 : 국내산<br/>오리고기 : 국내산<br/>쇠고기 식육가공품 : 국내산<br/>돼지고기 식육가공품 : 국내산<br/>닭고기 식육가공품 : 국내산<br/>오리고기 가공품 : 국내산<br/>낙지 : 국내산<br/>고등어 : 국내산<br/>갈치 : 국내산<br/>오징어 : 국내산<br/>꽃게 : 국내산<br/>참조기 : 국내산<br/>콩 : 국내산,745.8 Kcal,탄수화물(g) : 122.4<br/>단백질(g) : 40.4<br/>지방(g) : 11.4<br/>비타민A(R.E) : 241.6<br/>티아민(mg) : 1.1<br/>리보플라빈(mg) : 0.7<br/>비타민C(mg) : 9.5<br/>칼슘(mg) : 322.7<br/>철분(mg) : 3.3,20210524043019
B10,서울특별시교육청,7010073,당곡고등학교,2,중식,20210518,510.00,친환경잡곡밥*5.<br/>한우떡국*1.5.6.13.16.<br/>고사리나물*5.6.<br/>두부너겟&머스터드*1.2.5.6.13.<br/>매콤연어스테이크*2.5.6.12.16.<br/>배추김치*9.13.<br/>사과*,쌀 : 국내산<br/>김치류 : 국내산<br/>고춧가루(김치류) : 국내산<br/>쇠고기(종류) : 국내산(한우)<br/>돼지고기 : 국내산<br/>닭고기 : 국내산<br/>오리고기 : 국내산<br/>쇠고기 식육가공품 : 국내산<br/>돼지고기 식육가공품 : 국내산<br/>닭고기 식육가공품 : 국내산<br/>오리고기 가공품 : 국내산<br/>낙지 : 국내산<br/>고등어 : 국내산<br/>갈치 : 국내산<br/>오징어 : 국내산<br/>꽃게 : 국내산<br/>참조기 : 국내산<br/>콩 : 국내산,631.3 Kcal,탄수화물(g) : 96.5<br/>단백질(g) : 39.7<br/>지방(g) : 13.6<br/>비타민A(R.E) : 216.8<br/>티아민(mg) : 0.3<br/>리보플라빈(mg) : 0.5<br/>비타민C(mg) : 11.8<br/>칼슘(mg) : 200.2<br/>철분(mg) : 4.6,20210525043055
B10,서울특별시교육청,7010073,당곡고등학교,2,중식,20210520,520.00,추가밥*<br/>얼큰해물토마토파스타*1.2.5.6.9.10.12.13.15.16.17.18.<br/>브로콜리스프*2.5.6.13.<br/>오이무침*5.6.13.<br/>스틱마늘빵*2.5.6.16.<br/>망고*<br/>스틱단무지*,쌀 : 국내산<br/>김치류 : 국내산<br/>고춧가루(김치류) : 국내산<br/>쇠고기(종류) : 국내산(한우)<br/>돼지고기 : 국내산<br/>닭고기 : 국내산<br/>오리고기 : 국내산<br/>쇠고기 식육가공품 : 국내산<br/>돼지고기 식육가공품 : 국내산<br/>닭고기 식육가공품 : 국내산<br/>오리고기 가공품 : 국내산<br/>낙지 : 국내산<br/>고등어 : 국내산<br/>갈치 : 국내산<br/>오징어 : 국내산<br/>꽃게 : 국내산<br/>참조기 : 국내산<br/>콩 : 국내산,761.0 Kcal,탄수화물(g) : 124.7<br/>단백질(g) : 28.6<br/>지방(g) : 18.4<br/>비타민A(R.E) : 302.8<br/>티아민(mg) : 0.3<br/>리보플라빈(mg) : 0.4<br/>비타민C(mg) : 28.7<br/>칼슘(mg) : 188.1<br/>철분(mg) : 5.2,20210527043059
B10,서울특별시교육청,7010073,당곡고등학교,2,중식,20210521,520.00,친환경현미밥*<br/>얼갈이된장국*5.6.13.<br/>순살찜닭&스노우치즈*2.5.6.8.13.15.<br/>실곤약야채무침*5.6.13.<br/>새송이굴소스볶음*5.6.13.18.<br/>배추김치*9.13.<br/>초코쿠키1.5.6.2.13.,쌀 : 국내산<br/>김치류 : 국내산<br/>고춧가루(김치류) : 국내산<br/>쇠고기(종류) : 국내산(한우)<br/>돼지고기 : 국내산<br/>닭고기 : 국내산<br/>오리고기 : 국내산<br/>쇠고기 식육가공품 : 국내산<br/>돼지고기 식육가공품 : 국내산<br/>닭고기 식육가공품 : 국내산<br/>오리고기 가공품 : 국내산<br/>낙지 : 국내산<br/>고등어 : 국내산<br/>갈치 : 국내산<br/>오징어 : 국내산<br/>꽃게 : 국내산<br/>참조기 : 국내산<br/>콩 : 국내산,1018.4 Kcal,탄수화물(g) : 155.6<br/>단백질(g) : 53.5<br/>지방(g) : 23.7<br/>비타민A(R.E) : 340.0<br/>티아민(mg) : 0.6<br/>리보플라빈(mg) : 0.7<br/>비타민C(mg) : 19.5<br/>칼슘(mg) : 373.7<br/>철분(mg) : 4.5,20210528043020
B10,서울특별시교육청,7010073,당곡고등학교,2,중식,20210524,530.00,추가밥*<br/>한우쌀국수*5.6.13.16.<br/>양파절임*13.<br/>버터플라이새우튀김&타르타르소1.5.6.9.<br/>배추김치*9.13.<br/>블랙사파이어포도*,쌀 : 국내산<br/>김치류 : 국내산<br/>고춧가루(김치류) : 국내산<br/>쇠고기(종류) : 국내산(한우)<br/>돼지고기 : 국내산<br/>닭고기 : 국내산<br/>오리고기 : 국내산<br/>쇠고기 식육가공품 : 국내산<br/>돼지고기 식육가공품 : 국내산<br/>닭고기 식육가공품 : 국내산<br/>오리고기 가공품 : 국내산<br/>낙지 : 국내산<br/>고등어 : 국내산<br/>갈치 : 국내산<br/>오징어 : 국내산<br/>꽃게 : 국내산<br/>참조기 : 국내산<br/>콩 : 국내산,1007.6 Kcal,탄수화물(g) : 180.2<br/>단백질(g) : 34.9<br/>지방(g) : 16.6<br/>비타민A(R.E) : 1130.2<br/>티아민(mg) : 0.9<br/>리보플라빈(mg) : 0.4<br/>비타민C(mg) : 21.5<br/>칼슘(mg) : 200.3<br/>철분(mg) : 5.3,20210531043029
B10,서울특별시교육청,7010073,당곡고등학교,2,중식,20210525,510.00,친환경현미밥*<br/>순두부백탕*1.5.6.9.13.18.<br/>도토리묵무침*5.6.13.<br/>닭볶음탕*5.6.13.<br/>마늘쫑건새우볶음*5.6.9.13.<br/>배추김치*9.13.<br/>군옥수수아몬드*,쌀 : 국내산<br/>김치류 : 국내산<br/>고춧가루(김치류) : 국내산<br/>쇠고기(종류) : 국내산(한우)<br/>돼지고기 : 국내산<br/>닭고기 : 국내산<br/>오리고기 : 국내산<br/>쇠고기 식육가공품 : 국내산<br/>돼지고기 식육가공품 : 국내산<br/>닭고기 식육가공품 : 국내산<br/>오리고기 가공품 : 국내산<br/>낙지 : 국내산<br/>고등어 : 국내산<br/>갈치 : 국내산<br/>오징어 : 국내산<br/>꽃게 : 국내산<br/>참조기 : 국내산<br/>콩 : 국내산,731.2 Kcal,탄수화물(g) : 117.7<br/>단백질(g) : 40.0<br/>지방(g) : 16.4<br/>비타민A(R.E) : 340.3<br/>티아민(mg) : 0.5<br/>리보플라빈(mg) : 0.8<br/>비타민C(mg) : 44.0<br/>칼슘(mg) : 263.9<br/>철분(mg) : 5.5,20210601043108
B10,서울특별시교육청,7010073,당곡고등학교,2,중식,20210526,510.00,친환경차수수밥*<br/>근대된장국*5.6.13.<br/>브로콜리&콜리플라워초무침*5.6.13.<br/>파래김볶음*5.13.<br/>돼지고기김치두루치기*5.6.9.10.13.<br/>배추김치*9.13.,쌀 : 국내산<br/>김치류 : 국내산<br/>고춧가루(김치류) : 국내산<br/>쇠고기(종류) : 국내산(한우)<br/>돼지고기 : 국내산<br/>닭고기 : 국내산<br/>오리고기 : 국내산<br/>쇠고기 식육가공품 : 국내산<br/>돼지고기 식육가공품 : 국내산<br/>닭고기 식육가공품 : 국내산<br/>오리고기 가공품 : 국내산<br/>낙지 : 국내산<br/>고등어 : 국내산<br/>갈치 : 국내산<br/>오징어 : 국내산<br/>꽃게 : 국내산<br/>참조기 : 국내산<br/>콩 : 국내산,669.6 Kcal,탄수화물(g) : 107.9<br/>단백질(g) : 45.0<br/>지방(g) : 11.2<br/>비타민A(R.E) : 383.3<br/>티아민(mg) : 1.0<br/>리보플라빈(mg) : 0.8<br/>비타민C(mg) : 45.6<br/>칼슘(mg) : 252.9<br/>철분(mg) : 5.2,20210602
B10,서울특별시교육청,7010073,당곡고등학교,2,중식,20210527,510.00,베이컨시금치볶음밥*1.2.5.6.10.13.<br/>유부우동장국*1.2.5.6.9.13.16.<br/>달다리살스테이크*5.15.16.<br/>깍두기*9.13.<br/>블루레몬에이드*1.3.<br/>모짜렐라바질샐러드*2.12.13.,쌀 : 국내산<br/>김치류 : 국내산<br/>고춧가루(김치류) : 국내산<br/>쇠고기(종류) : 국내산(한우)<br/>돼지고기 : 국내산<br/>닭고기 : 국내산<br/>오리고기 : 국내산<br/>쇠고기 식육가공품 : 국내산<br/>돼지고기 식육가공품 : 국내산<br/>닭고기 식육가공품 : 국내산<br/>오리고기 가공품 : 국내산<br/>낙지 : 국내산<br/>고등어 : 국내산<br/>갈치 : 국내산<br/>오징어 : 국내산<br/>꽃게 : 국내산<br/>참조기 : 국내산<br/>콩 : 국내산,814.1 Kcal,탄수화물(g) : 86.5<br/>단백질(g) : 45.2<br/>지방(g) : 33.9<br/>비타민A(R.E) : 365.4<br/>티아민(mg) : 0.4<br/>리보플라빈(mg) : 0.5<br/>비타민C(mg) : 48.2<br/>칼슘(mg) : 503.7<br/>철분(mg) : 3.7,20210603
B10,서울특별시교육청,7010073,당곡고등학교,2,중식,20210528,510.00,친환경잡곡밥*5.<br/>부대찌개&라면사리*1.2.5.6.9.10.12.13.16.<br/>가죽나물초무침*5.6.13.<br/>치폴레명태까스*1.2.5.6.12.16.<br/>섞박지*9.13.<br/>바나나*,쌀 : 국내산<br/>김치류 : 국내산<br/>고춧가루(김치류) : 국내산<br/>쇠고기(종류) : 국내산(한우)<br/>돼지고기 : 국내산<br/>닭고기 : 국내산<br/>오리고기 : 국내산<br/>쇠고기 식육가공품 : 국내산<br/>돼지고기 식육가공품 : 국내산<br/>닭고기 식육가공품 : 국내산<br/>오리고기 가공품 : 국내산<br/>낙지 : 국내산<br/>고등어 : 국내산<br/>갈치 : 국내산<br/>오징어 : 국내산<br/>꽃게 : 국내산<br/>참조기 : 국내산<br/>콩 : 국내산,774.7 Kcal,탄수화물(g) : 129.8<br/>단백질(g) : 40.2<br/>지방(g) : 13.3<br/>비타민A(R.E) : 130.8<br/>티아민(mg) : 0.6<br/>리보플라빈(mg) : 0.8<br/>비타민C(mg) : 36.1<br/>칼슘(mg) : 307.4<br/>철분(mg) : 3.4,20210604
B10,서울특별시교육청,7010073,당곡고등학교,2,중식,20210531,530.00,치킨마요덮밥*1.5.6.13.<br/>아욱된장국*5.6.13.18.<br/>무나물들깨볶음*<br/>타코야끼*2.5.6.12.13.16.18.<br/>배추김치*9.13.<br/>딸기오믈렛*1.2.5.6.,쌀 : 국내산<br/>김치류 : 국내산<br/>고춧가루(김치류) : 국내산<br/>쇠고기(종류) : 국내산(한우)<br/>돼지고기 : 국내산<br/>닭고기 : 국내산<br/>오리고기 : 국내산<br/>쇠고기 식육가공품 : 국내산<br/>돼지고기 식육가공품 : 국내산<br/>닭고기 식육가공품 : 국내산<br/>오리고기 가공품 : 국내산<br/>낙지 : 국내산<br/>고등어 : 국내산<br/>갈치 : 국내산<br/>오징어 : 국내산<br/>꽃게 : 국내산<br/>참조기 : 국내산<br/>콩 : 국내산,754.8 Kcal,탄수화물(g) : 106.1<br/>단백질(g) : 32.9<br/>지방(g) : 25.5<br/>비타민A(R.E) : 527.6<br/>티아민(mg) : 0.8<br/>리보플라빈(mg) : 0.9<br/>비타민C(mg) : 30.0<br/>칼슘(mg) : 323.8<br/>철분(mg) : 7.4,20210607
B10,서울특별시교육청,7010073,당곡고등학교,2,중식,20210601,510.00,친환경현미밥*<br/>매콤해물볶음우동*5.6.9.13.17.<br/>바지락콩비지찌개*5.6.9.13.18.<br/>바베큐폭립*5.6.10.12.13.14.16.18.<br/>우엉호두조림*5.6.13.14.<br/>깍두기*9.13.<br/>사과*,쌀 : 국내산<br/>김치류 : 국내산<br/>고춧가루(김치류) : 국내산<br/>쇠고기(종류) : 국내산(한우)<br/>돼지고기 : 국내산<br/>닭고기 : 국내산<br/>오리고기 : 국내산<br/>쇠고기 식육가공품 : 국내산<br/>돼지고기 식육가공품 : 국내산<br/>닭고기 식육가공품 : 국내산<br/>오리고기 가공품 : 국내산<br/>낙지 : 국내산<br/>고등어 : 국내산<br/>갈치 : 국내산<br/>오징어 : 국내산<br/>꽃게 : 국내산<br/>참조기 : 국내산<br/>콩 : 국내산,929.6 Kcal,탄수화물(g) : 149.8<br/>단백질(g) : 40.6<br/>지방(g) : 21.1<br/>비타민A(R.E) : 187.6<br/>티아민(mg) : 0.7<br/>리보플라빈(mg) : 0.5<br/>비타민C(mg) : 44.9<br/>칼슘(mg) : 290.9<br/>철분(mg) : 8.4,20210608
B10,서울특별시교육청,7010073,당곡고등학교,2,중식,20210602,510.00,친환경현미밥*<br/>닭다리닭곰탕*13.15.<br/>도토리묵무침*5.6.13.<br/>애호박새우젓볶음*9.13.<br/>김치해물파전*1.5.6.9.17.<br/>파김치*9.13.<br/>소다맛쭈쭈바*1.2.5.,쌀 : 국내산<br/>김치류 : 국내산<br/>고춧가루(김치류) : 국내산<br/>쇠고기(종류) : 국내산(한우)<br/>돼지고기 : 국내산<br/>닭고기 : 국내산<br/>오리고기 : 국내산<br/>쇠고기 식육가공품 : 국내산<br/>돼지고기 식육가공품 : 국내산<br/>닭고기 식육가공품 : 국내산<br/>오리고기 가공품 : 국내산<br/>낙지 : 국내산<br/>고등어 : 국내산<br/>갈치 : 국내산<br/>오징어 : 국내산<br/>꽃게 : 국내산<br/>참조기 : 국내산<br/>콩 : 국내산,826.8 Kcal,탄수화물(g) : 123.3<br/>단백질(g) : 41.4<br/>지방(g) : 20.2<br/>비타민A(R.E) : 286.7<br/>티아민(mg) : 0.4<br/>리보플라빈(mg) : 0.6<br/>비타민C(mg) : 13.0<br/>칼슘(mg) : 206.6<br/>철분(mg) : 3.9,20210609
B10,서울특별시교육청,7010073,당곡고등학교,2,중식,20210603,510.00,추가밥*<br/>얼큰바지락칼국수*5.6.9.13.15.18.<br/>곤드레들깨볶음*<br/>매콤닭떡갈비&파채소스*1.2.5.6.10.13.15.16.18.<br/>겉절이*9.13.<br/>바나나*,쌀 : 국내산<br/>김치류 : 국내산<br/>고춧가루(김치류) : 국내산<br/>쇠고기(종류) : 국내산(한우)<br/>돼지고기 : 국내산<br/>닭고기 : 국내산<br/>오리고기 : 국내산<br/>쇠고기 식육가공품 : 국내산<br/>돼지고기 식육가공품 : 국내산<br/>닭고기 식육가공품 : 국내산<br/>오리고기 가공품 : 국내산<br/>낙지 : 국내산<br/>고등어 : 국내산<br/>갈치 : 국내산<br/>오징어 : 국내산<br/>꽃게 : 국내산<br/>참조기 : 국내산<br/>콩 : 국내산,832.1 Kcal,탄수화물(g) : 128.3<br/>단백질(g) : 33.8<br/>지방(g) : 21.4<br/>비타민A(R.E) : 256.0<br/>티아민(mg) : 0.7<br/>리보플라빈(mg) : 0.4<br/>비타민C(mg) : 12.1<br/>칼슘(mg) : 227.7<br/>철분(mg) : 6.3,20210610
B10,서울특별시교육청,7010073,당곡고등학교,2,중식,20210604,510.00,친환경잡곡밥*5.<br/>치즈이글루케익*1.2.5.6.10.<br/>돼지김치찌개*1.5.6.9.10.13.<br/>부추무생채*1.2.5.6.13.<br/>날치알달걀찜*1.13.<br/>고등어구이*6.7.13.<br/>오이김치*9.13.18.,쌀 : 국내산<br/>김치류 : 국내산<br/>고춧가루(김치류) : 국내산<br/>쇠고기(종류) : 국내산(한우)<br/>돼지고기 : 국내산<br/>닭고기 : 국내산<br/>오리고기 : 국내산<br/>쇠고기 식육가공품 : 국내산<br/>돼지고기 식육가공품 : 국내산<br/>닭고기 식육가공품 : 국내산<br/>오리고기 가공품 : 국내산<br/>낙지 : 국내산<br/>고등어 : 국내산<br/>갈치 : 국내산<br/>오징어 : 국내산<br/>꽃게 : 국내산<br/>참조기 : 국내산<br/>콩 : 국내산,806.7 Kcal,탄수화물(g) : 98.5<br/>단백질(g) : 39.2<br/>지방(g) : 29.9<br/>비타민A(R.E) : 249.2<br/>티아민(mg) : 0.5<br/>리보플라빈(mg) : 0.7<br/>비타민C(mg) : 33.1<br/>칼슘(mg) : 225.9<br/>철분(mg) : 4.2,20210611
B10,서울특별시교육청,7010073,당곡고등학교,2,중식,20210607,530.00,추가밥*<br/>얼큰한우짬뽕*1.5.6.9.13.16.17.18.<br/>수제데니쉬핫도그*1.2.5.6.10.12.13.15.16.<br/>브로콜리&콜리플라워초무침*5.6.13.<br/>나박김치*9.13.<br/>사과곤약젤리*,쌀 : 국내산<br/>김치류 : 국내산<br/>고춧가루(김치류) : 국내산<br/>쇠고기(종류) : 국내산(한우)<br/>돼지고기 : 국내산<br/>닭고기 : 국내산<br/>오리고기 : 국내산<br/>쇠고기 식육가공품 : 국내산<br/>돼지고기 식육가공품 : 국내산<br/>닭고기 식육가공품 : 국내산<br/>오리고기 가공품 : 국내산<br/>낙지 : 국내산<br/>고등어 : 국내산<br/>갈치 : 국내산<br/>오징어 : 국내산<br/>꽃게 : 국내산<br/>참조기 : 국내산<br/>콩 : 국내산,799.8 Kcal,탄수화물(g) : 111.0<br/>단백질(g) : 27.7<br/>지방(g) : 21.9<br/>비타민A(R.E) : 174.2<br/>티아민(mg) : 0.2<br/>리보플라빈(mg) : 1.3<br/>비타민C(mg) : 24.3<br/>칼슘(mg) : 276.9<br/>철분(mg) : 3.7,20210614
B10,서울특별시교육청,7010073,당곡고등학교,2,중식,20210608,510.00,친환경흑미밥*<br/>시래기청국장찌개*5.6.13.<br/>순살찜닭&스노우치즈*2.5.6.8.13.15.<br/>가지두반장볶음*13.18.5.6.12.<br/>백김치*9.13.<br/>조미김*<br/>멜론*,쌀 : 국내산<br/>김치류 : 국내산<br/>고춧가루(김치류) : 국내산<br/>쇠고기(종류) : 국내산(한우)<br/>돼지고기 : 국내산<br/>닭고기 : 국내산<br/>오리고기 : 국내산<br/>쇠고기 식육가공품 : 국내산<br/>돼지고기 식육가공품 : 국내산<br/>닭고기 식육가공품 : 국내산<br/>오리고기 가공품 : 국내산<br/>낙지 : 국내산<br/>고등어 : 국내산<br/>갈치 : 국내산<br/>오징어 : 국내산<br/>꽃게 : 국내산<br/>참조기 : 국내산<br/>콩 : 국내산,836.1 Kcal,탄수화물(g) : 116.0<br/>단백질(g) : 55.0<br/>지방(g) : 20.0<br/>비타민A(R.E) : 380.8<br/>티아민(mg) : 0.6<br/>리보플라빈(mg) : 0.7<br/>비타민C(mg) : 20.4<br/>칼슘(mg) : 334.8<br/>철분(mg) : 9.3,20210615
B10,서울특별시교육청,7010073,당곡고등학교,2,중식,20210609,510.00,친환경잡곡밥*5.<br/>한우무국*5.6.13.<br/>꽁치김치조림*5.6.9.13.<br/>고춧잎나물*5.6.<br/>꽃송이너겟&머스터드*1.2.5.6.13.15.<br/>깍두기*9.13.<br/>오렌지*,쌀 : 국내산<br/>김치류 : 국내산<br/>고춧가루(김치류) : 국내산<br/>쇠고기(종류) : 국내산(한우)<br/>돼지고기 : 국내산<br/>닭고기 : 국내산<br/>오리고기 : 국내산<br/>쇠고기 식육가공품 : 국내산<br/>돼지고기 식육가공품 : 국내산<br/>닭고기 식육가공품 : 국내산<br/>오리고기 가공품 : 국내산<br/>낙지 : 국내산<br/>고등어 : 국내산<br/>갈치 : 국내산<br/>오징어 : 국내산<br/>꽃게 : 국내산<br/>참조기 : 국내산<br/>콩 : 국내산,833.5 Kcal,탄수화물(g) : 109.2<br/>단백질(g) : 51.1<br/>지방(g) : 26.6<br/>비타민A(R.E) : 250.8<br/>티아민(mg) : 0.5<br/>리보플라빈(mg) : 0.6<br/>비타민C(mg) : 51.3<br/>칼슘(mg) : 303.7<br/>철분(mg) : 6.7,20210616
B10,서울특별시교육청,7010073,당곡고등학교,2,중식,20210610,510.00,돼지고기간장덮밥*2.5.6.10.13.18.<br/>달걀팟국*1.5.6.9.13.<br/>오이무침*5.6.13.<br/>피자춘권5.6.12.<br/>총각김치*9.13.<br/>얼린감귤주스*,쌀 : 국내산<br/>김치류 : 국내산<br/>고춧가루(김치류) : 국내산<br/>쇠고기(종류) : 국내산(한우)<br/>돼지고기 : 국내산<br/>닭고기 : 국내산<br/>오리고기 : 국내산<br/>쇠고기 식육가공품 : 국내산<br/>돼지고기 식육가공품 : 국내산<br/>닭고기 식육가공품 : 국내산<br/>오리고기 가공품 : 국내산<br/>낙지 : 국내산<br/>고등어 : 국내산<br/>갈치 : 국내산<br/>오징어 : 국내산<br/>꽃게 : 국내산<br/>참조기 : 국내산<br/>콩 : 국내산,792.4 Kcal,탄수화물(g) : 115.7<br/>단백질(g) : 48.4<br/>지방(g) : 13.5<br/>비타민A(R.E) : 208.5<br/>티아민(mg) : 1.0<br/>리보플라빈(mg) : 0.8<br/>비타민C(mg) : 50.2<br/>칼슘(mg) : 188.2<br/>철분(mg) : 4.3,20210617
B10,서울특별시교육청,7010073,당곡고등학교,2,중식,20210611,510.00,친환경현미밥*<br/>들깨미역국*5.6.13.<br/>연두부&양념장*5.6.13.<br/>매콤돼지갈비찜*5.6.10.13.<br/>콩나물무침*5.6.13.<br/>겉절이*9.13.,쌀 : 국내산<br/>김치류 : 국내산<br/>고춧가루(김치류) : 국내산<br/>쇠고기(종류) : 국내산(한우)<br/>돼지고기 : 국내산<br/>닭고기 : 국내산<br/>오리고기 : 국내산<br/>쇠고기 식육가공품 : 국내산<br/>돼지고기 식육가공품 : 국내산<br/>닭고기 식육가공품 : 국내산<br/>오리고기 가공품 : 국내산<br/>낙지 : 국내산<br/>고등어 : 국내산<br/>갈치 : 국내산<br/>오징어 : 국내산<br/>꽃게 : 국내산<br/>참조기 : 국내산<br/>콩 : 국내산,793.7 Kcal,탄수화물(g) : 109.2<br/>단백질(g) : 48.6<br/>지방(g) : 19.4<br/>비타민A(R.E) : 172.3<br/>티아민(mg) : 1.1<br/>리보플라빈(mg) : 1.0<br/>비타민C(mg) : 7.5<br/>칼슘(mg) : 228.0<br/>철분(mg) : 4.9,20210618
B10,서울특별시교육청,7010073,당곡고등학교,2,중식,20210614,530.00,장조림버터볶음밥*1.2.5.6.10.13.18.<br/>버섯매운탕*5.6.13.<br/>쑥갓두부무침*5.6.13.<br/>치즈핫도그&케찹*1.2.5.6.10.12.16.<br/>깍두기*9.13.<br/>딸기아이스찰떡*2.4.5.6.,쌀 : 국내산<br/>김치류 : 국내산<br/>고춧가루(김치류) : 국내산<br/>쇠고기(종류) : 국내산(한우)<br/>돼지고기 : 국내산<br/>닭고기 : 국내산<br/>오리고기 : 국내산<br/>쇠고기 식육가공품 : 국내산<br/>돼지고기 식육가공품 : 국내산<br/>닭고기 식육가공품 : 국내산<br/>오리고기 가공품 : 국내산<br/>낙지 : 국내산<br/>고등어 : 국내산<br/>갈치 : 국내산<br/>오징어 : 국내산<br/>꽃게 : 국내산<br/>참조기 : 국내산<br/>콩 : 국내산,734.5 Kcal,탄수화물(g) : 111.2<br/>단백질(g) : 34.5<br/>지방(g) : 18.9<br/>비타민A(R.E) : 306.6<br/>티아민(mg) : 0.5<br/>리보플라빈(mg) : 0.9<br/>비타민C(mg) : 9.9<br/>칼슘(mg) : 222.4<br/>철분(mg) : 3.6,20210621
B10,서울특별시교육청,7010073,당곡고등학교,2,중식,20210615,510.00,친환경차수수밥*<br/>굴림김치만두떡국*1.5.6.10.13.16.18.<br/>아욱된장무침*5.6.13.18.<br/>고추참치야채볶음*5.6.9.13.<br/>가자미유린기*1.2.5.6.13.<br/>파김치*9.13.<br/>수박*,쌀 : 국내산<br/>김치류 : 국내산<br/>고춧가루(김치류) : 국내산<br/>쇠고기(종류) : 국내산(한우)<br/>돼지고기 : 국내산<br/>닭고기 : 국내산<br/>오리고기 : 국내산<br/>쇠고기 식육가공품 : 국내산<br/>돼지고기 식육가공품 : 국내산<br/>닭고기 식육가공품 : 국내산<br/>오리고기 가공품 : 국내산<br/>낙지 : 국내산<br/>고등어 : 국내산<br/>갈치 : 국내산<br/>오징어 : 국내산<br/>꽃게 : 국내산<br/>참조기 : 국내산<br/>콩 : 국내산,924.8 Kcal,탄수화물(g) : 157.8<br/>단백질(g) : 49.7<br/>지방(g) : 15.4<br/>비타민A(R.E) : 774.8<br/>티아민(mg) : 0.7<br/>리보플라빈(mg) : 0.9<br/>비타민C(mg) : 46.9<br/>칼슘(mg) : 318.8<br/>철분(mg) : 11.4,20210622
B10,서울특별시교육청,7010073,당곡고등학교,2,중식,20210616,510.00,친환경현미밥*<br/>감자양파국*5.6.13.<br/>동부묵김가루무침*5.6.13.<br/>제육볶음*5.6.10.13.<br/>배추김치*9.13.<br/>쌈상추/쌈꺳잎/쌈장*5.6.13.,쌀 : 국내산<br/>김치류 : 국내산<br/>고춧가루(김치류) : 국내산<br/>쇠고기(종류) : 국내산(한우)<br/>돼지고기 : 국내산<br/>닭고기 : 국내산<br/>오리고기 : 국내산<br/>쇠고기 식육가공품 : 국내산<br/>돼지고기 식육가공품 : 국내산<br/>닭고기 식육가공품 : 국내산<br/>오리고기 가공품 : 국내산<br/>낙지 : 국내산<br/>고등어 : 국내산<br/>갈치 : 국내산<br/>오징어 : 국내산<br/>꽃게 : 국내산<br/>참조기 : 국내산<br/>콩 : 국내산,729.2 Kcal,탄수화물(g) : 118.3<br/>단백질(g) : 47.0<br/>지방(g) : 13.4<br/>비타민A(R.E) : 446.7<br/>티아민(mg) : 1.0<br/>리보플라빈(mg) : 1.0<br/>비타민C(mg) : 44.5<br/>칼슘(mg) : 254.3<br/>철분(mg) : 5.1,20210623
B10,서울특별시교육청,7010073,당곡고등학교,2,중식,20210617,510.00,추가밥*<br/>김치유부우동*1.2.5.6.9.13.18.<br/>열무된장무침*5.6.<br/>수제반미*1.2.5.6.10.12.13.<br/>깍두기*9.13.<br/>요구르트*2.,쌀 : 국내산<br/>김치류 : 국내산<br/>고춧가루(김치류) : 국내산<br/>쇠고기(종류) : 국내산(한우)<br/>돼지고기 : 국내산<br/>닭고기 : 국내산<br/>오리고기 : 국내산<br/>쇠고기 식육가공품 : 국내산<br/>돼지고기 식육가공품 : 국내산<br/>닭고기 식육가공품 : 국내산<br/>오리고기 가공품 : 국내산<br/>낙지 : 국내산<br/>고등어 : 국내산<br/>갈치 : 국내산<br/>오징어 : 국내산<br/>꽃게 : 국내산<br/>참조기 : 국내산<br/>콩 : 국내산,835.6 Kcal,탄수화물(g) : 125.8<br/>단백질(g) : 42.7<br/>지방(g) : 17.0<br/>비타민A(R.E) : 288.2<br/>티아민(mg) : 0.8<br/>리보플라빈(mg) : 0.9<br/>비타민C(mg) : 11.3<br/>칼슘(mg) : 385.4<br/>철분(mg) : 4.6,20210624
B10,서울특별시교육청,7010073,당곡고등학교,2,중식,20210618,510.00,친환경잡곡밥*5.<br/>들깨무채국*5.6.13.<br/>양파장아찌*5.6.13.<br/>볶음김치*9.13.<br/>닭갈비볶음&스노우치즈*2.5.6.13.15.16.18.<br/>두부부침*5.<br/>적포도*,쌀 : 국내산<br/>김치류 : 국내산<br/>고춧가루(김치류) : 국내산<br/>쇠고기(종류) : 국내산(한우)<br/>돼지고기 : 국내산<br/>닭고기 : 국내산<br/>오리고기 : 국내산<br/>쇠고기 식육가공품 : 국내산<br/>돼지고기 식육가공품 : 국내산<br/>닭고기 식육가공품 : 국내산<br/>오리고기 가공품 : 국내산<br/>낙지 : 국내산<br/>고등어 : 국내산<br/>갈치 : 국내산<br/>오징어 : 국내산<br/>꽃게 : 국내산<br/>참조기 : 국내산<br/>콩 : 국내산,876.2 Kcal,탄수화물(g) : 134.5<br/>단백질(g) : 57.7<br/>지방(g) : 16.6<br/>비타민A(R.E) : 407.9<br/>티아민(mg) : 0.6<br/>리보플라빈(mg) : 0.8<br/>비타민C(mg) : 32.1<br/>칼슘(mg) : 409.3<br/>철분(mg) : 5.6,20210625
B10,서울특별시교육청,7010073,당곡고등학교,2,중식,20210621,530.00,추가밥*<br/>미트소스스파게티*1.2.5.6.10.12.13.<br/>톳나물두부무침*5.6.13.<br/>호랑이쿠키*1.2.5.6.<br/>할라피뇨&오이피클*<br/>케이준치킨샐러드*1.2.5.6.12.13.15.18.,쌀 : 국내산<br/>김치류 : 국내산<br/>고춧가루(김치류) : 국내산<br/>쇠고기(종류) : 국내산(한우)<br/>돼지고기 : 국내산<br/>닭고기 : 국내산<br/>오리고기 : 국내산<br/>쇠고기 식육가공품 : 국내산<br/>돼지고기 식육가공품 : 국내산<br/>닭고기 식육가공품 : 국내산<br/>오리고기 가공품 : 국내산<br/>낙지 : 국내산<br/>고등어 : 국내산<br/>갈치 : 국내산<br/>오징어 : 국내산<br/>꽃게 : 국내산<br/>참조기 : 국내산<br/>콩 : 국내산,885.3 Kcal,탄수화물(g) : 125.1<br/>단백질(g) : 38.4<br/>지방(g) : 35.4<br/>비타민A(R.E) : 171.2<br/>티아민(mg) : 0.5<br/>리보플라빈(mg) : 0.6<br/>비타민C(mg) : 37.4<br/>칼슘(mg) : 215.2<br/>철분(mg) : 4.2,20210628
B10,서울특별시교육청,7010073,당곡고등학교,2,중식,20210622,510.00,친환경잡곡밥*5.<br/>순댓국(大)*6.9.10.13.<br/>부추무침*5.6.13.<br/>베이컨스크램블에그*1.5.10.13.<br/>데리야끼삼치구이*5.6.13.<br/>겉절이*9.13.<br/>스테비아토마토*12.,쌀 : 국내산<br/>김치류 : 국내산<br/>고춧가루(김치류) : 국내산<br/>쇠고기(종류) : 국내산(한우)<br/>돼지고기 : 국내산<br/>닭고기 : 국내산<br/>오리고기 : 국내산<br/>쇠고기 식육가공품 : 국내산<br/>돼지고기 식육가공품 : 국내산<br/>닭고기 식육가공품 : 국내산<br/>오리고기 가공품 : 국내산<br/>낙지 : 국내산<br/>고등어 : 국내산<br/>갈치 : 국내산<br/>오징어 : 국내산<br/>꽃게 : 국내산<br/>참조기 : 국내산<br/>콩 : 국내산,784.5 Kcal,탄수화물(g) : 114.9<br/>단백질(g) : 41.3<br/>지방(g) : 19.2<br/>비타민A(R.E) : 485.0<br/>티아민(mg) : 0.6<br/>리보플라빈(mg) : 1.1<br/>비타민C(mg) : 27.7<br/>칼슘(mg) : 326.0<br/>철분(mg) : 9.9,20210629
B10,서울특별시교육청,7010073,당곡고등학교,2,중식,20210623,510.00,친환경현미밥*<br/>김치버섯수제비국*5.6.9.13.<br/>고추장감자조림*5.6.13.<br/>돼지고기카레볶음*2.5.6.10.12.13.15.16.18.<br/>머위들깨볶음*<br/>깍두기*9.13.,쌀 : 국내산<br/>김치류 : 국내산<br/>고춧가루(김치류) : 국내산<br/>쇠고기(종류) : 국내산(한우)<br/>돼지고기 : 국내산<br/>닭고기 : 국내산<br/>오리고기 : 국내산<br/>쇠고기 식육가공품 : 국내산<br/>돼지고기 식육가공품 : 국내산<br/>닭고기 식육가공품 : 국내산<br/>오리고기 가공품 : 국내산<br/>낙지 : 국내산<br/>고등어 : 국내산<br/>갈치 : 국내산<br/>오징어 : 국내산<br/>꽃게 : 국내산<br/>참조기 : 국내산<br/>콩 : 국내산,774.6 Kcal,탄수화물(g) : 127.4<br/>단백질(g) : 49.0<br/>지방(g) : 12.9<br/>비타민A(R.E) : 265.9<br/>티아민(mg) : 1.0<br/>리보플라빈(mg) : 0.7<br/>비타민C(mg) : 22.1<br/>칼슘(mg) : 259.3<br/>철분(mg) : 4.7,20210630
B10,서울특별시교육청,7010073,당곡고등학교,2,중식,20210624,510.00,팽이장국*5.6.13.<br/>깻잎순무침*5.6.13.<br/>오징어덮밥*5.6.13.17.<br/>깐풍육*1.2.5.6.10.12.13.18.<br/>겉절이*9.13.<br/>살구에이드*5.13.,쌀 : 국내산<br/>김치류 : 국내산<br/>고춧가루(김치류) : 국내산<br/>쇠고기(종류) : 국내산(한우)<br/>돼지고기 : 국내산<br/>닭고기 : 국내산<br/>오리고기 : 국내산<br/>쇠고기 식육가공품 : 국내산<br/>돼지고기 식육가공품 : 국내산<br/>닭고기 식육가공품 : 국내산<br/>오리고기 가공품 : 국내산<br/>낙지 : 국내산<br/>고등어 : 국내산<br/>갈치 : 국내산<br/>오징어 : 국내산<br/>꽃게 : 국내산<br/>참조기 : 국내산<br/>콩 : 국내산,841.2 Kcal,탄수화물(g) : 149.9<br/>단백질(g) : 46.2<br/>지방(g) : 11.3<br/>비타민A(R.E) : 654.4<br/>티아민(mg) : 0.7<br/>리보플라빈(mg) : 0.8<br/>비타민C(mg) : 35.0<br/>칼슘(mg) : 319.2<br/>철분(mg) : 9.0,20210701
B10,서울특별시교육청,7010073,당곡고등학교,2,중식,20210625,510.00,산채비빔밥&약고추장*5.6.10.13.<br/>바지락조개탕*5.6.18.<br/>울외장아찌*13.<br/>두부너겟&머스터드*1.2.5.6.13.<br/>배추김치*9.13.<br/>나라사랑마카롱*1.2.6.,쌀 : 국내산<br/>김치류 : 국내산<br/>고춧가루(김치류) : 국내산<br/>쇠고기(종류) : 국내산(한우)<br/>돼지고기 : 국내산<br/>닭고기 : 국내산<br/>오리고기 : 국내산<br/>쇠고기 식육가공품 : 국내산<br/>돼지고기 식육가공품 : 국내산<br/>닭고기 식육가공품 : 국내산<br/>오리고기 가공품 : 국내산<br/>낙지 : 국내산<br/>고등어 : 국내산<br/>갈치 : 국내산<br/>오징어 : 국내산<br/>꽃게 : 국내산<br/>참조기 : 국내산<br/>콩 : 국내산,559.3 Kcal,탄수화물(g) : 98.0<br/>단백질(g) : 30.2<br/>지방(g) : 13.0<br/>비타민A(R.E) : 457.0<br/>티아민(mg) : 0.4<br/>리보플라빈(mg) : 0.6<br/>비타민C(mg) : 20.4<br/>칼슘(mg) : 309.9<br/>철분(mg) : 8.4,20210702
B10,서울특별시교육청,7010073,당곡고등학교,2,중식,20210628,530.00,친환경칼슘기장밥*<br/>모닝빵&딸기잼*1.2.5.6.13.<br/>콘스프*2.5.6.13.<br/>왕돈까스&브라운소스*1.2.5.6.10.12.15.<br/>깍두기*9.13.<br/>블루레몬에이드*1.3.<br/>흑임자양배추샐러드*1.5.13.,쌀 : 국내산<br/>김치류 : 국내산<br/>고춧가루(김치류) : 국내산<br/>쇠고기(종류) : 국내산(한우)<br/>돼지고기 : 국내산<br/>닭고기 : 국내산<br/>오리고기 : 국내산<br/>쇠고기 식육가공품 : 국내산<br/>돼지고기 식육가공품 : 국내산<br/>닭고기 식육가공품 : 국내산<br/>오리고기 가공품 : 국내산<br/>낙지 : 국내산<br/>고등어 : 국내산<br/>갈치 : 국내산<br/>오징어 : 국내산<br/>꽃게 : 국내산<br/>참조기 : 국내산<br/>콩 : 국내산,815.8 Kcal,탄수화물(g) : 127.3<br/>단백질(g) : 47.3<br/>지방(g) : 14.8<br/>비타민A(R.E) : 73.0<br/>티아민(mg) : 1.1<br/>리보플라빈(mg) : 0.5<br/>비타민C(mg) : 31.0<br/>칼슘(mg) : 277.0<br/>철분(mg) : 2.4,20210705
B10,서울특별시교육청,7010073,당곡고등학교,2,중식,20210629,510.00,추가밥*<br/>돼지불고기쟁반짜장*1.2.5.6.10.13.<br/>튀김만두&야채무침*1.5.6.10.16.18.<br/>게살스프*1.2.5.6.8.13.16.<br/>반달단무지무침*<br/>파김치*9.13.<br/>꿀호두*14.,쌀 : 국내산<br/>김치류 : 국내산<br/>고춧가루(김치류) : 국내산<br/>쇠고기(종류) : 국내산(한우)<br/>돼지고기 : 국내산<br/>닭고기 : 국내산<br/>오리고기 : 국내산<br/>쇠고기 식육가공품 : 국내산<br/>돼지고기 식육가공품 : 국내산<br/>닭고기 식육가공품 : 국내산<br/>오리고기 가공품 : 국내산<br/>낙지 : 국내산<br/>고등어 : 국내산<br/>갈치 : 국내산<br/>오징어 : 국내산<br/>꽃게 : 국내산<br/>참조기 : 국내산<br/>콩 : 국내산,856.5 Kcal,탄수화물(g) : 137.8<br/>단백질(g) : 31.1<br/>지방(g) : 24.7<br/>비타민A(R.E) : 284.1<br/>티아민(mg) : 0.6<br/>리보플라빈(mg) : 1.8<br/>비타민C(mg) : 25.2<br/>칼슘(mg) : 445.9<br/>철분(mg) : 7.0,20210706
B10,서울특별시교육청,7010073,당곡고등학교,2,중식,20210707,510.00,친환경잡곡밥*5.<br/>감자양파국*5.6.13.<br/>구멍어묵곤약조림*1.5.6.13.16.<br/>제육볶음*5.6.10.13.<br/>배추김치*9.13.<br/>짜먹는초코아이스크림*2.<br/>쌈상추&쌈장&파채무침*5.6.13.,쌀 : 국내산<br/>김치류 : 국내산<br/>고춧가루(김치류) : 국내산<br/>쇠고기(종류) : 국내산(한우)<br/>돼지고기 : 국내산<br/>닭고기 : 국내산<br/>오리고기 : 국내산<br/>쇠고기 식육가공품 : 국내산<br/>돼지고기 식육가공품 : 국내산<br/>닭고기 식육가공품 : 국내산<br/>오리고기 가공품 : 국내산<br/>낙지 : 국내산<br/>고등어 : 국내산<br/>갈치 : 국내산<br/>오징어 : 국내산<br/>꽃게 : 국내산<br/>참조기 : 국내산<br/>콩 : 국내산,841.6 Kcal,탄수화물(g) : 136.0<br/>단백질(g) : 53.0<br/>지방(g) : 14.1<br/>비타민A(R.E) : 359.2<br/>티아민(mg) : 1.0<br/>리보플라빈(mg) : 0.9<br/>비타민C(mg) : 36.1<br/>칼슘(mg) : 299.6<br/>철분(mg) : 5.4,20210714
B10,서울특별시교육청,7010073,당곡고등학교,2,중식,20210708,510.00,참치김치덮밥*5.9.13.<br/>가쓰오장국*5.6.13.<br/>가지된장소스무침*5.6.13.<br/>갈떡갈떡*2.5.6.10.15.16.<br/>깍두기*9.13.<br/>멜론*,쌀 : 국내산<br/>김치류 : 국내산<br/>고춧가루(김치류) : 국내산<br/>쇠고기(종류) : 국내산(한우)<br/>돼지고기 : 국내산<br/>닭고기 : 국내산<br/>오리고기 : 국내산<br/>쇠고기 식육가공품 : 국내산<br/>돼지고기 식육가공품 : 국내산<br/>닭고기 식육가공품 : 국내산<br/>오리고기 가공품 : 국내산<br/>낙지 : 국내산<br/>고등어 : 국내산<br/>갈치 : 국내산<br/>오징어 : 국내산<br/>꽃게 : 국내산<br/>참조기 : 국내산<br/>콩 : 국내산,774.0 Kcal,탄수화물(g) : 141.0<br/>단백질(g) : 31.3<br/>지방(g) : 11.9<br/>비타민A(R.E) : 179.6<br/>티아민(mg) : 0.5<br/>리보플라빈(mg) : 0.5<br/>비타민C(mg) : 20.3<br/>칼슘(mg) : 297.0<br/>철분(mg) : 11.7,20210715
B10,서울특별시교육청,7010073,당곡고등학교,2,중식,20210709,510.00,친환경현미밥*<br/>부대찌개*1.2.5.6.9.10.12.13.16.<br/>미트볼토마토소스볶음*1.5.6.10.12.13.<br/>애호박새우젓볶음*9.13.<br/>가자미카레구이*2.5.6.12.13.16.18.<br/>총각김치*9.13.<br/>애플망고라떼*2.13.,쌀 : 국내산<br/>김치류 : 국내산<br/>고춧가루(김치류) : 국내산<br/>쇠고기(종류) : 국내산(한우)<br/>돼지고기 : 국내산<br/>닭고기 : 국내산<br/>오리고기 : 국내산<br/>쇠고기 식육가공품 : 국내산<br/>돼지고기 식육가공품 : 국내산<br/>닭고기 식육가공품 : 국내산<br/>오리고기 가공품 : 국내산<br/>낙지 : 국내산<br/>고등어 : 국내산<br/>갈치 : 국내산<br/>오징어 : 국내산<br/>꽃게 : 국내산<br/>참조기 : 국내산<br/>콩 : 국내산,916.3 Kcal,탄수화물(g) : 128.1<br/>단백질(g) : 52.9<br/>지방(g) : 23.0<br/>비타민A(R.E) : 277.8<br/>티아민(mg) : 0.7<br/>리보플라빈(mg) : 1.1<br/>비타민C(mg) : 37.1<br/>칼슘(mg) : 529.3<br/>철분(mg) : 5.1,20210716
B10,서울특별시교육청,7010073,당곡고등학교,2,중식,20210712,530.00,닭곰탕*13.15.<br/>깻잎순된장무침*5.6.13.18.<br/>낙지덮밥*5.6.13.17.<br/>어묵바&머스터드*1.2.5.6.<br/>겉절이*9.13.<br/>거봉*,쌀 : 국내산<br/>김치류 : 국내산<br/>고춧가루(김치류) : 국내산<br/>쇠고기(종류) : 국내산(한우)<br/>돼지고기 : 국내산<br/>닭고기 : 국내산<br/>오리고기 : 국내산<br/>쇠고기 식육가공품 : 국내산<br/>돼지고기 식육가공품 : 국내산<br/>닭고기 식육가공품 : 국내산<br/>오리고기 가공품 : 국내산<br/>낙지 : 국내산<br/>고등어 : 국내산<br/>갈치 : 국내산<br/>오징어 : 국내산<br/>꽃게 : 국내산<br/>참조기 : 국내산<br/>콩 : 국내산,740.3 Kcal,탄수화물(g) : 137.7<br/>단백질(g) : 42.6<br/>지방(g) : 9.3<br/>비타민A(R.E) : 527.4<br/>티아민(mg) : 0.5<br/>리보플라빈(mg) : 0.6<br/>비타민C(mg) : 20.6<br/>칼슘(mg) : 295.1<br/>철분(mg) : 5.4,20210719
B10,서울특별시교육청,7010073,당곡고등학교,2,중식,20210713,510.00,친환경현미밥*<br/>미니글레이즈드*2.5.6.<br/>돈등뼈감자탕&수제비*5.6.9.10.13.18.<br/>꽁치무조림*5.6.<br/>얼갈이된장무침*5.6.<br/>웨지감자베이컨구이*2.10.13.<br/>섞박지*9.13.,쌀 : 국내산<br/>김치류 : 국내산<br/>고춧가루(김치류) : 국내산<br/>쇠고기(종류) : 국내산(한우)<br/>돼지고기 : 국내산<br/>닭고기 : 국내산<br/>오리고기 : 국내산<br/>쇠고기 식육가공품 : 국내산<br/>돼지고기 식육가공품 : 국내산<br/>닭고기 식육가공품 : 국내산<br/>오리고기 가공품 : 국내산<br/>낙지 : 국내산<br/>고등어 : 국내산<br/>갈치 : 국내산<br/>오징어 : 국내산<br/>꽃게 : 국내산<br/>참조기 : 국내산<br/>콩 : 국내산,635.7 Kcal,탄수화물(g) : 107.6<br/>단백질(g) : 30.8<br/>지방(g) : 10.8<br/>비타민A(R.E) : 334.8<br/>티아민(mg) : 0.5<br/>리보플라빈(mg) : 0.6<br/>비타민C(mg) : 37.2<br/>칼슘(mg) : 260.3<br/>철분(mg) : 5.5,20210720
B10,서울특별시교육청,7010073,당곡고등학교,2,중식,20210714,290.00,밥버거*1.2.5.6.9.10.13.15.16.18.<br/>장각오븐구이&양념치킨소스*5.6.12.13.15.18.<br/>오이피클&단무지*13.<br/>구슬아이스크림*2.<br/>콘샐러드*1.5.13.,쌀 : 국내산<br/>김치류 : 국내산<br/>고춧가루(김치류) : 국내산<br/>쇠고기(종류) : 국내산(한우)<br/>돼지고기 : 국내산<br/>닭고기 : 국내산<br/>오리고기 : 국내산<br/>쇠고기 식육가공품 : 국내산<br/>돼지고기 식육가공품 : 국내산<br/>닭고기 식육가공품 : 국내산<br/>오리고기 가공품 : 국내산<br/>낙지 : 국내산<br/>고등어 : 국내산<br/>갈치 : 국내산<br/>오징어 : 국내산<br/>꽃게 : 국내산<br/>참조기 : 국내산<br/>콩 : 국내산,1122.0 Kcal,탄수화물(g) : 156.3<br/>단백질(g) : 52.0<br/>지방(g) : 33.3<br/>비타민A(R.E) : 231.0<br/>티아민(mg) : 0.5<br/>리보플라빈(mg) : 0.7<br/>비타민C(mg) : 32.5<br/>칼슘(mg) : 234.0<br/>철분(mg) : 7.8,20210721
B10,서울특별시교육청,7010073,당곡고등학교,2,중식,20210715,510.00,추가밥*<br/>짜장면(1/2)*1.2.5.6.10.13.<br/>얼큰짬뽕(1/2)*1.5.6.9.13.17.18.<br/>노각무침*5.6.13.<br/>꿔바로우&흑당소스*5.6.10.<br/>깍두기*9.13.<br/>사과*,쌀 : 국내산<br/>김치류 : 국내산<br/>고춧가루(김치류) : 국내산<br/>쇠고기(종류) : 국내산(한우)<br/>돼지고기 : 국내산<br/>닭고기 : 국내산<br/>오리고기 : 국내산<br/>쇠고기 식육가공품 : 국내산<br/>돼지고기 식육가공품 : 국내산<br/>닭고기 식육가공품 : 국내산<br/>오리고기 가공품 : 국내산<br/>낙지 : 국내산<br/>고등어 : 국내산<br/>갈치 : 국내산<br/>오징어 : 국내산<br/>꽃게 : 국내산<br/>참조기 : 국내산<br/>콩 : 국내산,863.3 Kcal,탄수화물(g) : 144.8<br/>단백질(g) : 30.8<br/>지방(g) : 19.1<br/>비타민A(R.E) : 120.4<br/>티아민(mg) : 0.5<br/>리보플라빈(mg) : 1.7<br/>비타민C(mg) : 31.6<br/>칼슘(mg) : 707.3<br/>철분(mg) : 3.3,20210722
B10,서울특별시교육청,7010073,당곡고등학교,2,중식,20210726,41.00,추가밥*<br/>한우샤브칼국수(大)*1.2.3.5.6.13.16.18.<br/>김치왕만두*1.2.5.6.10.<br/>부추무생채*1.2.5.6.13.<br/>겉절이*13.9.<br/>수박*,쌀 : 국내산<br/>김치류 : 국내산<br/>고춧가루(김치류) : 국내산<br/>쇠고기(종류) : 국내산(한우)<br/>돼지고기 : 국내산<br/>닭고기 : 국내산<br/>오리고기 : 국내산<br/>쇠고기 식육가공품 : 국내산<br/>돼지고기 식육가공품 : 국내산<br/>닭고기 식육가공품 : 국내산<br/>오리고기 가공품 : 국내산<br/>낙지 : 국내산<br/>고등어 : 국내산<br/>갈치 : 국내산<br/>오징어 : 국내산<br/>꽃게 : 국내산<br/>참조기 : 국내산<br/>콩 : 국내산,845.8 Kcal,탄수화물(g) : 152.7<br/>단백질(g) : 33.9<br/>지방(g) : 11.0<br/>비타민A(R.E) : 382.2<br/>티아민(mg) : 0.6<br/>리보플라빈(mg) : 0.6<br/>비타민C(mg) : 19.8<br/>칼슘(mg) : 251.7<br/>철분(mg) : 14.9,20210802
B10,서울특별시교육청,7010073,당곡고등학교,2,중식,20210727,40.00,백미밥*<br/>얼큰해물수제비(大)*5.6.9.13.17.18.<br/>오이무침*5.6.13.<br/>어묵바&머스터드*1.2.5.6.<br/>겉절이*9.13.<br/>제리뽀*,쌀 : 국내산<br/>김치류 : 국내산<br/>고춧가루(김치류) : 국내산<br/>쇠고기(종류) : 국내산(한우)<br/>돼지고기 : 국내산<br/>닭고기 : 국내산<br/>오리고기 : 국내산<br/>쇠고기 식육가공품 : 국내산<br/>돼지고기 식육가공품 : 국내산<br/>닭고기 식육가공품 : 국내산<br/>오리고기 가공품 : 국내산<br/>낙지 : 국내산<br/>고등어 : 국내산<br/>갈치 : 국내산<br/>오징어 : 국내산<br/>꽃게 : 국내산<br/>참조기 : 국내산<br/>콩 : 국내산,745.7 Kcal,탄수화물(g) : 139.9<br/>단백질(g) : 38.1<br/>지방(g) : 8.3<br/>비타민A(R.E) : 188.8<br/>티아민(mg) : 0.4<br/>리보플라빈(mg) : 0.3<br/>비타민C(mg) : 17.3<br/>칼슘(mg) : 347.7<br/>철분(mg) : 5.8,20210803
B10,서울특별시교육청,7010073,당곡고등학교,2,중식,20210728,39.00,추가밥*<br/>김치낙지죽*9.13.16.<br/>에그모닝빵*1.2.5.6.13.<br/>무말랭이무침*13.<br/>섞박지*9.13.<br/>얼린감귤주스*,쌀 : 국내산<br/>김치류 : 국내산<br/>고춧가루(김치류) : 국내산<br/>쇠고기(종류) : 국내산(한우)<br/>돼지고기 : 국내산<br/>닭고기 : 국내산<br/>오리고기 : 국내산<br/>쇠고기 식육가공품 : 국내산<br/>돼지고기 식육가공품 : 국내산<br/>닭고기 식육가공품 : 국내산<br/>오리고기 가공품 : 국내산<br/>낙지 : 국내산<br/>고등어 : 국내산<br/>갈치 : 국내산<br/>오징어 : 국내산<br/>꽃게 : 국내산<br/>참조기 : 국내산<br/>콩 : 국내산,1131.7 Kcal,탄수화물(g) : 210.1<br/>단백질(g) : 37.7<br/>지방(g) : 18.0<br/>비타민A(R.E) : 163.2<br/>티아민(mg) : 1.1<br/>리보플라빈(mg) : 0.7<br/>비타민C(mg) : 104.2<br/>칼슘(mg) : 731.0<br/>철분(mg) : 8.6,20210804
B10,서울특별시교육청,7010073,당곡고등학교,2,중식,20210729,40.00,카레라이스*2.5.6.10.12.16.18.<br/>황태미역국*5.6.13.<br/>팽이버섯고추장볶음*13.5.6.<br/>돈까스&브라운소스*1.2.5.6.10.12.13.15.16.<br/>깍두기*9.13.<br/>멜론*,쌀 : 국내산<br/>김치류 : 국내산<br/>고춧가루(김치류) : 국내산<br/>쇠고기(종류) : 국내산(한우)<br/>돼지고기 : 국내산<br/>닭고기 : 국내산<br/>오리고기 : 국내산<br/>쇠고기 식육가공품 : 국내산<br/>돼지고기 식육가공품 : 국내산<br/>닭고기 식육가공품 : 국내산<br/>오리고기 가공품 : 국내산<br/>낙지 : 국내산<br/>고등어 : 국내산<br/>갈치 : 국내산<br/>오징어 : 국내산<br/>꽃게 : 국내산<br/>참조기 : 국내산<br/>콩 : 국내산,853.3 Kcal,탄수화물(g) : 146.2<br/>단백질(g) : 56.8<br/>지방(g) : 12.3<br/>비타민A(R.E) : 257.5<br/>티아민(mg) : 0.8<br/>리보플라빈(mg) : 0.7<br/>비타민C(mg) : 10.7<br/>칼슘(mg) : 193.7<br/>철분(mg) : 5.4,20210805
B10,서울특별시교육청,7010073,당곡고등학교,2,중식,20210730,37.00,치킨마요덮밥*1.5.6.13.<br/>김치무국*5.6.9.13.<br/>데친양배추쌈장무침*5.6.13.<br/>감자크로켓6.<br/>깍두기*9.13.<br/>사과음료*5.13.,쌀 : 국내산<br/>김치류 : 국내산<br/>고춧가루(김치류) : 국내산<br/>쇠고기(종류) : 국내산(한우)<br/>돼지고기 : 국내산<br/>닭고기 : 국내산<br/>오리고기 : 국내산<br/>쇠고기 식육가공품 : 국내산<br/>돼지고기 식육가공품 : 국내산<br/>닭고기 식육가공품 : 국내산<br/>오리고기 가공품 : 국내산<br/>낙지 : 국내산<br/>고등어 : 국내산<br/>갈치 : 국내산<br/>오징어 : 국내산<br/>꽃게 : 국내산<br/>참조기 : 국내산<br/>콩 : 국내산,1101.4 Kcal,탄수화물(g) : 167.5<br/>단백질(g) : 47.6<br/>지방(g) : 32.2<br/>비타민A(R.E) : 518.1<br/>티아민(mg) : 0.5<br/>리보플라빈(mg) : 0.9<br/>비타민C(mg) : 77.0<br/>칼슘(mg) : 317.9<br/>철분(mg) : 6.6,20210806
B10,서울특별시교육청,7010073,당곡고등학교,2,중식,20210802,40.00,삼색소보로덮밥*1.5.6.9.10.13.<br/>순두부백탕*1.5.6.9.13.18.<br/>무시래기들깨된장볶음*5.6.13.18.<br/>왕새우튀김&타르타르소스*1.5.6.9.10.<br/>깍두기*9.13.<br/>사과*,쌀 : 국내산<br/>김치류 : 국내산<br/>고춧가루(김치류) : 국내산<br/>쇠고기(종류) : 국내산(한우)<br/>돼지고기 : 국내산<br/>닭고기 : 국내산<br/>오리고기 : 국내산<br/>쇠고기 식육가공품 : 국내산<br/>돼지고기 식육가공품 : 국내산<br/>닭고기 식육가공품 : 국내산<br/>오리고기 가공품 : 국내산<br/>낙지 : 국내산<br/>고등어 : 국내산<br/>갈치 : 국내산<br/>오징어 : 국내산<br/>꽃게 : 국내산<br/>참조기 : 국내산<br/>콩 : 국내산,1246.5 Kcal,탄수화물(g) : 137.1<br/>단백질(g) : 52.5<br/>지방(g) : 61.7<br/>비타민A(R.E) : 635.1<br/>티아민(mg) : 0.6<br/>리보플라빈(mg) : 1.2<br/>비타민C(mg) : 27.7<br/>칼슘(mg) : 504.0<br/>철분(mg) : 11.1,20210809
B10,서울특별시교육청,7010073,당곡고등학교,2,중식,20210803,38.00,백미밥*<br/>감자양파국*5.6.13.<br/>도토리묵무침*5.6.13.<br/>느타리초무침*5.6.13.<br/>돼지고기주물럭*5.6.10.12.13.16.18.<br/>배추김치*9.13.<br/>소다맛쭈쭈바*1.2.5.,쌀 : 국내산<br/>김치류 : 국내산<br/>고춧가루(김치류) : 국내산<br/>쇠고기(종류) : 국내산(한우)<br/>돼지고기 : 국내산<br/>닭고기 : 국내산<br/>오리고기 : 국내산<br/>쇠고기 식육가공품 : 국내산<br/>돼지고기 식육가공품 : 국내산<br/>닭고기 식육가공품 : 국내산<br/>오리고기 가공품 : 국내산<br/>낙지 : 국내산<br/>고등어 : 국내산<br/>갈치 : 국내산<br/>오징어 : 국내산<br/>꽃게 : 국내산<br/>참조기 : 국내산<br/>콩 : 국내산,1063.9 Kcal,탄수화물(g) : 190.5<br/>단백질(g) : 60.1<br/>지방(g) : 15.9<br/>비타민A(R.E) : 461.3<br/>티아민(mg) : 1.2<br/>리보플라빈(mg) : 1.6<br/>비타민C(mg) : 39.4<br/>칼슘(mg) : 274.1<br/>철분(mg) : 7.5,20210810
B10,서울특별시교육청,7010073,당곡고등학교,2,중식,20210804,37.00,추가밥*<br/>탄탄멘*1.2.4.5.6.9.10.12.13.15.18.16.17.<br/>튀김교자&양념장*1.5.6.10.13.16.18.<br/>겉절이*9.13.<br/>꼬들단무지*<br/>거봉*,쌀 : 국내산<br/>김치류 : 국내산<br/>고춧가루(김치류) : 국내산<br/>쇠고기(종류) : 국내산(한우)<br/>돼지고기 : 국내산<br/>닭고기 : 국내산<br/>오리고기 : 국내산<br/>쇠고기 식육가공품 : 국내산<br/>돼지고기 식육가공품 : 국내산<br/>닭고기 식육가공품 : 국내산<br/>오리고기 가공품 : 국내산<br/>낙지 : 국내산<br/>고등어 : 국내산<br/>갈치 : 국내산<br/>오징어 : 국내산<br/>꽃게 : 국내산<br/>참조기 : 국내산<br/>콩 : 국내산,1111.2 Kcal,탄수화물(g) : 167.6<br/>단백질(g) : 40.9<br/>지방(g) : 29.9<br/>비타민A(R.E) : 115.8<br/>티아민(mg) : 1.1<br/>리보플라빈(mg) : 1.6<br/>비타민C(mg) : 21.3<br/>칼슘(mg) : 391.3<br/>철분(mg) : 12.8,20210811
B10,서울특별시교육청,7010073,당곡고등학교,2,중식,20210805,38.00,친환경잡곡밥*5.<br/>한우설렁탕&소면*5.6.13.16.<br/>돈민찌두부조림*5.6.10.13.<br/>새송이굴소스볶음*5.6.13.18.<br/>장어까츠&양념치킨소스*5.6.12.13.<br/>섞박지*9.13.<br/>짜먹는요구르트*2.,쌀 : 국내산<br/>김치류 : 국내산<br/>고춧가루(김치류) : 국내산<br/>쇠고기(종류) : 국내산(한우)<br/>돼지고기 : 국내산<br/>닭고기 : 국내산<br/>오리고기 : 국내산<br/>쇠고기 식육가공품 : 국내산<br/>돼지고기 식육가공품 : 국내산<br/>닭고기 식육가공품 : 국내산<br/>오리고기 가공품 : 국내산<br/>낙지 : 국내산<br/>고등어 : 국내산<br/>갈치 : 국내산<br/>오징어 : 국내산<br/>꽃게 : 국내산<br/>참조기 : 국내산<br/>콩 : 국내산,988.2 Kcal,탄수화물(g) : 142.5<br/>단백질(g) : 64.2<br/>지방(g) : 19.2<br/>비타민A(R.E) : 244.3<br/>티아민(mg) : 0.4<br/>리보플라빈(mg) : 1.0<br/>비타민C(mg) : 4.6<br/>칼슘(mg) : 204.6<br/>철분(mg) : 6.3,20210812
B10,서울특별시교육청,7010073,당곡고등학교,2,중식,20210806,35.00,추가밥*<br/>매콤해물볶음우동(大)*5.6.9.13.17.<br/>시래기된장국*5.6.13.<br/>노각무침*5.6.13.<br/>치킨스낵랩*1.2.5.6.13.15.18.<br/>섞박지*9.13.<br/>바나나*,쌀 : 국내산<br/>김치류 : 국내산<br/>고춧가루(김치류) : 국내산<br/>쇠고기(종류) : 국내산(한우)<br/>돼지고기 : 국내산<br/>닭고기 : 국내산<br/>오리고기 : 국내산<br/>쇠고기 식육가공품 : 국내산<br/>돼지고기 식육가공품 : 국내산<br/>닭고기 식육가공품 : 국내산<br/>오리고기 가공품 : 국내산<br/>낙지 : 국내산<br/>고등어 : 국내산<br/>갈치 : 국내산<br/>오징어 : 국내산<br/>꽃게 : 국내산<br/>참조기 : 국내산<br/>콩 : 국내산,1260.3 Kcal,탄수화물(g) : 244.1<br/>단백질(g) : 41.8<br/>지방(g) : 22.9<br/>비타민A(R.E) : 415.4<br/>티아민(mg) : 0.7<br/>리보플라빈(mg) : 0.7<br/>비타민C(mg) : 32.3<br/>칼슘(mg) : 276.7<br/>철분(mg) : 5.3,20210813
B10,서울특별시교육청,7010073,당곡고등학교,2,중식,20210809,39.00,돼지고기김치볶음밥*2.5.6.9.10.13.<br/>맑은콩나물국*5.6.13.<br/>열무된장무침*5.6.<br/>회오리감자*2.5.6.13.<br/>깍두기*9.13.<br/>메밀식혜*3.,쌀 : 국내산<br/>김치류 : 국내산<br/>고춧가루(김치류) : 국내산<br/>쇠고기(종류) : 국내산(한우)<br/>돼지고기 : 국내산<br/>닭고기 : 국내산<br/>오리고기 : 국내산<br/>쇠고기 식육가공품 : 국내산<br/>돼지고기 식육가공품 : 국내산<br/>닭고기 식육가공품 : 국내산<br/>오리고기 가공품 : 국내산<br/>낙지 : 국내산<br/>고등어 : 국내산<br/>갈치 : 국내산<br/>오징어 : 국내산<br/>꽃게 : 국내산<br/>참조기 : 국내산<br/>콩 : 국내산,693.2 Kcal,탄수화물(g) : 123.5<br/>단백질(g) : 35.4<br/>지방(g) : 13.3<br/>비타민A(R.E) : 705.5<br/>티아민(mg) : 0.7<br/>리보플라빈(mg) : 0.7<br/>비타민C(mg) : 33.8<br/>칼슘(mg) : 372.4<br/>철분(mg) : 7.2,20210816
B10,서울특별시교육청,7010073,당곡고등학교,2,중식,20210810,37.00,배추된장국*5.6.13.<br/>숙주미나리무침*5.6.13.<br/>마파두부덮밥*5.6.10.12.13.<br/>바베큐장각오븐구이*2.5.6.12.13.15.16.18.<br/>배추김치*9.13.<br/>거꾸로먹는야구르트*2.,쌀 : 국내산<br/>김치류 : 국내산<br/>고춧가루(김치류) : 국내산<br/>쇠고기(종류) : 국내산(한우)<br/>돼지고기 : 국내산<br/>닭고기 : 국내산<br/>오리고기 : 국내산<br/>쇠고기 식육가공품 : 국내산<br/>돼지고기 식육가공품 : 국내산<br/>닭고기 식육가공품 : 국내산<br/>오리고기 가공품 : 국내산<br/>낙지 : 국내산<br/>고등어 : 국내산<br/>갈치 : 국내산<br/>오징어 : 국내산<br/>꽃게 : 국내산<br/>참조기 : 국내산<br/>콩 : 국내산,1037.9 Kcal,탄수화물(g) : 160.4<br/>단백질(g) : 49.8<br/>지방(g) : 23.5<br/>비타민A(R.E) : 241.5<br/>티아민(mg) : 0.7<br/>리보플라빈(mg) : 0.9<br/>비타민C(mg) : 27.4<br/>칼슘(mg) : 419.9<br/>철분(mg) : 15.9,20210817
B10,서울특별시교육청,7010073,당곡고등학교,2,중식,20210811,36.00,백미밥*<br/>얼갈이된장국*5.6.13.<br/>연두부&양념장*5.6.13.<br/>제육볶음*5.6.10.13.<br/>배추김치*9.13.<br/>오렌지*<br/>쌈상추&쌈장*5.6.13.,쌀 : 국내산<br/>김치류 : 국내산<br/>고춧가루(김치류) : 국내산<br/>쇠고기(종류) : 국내산(한우)<br/>돼지고기 : 국내산<br/>닭고기 : 국내산<br/>오리고기 : 국내산<br/>쇠고기 식육가공품 : 국내산<br/>돼지고기 식육가공품 : 국내산<br/>닭고기 식육가공품 : 국내산<br/>오리고기 가공품 : 국내산<br/>낙지 : 국내산<br/>고등어 : 국내산<br/>갈치 : 국내산<br/>오징어 : 국내산<br/>꽃게 : 국내산<br/>참조기 : 국내산<br/>콩 : 국내산,1077.5 Kcal,탄수화물(g) : 170.6<br/>단백질(g) : 65.9<br/>지방(g) : 17.9<br/>비타민A(R.E) : 692.1<br/>티아민(mg) : 1.4<br/>리보플라빈(mg) : 1.2<br/>비타민C(mg) : 61.6<br/>칼슘(mg) : 408.4<br/>철분(mg) : 8.5,20210818
B10,서울특별시교육청,7010073,당곡고등학교,2,중식,20210812,37.00,친환경현미밥*<br/>짜장소스*2.5.6.10.13.16.<br/>짬뽕국*6.9.13.17.18.<br/>콩나물대파무침*5.6.13.<br/>탕수육*5.6.10.16.<br/>배추김치*9.13.<br/>포도음료*5.13.,쌀 : 국내산<br/>김치류 : 국내산<br/>고춧가루(김치류) : 국내산<br/>쇠고기(종류) : 국내산(한우)<br/>돼지고기 : 국내산<br/>닭고기 : 국내산<br/>오리고기 : 국내산<br/>쇠고기 식육가공품 : 국내산<br/>돼지고기 식육가공품 : 국내산<br/>닭고기 식육가공품 : 국내산<br/>오리고기 가공품 : 국내산<br/>낙지 : 국내산<br/>고등어 : 국내산<br/>갈치 : 국내산<br/>오징어 : 국내산<br/>꽃게 : 국내산<br/>참조기 : 국내산<br/>콩 : 국내산,1203.5 Kcal,탄수화물(g) : 238.2<br/>단백질(g) : 46.0<br/>지방(g) : 16.4<br/>비타민A(R.E) : 315.9<br/>티아민(mg) : 0.8<br/>리보플라빈(mg) : 1.4<br/>비타민C(mg) : 37.2<br/>칼슘(mg) : 411.0<br/>철분(mg) : 13.3,20210819
B10,서울특별시교육청,7010073,당곡고등학교,2,중식,20210817,510.00,햄야채볶음밥*1.2.5.6.10.13.15.16.<br/>얼큰김치콩나물국*5.6.9.13.<br/>목살스테이크*1.2.5.6.10.12.13.16.<br/>깍두기*9.13.<br/>개학응원쿠키*1.2.5.6.<br/>모짜렐라바질샐러드*2.12.13.,쌀 : 국내산<br/>김치류 : 국내산<br/>고춧가루(김치류) : 국내산<br/>쇠고기(종류) : 국내산(한우)<br/>돼지고기 : 국내산<br/>닭고기 : 국내산<br/>오리고기 : 국내산<br/>쇠고기 식육가공품 : 국내산<br/>돼지고기 식육가공품 : 국내산<br/>닭고기 식육가공품 : 국내산<br/>오리고기 가공품 : 국내산<br/>낙지 : 국내산<br/>고등어 : 국내산<br/>갈치 : 국내산<br/>오징어 : 국내산<br/>꽃게 : 국내산<br/>참조기 : 국내산<br/>콩 : 국내산,826.3 Kcal,탄수화물(g) : 104.8<br/>단백질(g) : 39.3<br/>지방(g) : 29.0<br/>비타민A(R.E) : 310.7<br/>티아민(mg) : 0.9<br/>리보플라빈(mg) : 0.7<br/>비타민C(mg) : 31.8<br/>칼슘(mg) : 484.1<br/>철분(mg) : 3.7,20210824
B10,서울특별시교육청,7010073,당곡고등학교,2,중식,20210818,510.00,친환경잡곡밥*5.<br/>모듬버섯장국*5.6.13.16.18.<br/>삼색묵김가루무침*5.6.13.<br/>닭볶음탕*5.6.13.<br/>미역줄기볶음*<br/>배추김치*9.13.<br/>오렌지*,쌀 : 국내산<br/>김치류 : 국내산<br/>고춧가루(김치류) : 국내산<br/>쇠고기(종류) : 국내산(한우)<br/>돼지고기 : 국내산<br/>닭고기 : 국내산<br/>오리고기 : 국내산<br/>쇠고기 식육가공품 : 국내산<br/>돼지고기 식육가공품 : 국내산<br/>닭고기 식육가공품 : 국내산<br/>오리고기 가공품 : 국내산<br/>낙지 : 국내산<br/>고등어 : 국내산<br/>갈치 : 국내산<br/>오징어 : 국내산<br/>꽃게 : 국내산<br/>참조기 : 국내산<br/>콩 : 국내산,730.2 Kcal,탄수화물(g) : 123.5<br/>단백질(g) : 38.7<br/>지방(g) : 16.3<br/>비타민A(R.E) : 380.8<br/>티아민(mg) : 0.6<br/>리보플라빈(mg) : 1.0<br/>비타민C(mg) : 56.6<br/>칼슘(mg) : 256.8<br/>철분(mg) : 4.9,20210825
B10,서울특별시교육청,7010073,당곡고등학교,2,중식,20210819,510.00,추가밥*<br/>베이컨크림스파게티(1/2)*1.2.5.6.10.12.13.16.<br/>미트소스스파게티(1/2)*1.2.5.6.10.12.13.<br/>스틱마늘빵*2.5.6.16.<br/>멜론*<br/>할라피뇨&오이피클*<br/>흑임자연근샐러드*1.5.13.,쌀 : 국내산<br/>김치류 : 국내산<br/>고춧가루(김치류) : 국내산<br/>쇠고기(종류) : 국내산(한우)<br/>돼지고기 : 국내산<br/>닭고기 : 국내산<br/>오리고기 : 국내산<br/>쇠고기 식육가공품 : 국내산<br/>돼지고기 식육가공품 : 국내산<br/>닭고기 식육가공품 : 국내산<br/>오리고기 가공품 : 국내산<br/>낙지 : 국내산<br/>고등어 : 국내산<br/>갈치 : 국내산<br/>오징어 : 국내산<br/>꽃게 : 국내산<br/>참조기 : 국내산<br/>콩 : 국내산,922.1 Kcal,탄수화물(g) : 126.0<br/>단백질(g) : 24.3<br/>지방(g) : 40.0<br/>비타민A(R.E) : 298.5<br/>티아민(mg) : 0.5<br/>리보플라빈(mg) : 0.6<br/>비타민C(mg) : 34.5<br/>칼슘(mg) : 243.6<br/>철분(mg) : 4.6,20210826
B10,서울특별시교육청,7010073,당곡고등학교,2,중식,20210820,510.00,친환경잡곡밥*5.<br/>매콤해물볶음우동*5.6.9.13.17.<br/>달걀팟국*1.5.6.9.13.<br/>바베큐폭찹*5.6.10.12.13.14.16.18.<br/>미니새송이버섯초무침*5.6.13.<br/>겉절이*9.13.<br/>거꾸로먹는야구르트*2.,쌀 : 국내산<br/>김치류 : 국내산<br/>고춧가루(김치류) : 국내산<br/>쇠고기(종류) : 국내산(한우)<br/>돼지고기 : 국내산<br/>닭고기 : 국내산<br/>오리고기 : 국내산<br/>쇠고기 식육가공품 : 국내산<br/>돼지고기 식육가공품 : 국내산<br/>닭고기 식육가공품 : 국내산<br/>오리고기 가공품 : 국내산<br/>낙지 : 국내산<br/>고등어 : 국내산<br/>갈치 : 국내산<br/>오징어 : 국내산<br/>꽃게 : 국내산<br/>참조기 : 국내산<br/>콩 : 국내산,884.4 Kcal,탄수화물(g) : 129.1<br/>단백질(g) : 58.4<br/>지방(g) : 16.8<br/>비타민A(R.E) : 244.1<br/>티아민(mg) : 1.0<br/>리보플라빈(mg) : 1.1<br/>비타민C(mg) : 30.8<br/>칼슘(mg) : 352.7<br/>철분(mg) : 4.7,20210827
B10,서울특별시교육청,7010073,당곡고등학교,2,중식,20210823,530.00,추가밥*<br/>한우카레우동*2.5.6.12.16.18.<br/>왕새우튀김&타르타르소스*1.5.6.9.10.<br/>깍두기*9.13.<br/>사과맛요거트드링크*2.<br/>오이고추쌈장무침*5.6.13.,쌀 : 국내산<br/>김치류 : 국내산<br/>고춧가루(김치류) : 국내산<br/>쇠고기(종류) : 국내산(한우)<br/>돼지고기 : 국내산<br/>닭고기 : 국내산<br/>오리고기 : 국내산<br/>쇠고기 식육가공품 : 국내산<br/>돼지고기 식육가공품 : 국내산<br/>닭고기 식육가공품 : 국내산<br/>오리고기 가공품 : 국내산<br/>낙지 : 국내산<br/>고등어 : 국내산<br/>갈치 : 국내산<br/>오징어 : 국내산<br/>꽃게 : 국내산<br/>참조기 : 국내산<br/>콩 : 국내산,852.6 Kcal,탄수화물(g) : 133.8<br/>단백질(g) : 28.9<br/>지방(g) : 23.7<br/>비타민A(R.E) : 216.0<br/>티아민(mg) : 0.3<br/>리보플라빈(mg) : 0.3<br/>비타민C(mg) : 38.7<br/>칼슘(mg) : 270.4<br/>철분(mg) : 5.6,20210830
B10,서울특별시교육청,7010073,당곡고등학교,2,중식,20210824,510.00,친환경칼슘기장밥*<br/>조랭이떡미역국*5.6.13.<br/>매콤닭김치찜*9.13.15.<br/>연두부&양념장*5.6.13.<br/>무시래기들깨된장볶음*5.6.13.18.<br/>겉절이*9.13.<br/>수박*,쌀 : 국내산<br/>김치류 : 국내산<br/>고춧가루(김치류) : 국내산<br/>쇠고기(종류) : 국내산(한우)<br/>돼지고기 : 국내산<br/>닭고기 : 국내산<br/>오리고기 : 국내산<br/>쇠고기 식육가공품 : 국내산<br/>돼지고기 식육가공품 : 국내산<br/>닭고기 식육가공품 : 국내산<br/>오리고기 가공품 : 국내산<br/>낙지 : 국내산<br/>고등어 : 국내산<br/>갈치 : 국내산<br/>오징어 : 국내산<br/>꽃게 : 국내산<br/>참조기 : 국내산<br/>콩 : 국내산,800.8 Kcal,탄수화물(g) : 129.8<br/>단백질(g) : 38.5<br/>지방(g) : 16.0<br/>비타민A(R.E) : 491.5<br/>티아민(mg) : 0.7<br/>리보플라빈(mg) : 0.6<br/>비타민C(mg) : 24.8<br/>칼슘(mg) : 319.4<br/>철분(mg) : 5.0,20210831
B10,서울특별시교육청,7010073,당곡고등학교,2,중식,20210825,510.00,친환경잡곡밥*5.<br/>들깨수제비국*5.6.9.13.<br/>콩나물무침*5.6.13.<br/>돼지고기고추장오븐구이*5.6.10.13.<br/>버섯잡채*5.6.8.13.<br/>파김치*9.13.,쌀 : 국내산<br/>김치류 : 국내산<br/>고춧가루(김치류) : 국내산<br/>쇠고기(종류) : 국내산(한우)<br/>돼지고기 : 국내산<br/>닭고기 : 국내산<br/>오리고기 : 국내산<br/>쇠고기 식육가공품 : 국내산<br/>돼지고기 식육가공품 : 국내산<br/>닭고기 식육가공품 : 국내산<br/>오리고기 가공품 : 국내산<br/>낙지 : 국내산<br/>고등어 : 국내산<br/>갈치 : 국내산<br/>오징어 : 국내산<br/>꽃게 : 국내산<br/>참조기 : 국내산<br/>콩 : 국내산,894.7 Kcal,탄수화물(g) : 146.9<br/>단백질(g) : 51.2<br/>지방(g) : 16.5<br/>비타민A(R.E) : 480.1<br/>티아민(mg) : 1.0<br/>리보플라빈(mg) : 1.2<br/>비타민C(mg) : 12.8<br/>칼슘(mg) : 286.2<br/>철분(mg) : 5.4,20210901
B10,서울특별시교육청,7010073,당곡고등학교,2,중식,20210826,510.00,햄김치볶음밥*2.5.6.9.10.13.<br/>어묵우동장국*1.2.5.6.9.13.16.<br/>오이도라지무침*5.6.13.<br/>블랙갈릭치킨*2.4.5.6.13.15.17.<br/>깍두기*9.13.<br/>메밀식혜*3.,쌀 : 국내산<br/>김치류 : 국내산<br/>고춧가루(김치류) : 국내산<br/>쇠고기(종류) : 국내산(한우)<br/>돼지고기 : 국내산<br/>닭고기 : 국내산<br/>오리고기 : 국내산<br/>쇠고기 식육가공품 : 국내산<br/>돼지고기 식육가공품 : 국내산<br/>닭고기 식육가공품 : 국내산<br/>오리고기 가공품 : 국내산<br/>낙지 : 국내산<br/>고등어 : 국내산<br/>갈치 : 국내산<br/>오징어 : 국내산<br/>꽃게 : 국내산<br/>참조기 : 국내산<br/>콩 : 국내산,831.7 Kcal,탄수화물(g) : 139.6<br/>단백질(g) : 43.9<br/>지방(g) : 17.0<br/>비타민A(R.E) : 442.5<br/>티아민(mg) : 1.1<br/>리보플라빈(mg) : 1.4<br/>비타민C(mg) : 35.1<br/>칼슘(mg) : 309.7<br/>철분(mg) : 9.1,20210902
B10,서울특별시교육청,7010073,당곡고등학교,2,중식,20210827,510.00,유부주먹밥*1.5.6.7.18.<br/>잔치국수*1.5.6.13.<br/>청경채된장무침*5.6.<br/>데리야끼삼치구이*5.6.13.<br/>배추김치*9.13.<br/>떠먹는딸기바나나아이스크림*1.2.5.,쌀 : 국내산<br/>김치류 : 국내산<br/>고춧가루(김치류) : 국내산<br/>쇠고기(종류) : 국내산(한우)<br/>돼지고기 : 국내산<br/>닭고기 : 국내산<br/>오리고기 : 국내산<br/>쇠고기 식육가공품 : 국내산<br/>돼지고기 식육가공품 : 국내산<br/>닭고기 식육가공품 : 국내산<br/>오리고기 가공품 : 국내산<br/>낙지 : 국내산<br/>고등어 : 국내산<br/>갈치 : 국내산<br/>오징어 : 국내산<br/>꽃게 : 국내산<br/>참조기 : 국내산<br/>콩 : 국내산,683.8 Kcal,탄수화물(g) : 108.0<br/>단백질(g) : 26.6<br/>지방(g) : 16.3<br/>비타민A(R.E) : 310.8<br/>티아민(mg) : 0.3<br/>리보플라빈(mg) : 0.6<br/>비타민C(mg) : 24.1<br/>칼슘(mg) : 298.1<br/>철분(mg) : 3.9,20210903
B10,서울특별시교육청,7010073,당곡고등학교,2,중식,20210830,530.00,치킨마요덮밥*1.5.6.13.<br/>오징어무국*5.6.13.17.<br/>고구마줄기들깨볶음*<br/>회오리감자*2.5.6.13.<br/>깍두기*9.13.<br/>바나나*,쌀 : 국내산<br/>김치류 : 국내산<br/>고춧가루(김치류) : 국내산<br/>쇠고기(종류) : 국내산(한우)<br/>돼지고기 : 국내산<br/>닭고기 : 국내산<br/>오리고기 : 국내산<br/>쇠고기 식육가공품 : 국내산<br/>돼지고기 식육가공품 : 국내산<br/>닭고기 식육가공품 : 국내산<br/>오리고기 가공품 : 국내산<br/>낙지 : 국내산<br/>고등어 : 국내산<br/>갈치 : 국내산<br/>오징어 : 국내산<br/>꽃게 : 국내산<br/>참조기 : 국내산<br/>콩 : 국내산,747.3 Kcal,탄수화물(g) : 137.5<br/>단백질(g) : 32.8<br/>지방(g) : 13.0<br/>비타민A(R.E) : 345.1<br/>티아민(mg) : 0.6<br/>리보플라빈(mg) : 0.7<br/>비타민C(mg) : 26.5<br/>칼슘(mg) : 253.8<br/>철분(mg) : 6.6,20210906
B10,서울특별시교육청,7010073,당곡고등학교,2,중식,20210831,510.00,친환경잡곡밥*5.<br/>치즈에그타르트*1.2.5.6.<br/>매콤콩나물국*5.6.13.<br/>도토리묵김치무침*3.5.6.9.13.<br/>물파래무초절임*13.<br/>훈제오리&머스터드*1.5.6.13.<br/>배추김치*9.13.,쌀 : 국내산<br/>김치류 : 국내산<br/>고춧가루(김치류) : 국내산<br/>쇠고기(종류) : 국내산(한우)<br/>돼지고기 : 국내산<br/>닭고기 : 국내산<br/>오리고기 : 국내산<br/>쇠고기 식육가공품 : 국내산<br/>돼지고기 식육가공품 : 국내산<br/>닭고기 식육가공품 : 국내산<br/>오리고기 가공품 : 국내산<br/>낙지 : 국내산<br/>고등어 : 국내산<br/>갈치 : 국내산<br/>오징어 : 국내산<br/>꽃게 : 국내산<br/>참조기 : 국내산<br/>콩 : 국내산,906.4 Kcal,탄수화물(g) : 118.3<br/>단백질(g) : 31.7<br/>지방(g) : 39.2<br/>비타민A(R.E) : 143.0<br/>티아민(mg) : 0.5<br/>리보플라빈(mg) : 0.5<br/>비타민C(mg) : 29.8<br/>칼슘(mg) : 225.2<br/>철분(mg) : 4.3,20210907
B10,서울특별시교육청,7010073,당곡고등학교,2,중식,20210901,530.00,친환경잡곡밥*5.<br/>호박감자된장찌개*5.6.13.<br/>연두부&양념장*5.6.13.<br/>제육볶음*5.6.10.13.<br/>배추김치*9.13.<br/>사과음료*5.13.<br/>쌈상추&쌈장*5.6.13.,쌀 : 국내산<br/>김치류 : 국내산<br/>고춧가루(김치류) : 국내산<br/>쇠고기(종류) : 국내산(한우)<br/>돼지고기 : 국내산<br/>닭고기 : 국내산<br/>오리고기 : 국내산<br/>쇠고기 식육가공품 : 국내산<br/>돼지고기 식육가공품 : 국내산<br/>닭고기 식육가공품 : 국내산<br/>오리고기 가공품 : 국내산<br/>낙지 : 국내산<br/>고등어 : 국내산<br/>갈치 : 국내산<br/>오징어 : 국내산<br/>꽃게 : 국내산<br/>참조기 : 국내산<br/>콩 : 국내산,860.2 Kcal,탄수화물(g) : 136.2<br/>단백질(g) : 53.6<br/>지방(g) : 14.9<br/>비타민A(R.E) : 337.4<br/>티아민(mg) : 1.2<br/>리보플라빈(mg) : 1.0<br/>비타민C(mg) : 61.1<br/>칼슘(mg) : 271.0<br/>철분(mg) : 6.2,20210908
B10,서울특별시교육청,7010073,당곡고등학교,2,중식,20210902,510.00,추가밥*<br/>왕새우튀김우동*1.2.5.6.9.13.16.18.<br/>토마토소스또띠아피자*1.2.5.6.10.12.13.15.16.<br/>깍두기*9.13.<br/>거꾸로먹는야구르트*2.<br/>스틱단무지*,쌀 : 국내산<br/>김치류 : 국내산<br/>고춧가루(김치류) : 국내산<br/>쇠고기(종류) : 국내산(한우)<br/>돼지고기 : 국내산<br/>닭고기 : 국내산<br/>오리고기 : 국내산<br/>쇠고기 식육가공품 : 국내산<br/>돼지고기 식육가공품 : 국내산<br/>닭고기 식육가공품 : 국내산<br/>오리고기 가공품 : 국내산<br/>낙지 : 국내산<br/>고등어 : 국내산<br/>갈치 : 국내산<br/>오징어 : 국내산<br/>꽃게 : 국내산<br/>참조기 : 국내산<br/>콩 : 국내산,930.3 Kcal,탄수화물(g) : 138.4<br/>단백질(g) : 34.9<br/>지방(g) : 25.1<br/>비타민A(R.E) : 302.6<br/>티아민(mg) : 0.5<br/>리보플라빈(mg) : 0.7<br/>비타민C(mg) : 24.6<br/>칼슘(mg) : 582.8<br/>철분(mg) : 14.7,20210909
B10,서울특별시교육청,7010073,당곡고등학교,2,중식,20210903,510.00,친환경차수수밥*<br/>한우미역국*5.16.6.13.<br/>더덕생채*<br/>고등어구이*6.7.13.<br/>치킨너겟&머스터드*5.6.15.<br/>겉절이*9.13.<br/>멜론*,쌀 : 국내산<br/>김치류 : 국내산<br/>고춧가루(김치류) : 국내산<br/>쇠고기(종류) : 국내산(한우)<br/>돼지고기 : 국내산<br/>닭고기 : 국내산<br/>오리고기 : 국내산<br/>쇠고기 식육가공품 : 국내산<br/>돼지고기 식육가공품 : 국내산<br/>닭고기 식육가공품 : 국내산<br/>오리고기 가공품 : 국내산<br/>낙지 : 국내산<br/>고등어 : 국내산<br/>갈치 : 국내산<br/>오징어 : 국내산<br/>꽃게 : 국내산<br/>참조기 : 국내산<br/>콩 : 국내산,767.1 Kcal,탄수화물(g) : 101.7<br/>단백질(g) : 40.1<br/>지방(g) : 27.5<br/>비타민A(R.E) : 27.8<br/>티아민(mg) : 0.4<br/>리보플라빈(mg) : 0.4<br/>비타민C(mg) : 8.6<br/>칼슘(mg) : 216.2<br/>철분(mg) : 4.2,20210910
B10,서울특별시교육청,7010073,당곡고등학교,2,중식,20210906,530.00,돈육필라프*2.5.6.10.13.<br/>참치김치찌개*5.9.13.<br/>참나물무침*5.6.13.<br/>닭꼬치*2.5.6.12.15.16.18.<br/>깍두기*9.13.<br/>단감*,쌀 : 국내산<br/>김치류 : 국내산<br/>고춧가루(김치류) : 국내산<br/>쇠고기(종류) : 국내산(한우)<br/>돼지고기 : 국내산<br/>닭고기 : 국내산<br/>오리고기 : 국내산<br/>쇠고기 식육가공품 : 국내산<br/>돼지고기 식육가공품 : 국내산<br/>닭고기 식육가공품 : 국내산<br/>오리고기 가공품 : 국내산<br/>낙지 : 국내산<br/>고등어 : 국내산<br/>갈치 : 국내산<br/>오징어 : 국내산<br/>꽃게 : 국내산<br/>참조기 : 국내산<br/>콩 : 국내산,649.9 Kcal,탄수화물(g) : 86.4<br/>단백질(g) : 42.9<br/>지방(g) : 16.3<br/>비타민A(R.E) : 284.6<br/>티아민(mg) : 0.6<br/>리보플라빈(mg) : 0.6<br/>비타민C(mg) : 33.7<br/>칼슘(mg) : 235.0<br/>철분(mg) : 9.0,20210913
B10,서울특별시교육청,7010073,당곡고등학교,2,중식,20210907,510.00,친환경잡곡밥*5.<br/>닭개장*2.5.6.13.15.16.<br/>마늘쫑무침*5.6.13.<br/>대구커틀렛&타르소스*1.5.13.<br/>동그랑땡구이&케첩*1.2.5.6.10.12.15.16.<br/>갓김치*9.13.<br/>짜먹는요구르트*2.,쌀 : 국내산<br/>김치류 : 국내산<br/>고춧가루(김치류) : 국내산<br/>쇠고기(종류) : 국내산(한우)<br/>돼지고기 : 국내산<br/>닭고기 : 국내산<br/>오리고기 : 국내산<br/>쇠고기 식육가공품 : 국내산<br/>돼지고기 식육가공품 : 국내산<br/>닭고기 식육가공품 : 국내산<br/>오리고기 가공품 : 국내산<br/>낙지 : 국내산<br/>고등어 : 국내산<br/>갈치 : 국내산<br/>오징어 : 국내산<br/>꽃게 : 국내산<br/>참조기 : 국내산<br/>콩 : 국내산,859.3 Kcal,탄수화물(g) : 131.0<br/>단백질(g) : 37.1<br/>지방(g) : 24.0<br/>비타민A(R.E) : 312.2<br/>티아민(mg) : 0.6<br/>리보플라빈(mg) : 0.6<br/>비타민C(mg) : 30.0<br/>칼슘(mg) : 215.2<br/>철분(mg) : 3.6,20210914
B10,서울특별시교육청,7010073,당곡고등학교,2,중식,20210908,510.00,친환경기장밥*<br/>맑은콩나물국*5.6.13.<br/>매콤돼지갈비찜*5.6.10.13.<br/>도라지생채*5.6.13.<br/>파래김볶음*5.13.<br/>배추김치*9.13.,쌀 : 국내산<br/>김치류 : 국내산<br/>고춧가루(김치류) : 국내산<br/>쇠고기(종류) : 국내산(한우)<br/>돼지고기 : 국내산<br/>닭고기 : 국내산<br/>오리고기 : 국내산<br/>쇠고기 식육가공품 : 국내산<br/>돼지고기 식육가공품 : 국내산<br/>닭고기 식육가공품 : 국내산<br/>오리고기 가공품 : 국내산<br/>낙지 : 국내산<br/>고등어 : 국내산<br/>갈치 : 국내산<br/>오징어 : 국내산<br/>꽃게 : 국내산<br/>참조기 : 국내산<br/>콩 : 국내산,742.2 Kcal,탄수화물(g) : 110.7<br/>단백질(g) : 50.4<br/>지방(g) : 13.6<br/>비타민A(R.E) : 215.1<br/>티아민(mg) : 1.0<br/>리보플라빈(mg) : 1.0<br/>비타민C(mg) : 12.6<br/>칼슘(mg) : 253.9<br/>철분(mg) : 5.1,20210915
B10,서울특별시교육청,7010073,당곡고등학교,2,중식,20210909,510.00,김가루주먹밥*13.<br/>소시지스파게티*1.2.5.6.10.12.13.15.16.<br/>양송이스프*2.5.6.13.<br/>볶음김치*9.13.<br/>스틱마늘빵*2.5.6.16.<br/>감귤음료*5.13.<br/>비트&오이피클*,쌀 : 국내산<br/>김치류 : 국내산<br/>고춧가루(김치류) : 국내산<br/>쇠고기(종류) : 국내산(한우)<br/>돼지고기 : 국내산<br/>닭고기 : 국내산<br/>오리고기 : 국내산<br/>쇠고기 식육가공품 : 국내산<br/>돼지고기 식육가공품 : 국내산<br/>닭고기 식육가공품 : 국내산<br/>오리고기 가공품 : 국내산<br/>낙지 : 국내산<br/>고등어 : 국내산<br/>갈치 : 국내산<br/>오징어 : 국내산<br/>꽃게 : 국내산<br/>참조기 : 국내산<br/>콩 : 국내산,1211.3 Kcal,탄수화물(g) : 215.9<br/>단백질(g) : 37.1<br/>지방(g) : 29.2<br/>비타민A(R.E) : 423.4<br/>티아민(mg) : 0.7<br/>리보플라빈(mg) : 0.8<br/>비타민C(mg) : 116.3<br/>칼슘(mg) : 279.2<br/>철분(mg) : 6.4,20210916
B10,서울특별시교육청,7010073,당곡고등학교,2,중식,20210910,510.00,친환경현미밥*<br/>근대된장국*5.6.13.<br/>동부묵김가루무침*5.6.13.<br/>깻잎순들깨볶음*5.6.13.18.<br/>닭볶음탕*5.6.13.<br/>배추김치*9.13.<br/>배*,쌀 : 국내산<br/>김치류 : 국내산<br/>고춧가루(김치류) : 국내산<br/>쇠고기(종류) : 국내산(한우)<br/>돼지고기 : 국내산<br/>닭고기 : 국내산<br/>오리고기 : 국내산<br/>쇠고기 식육가공품 : 국내산<br/>돼지고기 식육가공품 : 국내산<br/>닭고기 식육가공품 : 국내산<br/>오리고기 가공품 : 국내산<br/>낙지 : 국내산<br/>고등어 : 국내산<br/>갈치 : 국내산<br/>오징어 : 국내산<br/>꽃게 : 국내산<br/>참조기 : 국내산<br/>콩 : 국내산,705.4 Kcal,탄수화물(g) : 112.6<br/>단백질(g) : 38.8<br/>지방(g) : 15.4<br/>비타민A(R.E) : 747.4<br/>티아민(mg) : 0.6<br/>리보플라빈(mg) : 0.9<br/>비타민C(mg) : 17.1<br/>칼슘(mg) : 288.4<br/>철분(mg) : 4.6,20210917
B10,서울특별시교육청,7010073,당곡고등학교,2,중식,20210913,750.00,나시고랭*1.5.6.9.13.<br/>닭고기숙주수프*2.5.6.13.15.16.<br/>시금치굴소스볶음*5.6.13.18.<br/>분짜*2.5.6.10.15.16.18.<br/>깍두기*9.13.<br/>아이스망고,쌀 : 국내산<br/>김치류 : 국내산<br/>고춧가루(김치류) : 국내산<br/>쇠고기(종류) : 국내산(한우)<br/>돼지고기 : 국내산<br/>닭고기 : 국내산<br/>오리고기 : 국내산<br/>쇠고기 식육가공품 : 국내산<br/>돼지고기 식육가공품 : 국내산<br/>닭고기 식육가공품 : 국내산<br/>오리고기 가공품 : 국내산<br/>낙지 : 국내산<br/>고등어 : 국내산<br/>갈치 : 국내산<br/>오징어 : 국내산<br/>꽃게 : 국내산<br/>참조기 : 국내산<br/>콩 : 국내산,820.6 Kcal,탄수화물(g) : 123.6<br/>단백질(g) : 51.4<br/>지방(g) : 9.9<br/>비타민A(R.E) : 401.0<br/>티아민(mg) : 0.9<br/>리보플라빈(mg) : 0.7<br/>비타민C(mg) : 25.4<br/>칼슘(mg) : 232.3<br/>철분(mg) : 5.6,20210920
B10,서울특별시교육청,7010073,당곡고등학교,2,중식,20210914,730.00,곤드레밥*<br/>모듬버섯장국*5.6.13.16.18.<br/>고춧잎나물*5.6.<br/>명엽채견과류볶음*1.4.5.13.<br/>콩나물불고기*5.6.10.13.<br/>양념장*5.6.13.<br/>겉절이*9.13.<br/>오렌지*,쌀 : 국내산<br/>김치류 : 국내산<br/>고춧가루(김치류) : 국내산<br/>쇠고기(종류) : 국내산(한우)<br/>돼지고기 : 국내산<br/>닭고기 : 국내산<br/>오리고기 : 국내산<br/>쇠고기 식육가공품 : 국내산<br/>돼지고기 식육가공품 : 국내산<br/>닭고기 식육가공품 : 국내산<br/>오리고기 가공품 : 국내산<br/>낙지 : 국내산<br/>고등어 : 국내산<br/>갈치 : 국내산<br/>오징어 : 국내산<br/>꽃게 : 국내산<br/>참조기 : 국내산<br/>콩 : 국내산,789.1 Kcal,탄수화물(g) : 112.6<br/>단백질(g) : 64.7<br/>지방(g) : 14.3<br/>비타민A(R.E) : 377.2<br/>티아민(mg) : 1.1<br/>리보플라빈(mg) : 1.2<br/>비타민C(mg) : 46.1<br/>칼슘(mg) : 370.6<br/>철분(mg) : 6.4,20210921
B10,서울특별시교육청,7010073,당곡고등학교,2,중식,20210915,730.00,친환경현미밥*<br/>부대찌개&라면사리*1.2.5.6.9.10.12.13.16.<br/>깻잎순된장무침*5.6.13.18.<br/>고추잡채*1.2.5.6.10.13.<br/>명태전*<br/>섞박지*9.13.,쌀 : 국내산<br/>김치류 : 국내산<br/>고춧가루(김치류) : 국내산<br/>쇠고기(종류) : 국내산(한우)<br/>돼지고기 : 국내산<br/>닭고기 : 국내산<br/>오리고기 : 국내산<br/>쇠고기 식육가공품 : 국내산<br/>돼지고기 식육가공품 : 국내산<br/>닭고기 식육가공품 : 국내산<br/>오리고기 가공품 : 국내산<br/>낙지 : 국내산<br/>고등어 : 국내산<br/>갈치 : 국내산<br/>오징어 : 국내산<br/>꽃게 : 국내산<br/>참조기 : 국내산<br/>콩 : 국내산,779.5 Kcal,탄수화물(g) : 120.2<br/>단백질(g) : 45.8<br/>지방(g) : 15.0<br/>비타민A(R.E) : 431.3<br/>티아민(mg) : 0.8<br/>리보플라빈(mg) : 1.2<br/>비타민C(mg) : 41.5<br/>칼슘(mg) : 354.0<br/>철분(mg) : 4.5,20210922
B10,서울특별시교육청,7010073,당곡고등학교,2,중식,20210916,730.00,스팸마요덮밥*1.2.5.6.9.10.13.15.16.18.<br/>얼갈이된장국*5.6.13.<br/>바베큐장각오븐구이*2.5.6.12.13.15.16.18.<br/>깍두기*9.13.<br/>제리뽀*<br/>양배추샐러드&오렌지D*1.2.5.6.13.,쌀 : 국내산<br/>김치류 : 국내산<br/>고춧가루(김치류) : 국내산<br/>쇠고기(종류) : 국내산(한우)<br/>돼지고기 : 국내산<br/>닭고기 : 국내산<br/>오리고기 : 국내산<br/>쇠고기 식육가공품 : 국내산<br/>돼지고기 식육가공품 : 국내산<br/>닭고기 식육가공품 : 국내산<br/>오리고기 가공품 : 국내산<br/>낙지 : 국내산<br/>고등어 : 국내산<br/>갈치 : 국내산<br/>오징어 : 국내산<br/>꽃게 : 국내산<br/>참조기 : 국내산<br/>콩 : 국내산,869.7 Kcal,탄수화물(g) : 100.0<br/>단백질(g) : 43.7<br/>지방(g) : 36.4<br/>비타민A(R.E) : 414.8<br/>티아민(mg) : 0.5<br/>리보플라빈(mg) : 0.9<br/>비타민C(mg) : 47.1<br/>칼슘(mg) : 228.8<br/>철분(mg) : 4.3,20210923
B10,서울특별시교육청,7010073,당곡고등학교,2,중식,20210917,730.00,버터소이장조림비빔밥*1.2.5.6.13.18.<br/>바지락순두부찌개*1.5.6.9.10.13.16.18.<br/>콩나물무침*5.6.13.<br/>김말이튀김*5.6.12.16.18.<br/>깍두기*9.13.<br/>메밀식혜*3.<br/>국수떡볶이*1.5.6.,쌀 : 국내산<br/>김치류 : 국내산<br/>고춧가루(김치류) : 국내산<br/>쇠고기(종류) : 국내산(한우)<br/>돼지고기 : 국내산<br/>닭고기 : 국내산<br/>오리고기 : 국내산<br/>쇠고기 식육가공품 : 국내산<br/>돼지고기 식육가공품 : 국내산<br/>닭고기 식육가공품 : 국내산<br/>오리고기 가공품 : 국내산<br/>낙지 : 국내산<br/>고등어 : 국내산<br/>갈치 : 국내산<br/>오징어 : 국내산<br/>꽃게 : 국내산<br/>참조기 : 국내산<br/>콩 : 국내산,916.8 Kcal,탄수화물(g) : 149.5<br/>단백질(g) : 34.3<br/>지방(g) : 21.4<br/>비타민A(R.E) : 311.6<br/>티아민(mg) : 0.4<br/>리보플라빈(mg) : 0.9<br/>비타민C(mg) : 16.5<br/>칼슘(mg) : 315.2<br/>철분(mg) : 8.3,20210924
B10,서울특별시교육청,7010073,당곡고등학교,2,중식,20210924,670.00,숯불치킨덮밥*2.5.6.12.13.15.<br/>북엇국*1.5.6.13.<br/>데친양배추쌈장무침*5.6.13.<br/>핫도그&케찹*1.2.5.6.10.12.15.<br/>깍두기*9.13.<br/>자두음료*,쌀 : 국내산<br/>김치류 : 국내산<br/>고춧가루(김치류) : 국내산<br/>쇠고기(종류) : 국내산(한우)<br/>돼지고기 : 국내산<br/>닭고기 : 국내산<br/>오리고기 : 국내산<br/>쇠고기 식육가공품 : 국내산<br/>돼지고기 식육가공품 : 국내산<br/>닭고기 식육가공품 : 국내산<br/>오리고기 가공품 : 국내산<br/>낙지 : 국내산<br/>고등어 : 국내산<br/>갈치 : 국내산<br/>오징어 : 국내산<br/>꽃게 : 국내산<br/>참조기 : 국내산<br/>콩 : 국내산,827.3 Kcal,탄수화물(g) : 117.6<br/>단백질(g) : 53.9<br/>지방(g) : 18.0<br/>비타민A(R.E) : 400.7<br/>티아민(mg) : 0.6<br/>리보플라빈(mg) : 0.5<br/>비타민C(mg) : 34.2<br/>칼슘(mg) : 365.8<br/>철분(mg) : 3.8,20211001
B10,서울특별시교육청,7010073,당곡고등학교,2,중식,20210927,670.00,김가루주먹밥*13.<br/>들깨미역국*5.6.13.<br/>닭갈비볶음우동*2.5.6.7.13.15.16.18.<br/>오코노미야끼*1.2.5.6.13.16.17.18.<br/>깍두기*9.13.<br/>청포도음료*,쌀 : 국내산<br/>김치류 : 국내산<br/>고춧가루(김치류) : 국내산<br/>쇠고기(종류) : 국내산(한우)<br/>돼지고기 : 국내산<br/>닭고기 : 국내산<br/>오리고기 : 국내산<br/>쇠고기 식육가공품 : 국내산<br/>돼지고기 식육가공품 : 국내산<br/>닭고기 식육가공품 : 국내산<br/>오리고기 가공품 : 국내산<br/>낙지 : 국내산<br/>고등어 : 국내산<br/>갈치 : 국내산<br/>오징어 : 국내산<br/>꽃게 : 국내산<br/>참조기 : 국내산<br/>콩 : 국내산,820.3 Kcal,탄수화물(g) : 137.1<br/>단백질(g) : 46.4<br/>지방(g) : 13.5<br/>비타민A(R.E) : 422.9<br/>티아민(mg) : 0.7<br/>리보플라빈(mg) : 0.7<br/>비타민C(mg) : 25.8<br/>칼슘(mg) : 285.9<br/>철분(mg) : 13.7,20211004
B10,서울특별시교육청,7010073,당곡고등학교,2,중식,20210928,670.00,친환경잡곡밥*5.<br/>순댓국(大)*6.9.10.13.<br/>오징어초무침*5.6.13.<br/>가지된장소스무침*5.6.13.<br/>가자미카레구이*2.5.6.12.13.16.18.<br/>겉절이*9.13.<br/>사과*,쌀 : 국내산<br/>김치류 : 국내산<br/>고춧가루(김치류) : 국내산<br/>쇠고기(종류) : 국내산(한우)<br/>돼지고기 : 국내산<br/>닭고기 : 국내산<br/>오리고기 : 국내산<br/>쇠고기 식육가공품 : 국내산<br/>돼지고기 식육가공품 : 국내산<br/>닭고기 식육가공품 : 국내산<br/>오리고기 가공품 : 국내산<br/>낙지 : 국내산<br/>고등어 : 국내산<br/>갈치 : 국내산<br/>오징어 : 국내산<br/>꽃게 : 국내산<br/>참조기 : 국내산<br/>콩 : 국내산,830.9 Kcal,탄수화물(g) : 121.2<br/>단백질(g) : 51.3<br/>지방(g) : 18.6<br/>비타민A(R.E) : 290.7<br/>티아민(mg) : 0.6<br/>리보플라빈(mg) : 0.8<br/>비타민C(mg) : 25.2<br/>칼슘(mg) : 326.9<br/>철분(mg) : 9.4,20211005
B10,서울특별시교육청,7010073,당곡고등학교,2,중식,20210929,670.00,친환경현미밥*<br/>흑미치즈볼*1.2.5.6.<br/>바지락콩비지찌개*5.6.9.13.18.<br/>쑥갓두부무침*5.6.13.<br/>고추장멸치볶음*5.6.13.<br/>데리야끼닭살볶음*2.5.6.12.13.15.16.18.<br/>열무김치*9.13.,쌀 : 국내산<br/>김치류 : 국내산<br/>고춧가루(김치류) : 국내산<br/>쇠고기(종류) : 국내산(한우)<br/>돼지고기 : 국내산<br/>닭고기 : 국내산<br/>오리고기 : 국내산<br/>쇠고기 식육가공품 : 국내산<br/>돼지고기 식육가공품 : 국내산<br/>닭고기 식육가공품 : 국내산<br/>오리고기 가공품 : 국내산<br/>낙지 : 국내산<br/>고등어 : 국내산<br/>갈치 : 국내산<br/>오징어 : 국내산<br/>꽃게 : 국내산<br/>참조기 : 국내산<br/>콩 : 국내산,831.1 Kcal,탄수화물(g) : 120.6<br/>단백질(g) : 65.1<br/>지방(g) : 11.8<br/>비타민A(R.E) : 308.0<br/>티아민(mg) : 0.6<br/>리보플라빈(mg) : 0.5<br/>비타민C(mg) : 20.7<br/>칼슘(mg) : 463.9<br/>철분(mg) : 8.7,20211006
B10,서울특별시교육청,7010073,당곡고등학교,2,중식,20210930,670.00,돼지고기김치볶음밥*2.5.6.9.10.13.<br/>달걀팟국*1.5.6.9.13.<br/>떡갈비구이&데리야끼소스*1.5.6.10.13.15.16.18.<br/>연근강정*2.5.6.12.13.16.<br/>깍두기*9.13.<br/>바나나*,쌀 : 국내산<br/>김치류 : 국내산<br/>고춧가루(김치류) : 국내산<br/>쇠고기(종류) : 국내산(한우)<br/>돼지고기 : 국내산<br/>닭고기 : 국내산<br/>오리고기 : 국내산<br/>쇠고기 식육가공품 : 국내산<br/>돼지고기 식육가공품 : 국내산<br/>닭고기 식육가공품 : 국내산<br/>오리고기 가공품 : 국내산<br/>낙지 : 국내산<br/>고등어 : 국내산<br/>갈치 : 국내산<br/>오징어 : 국내산<br/>꽃게 : 국내산<br/>참조기 : 국내산<br/>콩 : 국내산,829.7 Kcal,탄수화물(g) : 122.0<br/>단백질(g) : 42.8<br/>지방(g) : 24.3<br/>비타민A(R.E) : 396.2<br/>티아민(mg) : 0.8<br/>리보플라빈(mg) : 0.8<br/>비타민C(mg) : 38.8<br/>칼슘(mg) : 265.0<br/>철분(mg) : 5.8,20211007
B10,서울특별시교육청,7010073,당곡고등학교,2,중식,20211001,680.00,친환경잡곡밥*5.<br/>들깨미역국*5.6.13.<br/>숙주나물무침<br/>돼지고기김치두루치기*5.6.9.10.13.<br/>두부달걀부침*1.5.6.<br/>깻잎지*9.13.18.<br/>바나나생크림와플*1.2.5.6.13.,쌀 : 국내산<br/>김치류 : 국내산<br/>고춧가루(김치류) : 국내산<br/>쇠고기(종류) : 국내산(한우)<br/>돼지고기 : 국내산<br/>닭고기 : 국내산<br/>오리고기 : 국내산<br/>쇠고기 식육가공품 : 국내산<br/>돼지고기 식육가공품 : 국내산<br/>닭고기 식육가공품 : 국내산<br/>오리고기 가공품 : 국내산<br/>낙지 : 국내산<br/>고등어 : 국내산<br/>갈치 : 국내산<br/>오징어 : 국내산<br/>꽃게 : 국내산<br/>참조기 : 국내산<br/>콩 : 국내산,889.6 Kcal,탄수화물(g) : 123.9<br/>단백질(g) : 54.7<br/>지방(g) : 20.9<br/>비타민A(R.E) : 164.6<br/>티아민(mg) : 1.0<br/>리보플라빈(mg) : 1.0<br/>비타민C(mg) : 22.8<br/>칼슘(mg) : 356.8<br/>철분(mg) : 6.2,20211008
B10,서울특별시교육청,7010073,당곡고등학교,2,중식,20211005,680.00,쫄면야채무침(大)*5.6.13.<br/>팽이장국*5.6.13.<br/>매콤어묵볶음주먹밥*1.5.6.13.16.18.<br/>고구마돈까스&브라운소스*1.2.5.6.10.12.13.16.<br/>배추김치*9.13.<br/>감귤음료*5.13.,쌀 : 국내산<br/>김치류 : 국내산<br/>고춧가루(김치류) : 국내산<br/>쇠고기(종류) : 국내산(한우)<br/>돼지고기 : 국내산<br/>닭고기 : 국내산<br/>오리고기 : 국내산<br/>쇠고기 식육가공품 : 국내산<br/>돼지고기 식육가공품 : 국내산<br/>닭고기 식육가공품 : 국내산<br/>오리고기 가공품 : 국내산<br/>낙지 : 국내산<br/>고등어 : 국내산<br/>갈치 : 국내산<br/>오징어 : 국내산<br/>꽃게 : 국내산<br/>참조기 : 국내산<br/>콩 : 국내산,757.7 Kcal,탄수화물(g) : 144.1<br/>단백질(g) : 23.4<br/>지방(g) : 13.6<br/>비타민A(R.E) : 323.5<br/>티아민(mg) : 0.4<br/>리보플라빈(mg) : 0.5<br/>비타민C(mg) : 74.9<br/>칼슘(mg) : 259.1<br/>철분(mg) : 4.0,20211012
B10,서울특별시교육청,7010073,당곡고등학교,2,중식,20211006,680.00,친환경현미밥*<br/>한우갈비탕&당면*5.6.16.<br/>애호박새우젓볶음*9.13.<br/>고갈비*5.6.7.13.<br/>땡초피쉬바*1.5.6.13.<br/>총각김치*9.13.,쌀 : 국내산<br/>김치류 : 국내산<br/>고춧가루(김치류) : 국내산<br/>쇠고기(종류) : 국내산(한우)<br/>돼지고기 : 국내산<br/>닭고기 : 국내산<br/>오리고기 : 국내산<br/>쇠고기 식육가공품 : 국내산<br/>돼지고기 식육가공품 : 국내산<br/>닭고기 식육가공품 : 국내산<br/>오리고기 가공품 : 국내산<br/>낙지 : 국내산<br/>고등어 : 국내산<br/>갈치 : 국내산<br/>오징어 : 국내산<br/>꽃게 : 국내산<br/>참조기 : 국내산<br/>콩 : 국내산,804.6 Kcal,탄수화물(g) : 107.4<br/>단백질(g) : 37.8<br/>지방(g) : 29.3<br/>비타민A(R.E) : 98.3<br/>티아민(mg) : 0.3<br/>리보플라빈(mg) : 0.5<br/>비타민C(mg) : 11.0<br/>칼슘(mg) : 207.7<br/>철분(mg) : 4.1,20211013
B10,서울특별시교육청,7010073,당곡고등학교,2,중식,20211007,680.00,매콤돈육필라프*2.5.6.10.13.<br/>라자냐*1.2.5.6.10.12.13.16.<br/>브로콜리스프*2.5.6.13.<br/>깍두기*9.13.<br/>적포도*<br/>와사비마요샐러드*1.2.5.6.13.,쌀 : 국내산<br/>김치류 : 국내산<br/>고춧가루(김치류) : 국내산<br/>쇠고기(종류) : 국내산(한우)<br/>돼지고기 : 국내산<br/>닭고기 : 국내산<br/>오리고기 : 국내산<br/>쇠고기 식육가공품 : 국내산<br/>돼지고기 식육가공품 : 국내산<br/>닭고기 식육가공품 : 국내산<br/>오리고기 가공품 : 국내산<br/>낙지 : 국내산<br/>고등어 : 국내산<br/>갈치 : 국내산<br/>오징어 : 국내산<br/>꽃게 : 국내산<br/>참조기 : 국내산<br/>콩 : 국내산,931.9 Kcal,탄수화물(g) : 131.9<br/>단백질(g) : 42.2<br/>지방(g) : 27.6<br/>비타민A(R.E) : 275.7<br/>티아민(mg) : 0.6<br/>리보플라빈(mg) : 0.8<br/>비타민C(mg) : 32.1<br/>칼슘(mg) : 573.8<br/>철분(mg) : 2.9,20211014
B10,서울특별시교육청,7010073,당곡고등학교,2,중식,20211008,690.00,친환경흑미밥*<br/>레드벨벳케이크*1.2.5.6.<br/>매콤콩나물국*5.6.13.<br/>순살찜닭&스노우치즈*2.5.6.8.13.15.<br/>부추무생채*1.2.5.6.13.<br/>백김치*9.13.<br/>조미김*,쌀 : 국내산<br/>김치류 : 국내산<br/>고춧가루(김치류) : 국내산<br/>쇠고기(종류) : 국내산(한우)<br/>돼지고기 : 국내산<br/>닭고기 : 국내산<br/>오리고기 : 국내산<br/>쇠고기 식육가공품 : 국내산<br/>돼지고기 식육가공품 : 국내산<br/>닭고기 식육가공품 : 국내산<br/>오리고기 가공품 : 국내산<br/>낙지 : 국내산<br/>고등어 : 국내산<br/>갈치 : 국내산<br/>오징어 : 국내산<br/>꽃게 : 국내산<br/>참조기 : 국내산<br/>콩 : 국내산,837.4 Kcal,탄수화물(g) : 105.2<br/>단백질(g) : 52.6<br/>지방(g) : 13.4<br/>비타민A(R.E) : 296.4<br/>티아민(mg) : 0.5<br/>리보플라빈(mg) : 0.5<br/>비타민C(mg) : 17.8<br/>칼슘(mg) : 302.2<br/>철분(mg) : 3.1,20211015
B10,서울특별시교육청,7010073,당곡고등학교,2,중식,20211012,680.00,짜장면(1/2)*1.2.5.6.10.13.<br/>얼큰짬뽕(1/2)*1.5.6.9.13.17.18.<br/>꿔바로우&흑당소스*5.6.10.<br/>파김치*9.13.<br/>꼬들단무지*<br/>요거트크림뚱카롱*1.2.,쌀 : 국내산<br/>김치류 : 국내산<br/>고춧가루(김치류) : 국내산<br/>쇠고기(종류) : 국내산(한우)<br/>돼지고기 : 국내산<br/>닭고기 : 국내산<br/>오리고기 : 국내산<br/>쇠고기 식육가공품 : 국내산<br/>돼지고기 식육가공품 : 국내산<br/>닭고기 식육가공품 : 국내산<br/>오리고기 가공품 : 국내산<br/>낙지 : 국내산<br/>고등어 : 국내산<br/>갈치 : 국내산<br/>오징어 : 국내산<br/>꽃게 : 국내산<br/>참조기 : 국내산<br/>콩 : 국내산,822.9 Kcal,탄수화물(g) : 136.9<br/>단백질(g) : 29.1<br/>지방(g) : 21.2<br/>비타민A(R.E) : 203.8<br/>티아민(mg) : 0.4<br/>리보플라빈(mg) : 1.6<br/>비타민C(mg) : 26.8<br/>칼슘(mg) : 315.0<br/>철분(mg) : 9.1,20211019
B10,서울특별시교육청,7010073,당곡고등학교,2,중식,20211020,680.00,친환경잡곡밥*5.<br/>부대찌개*1.2.5.6.9.10.12.13.16.<br/>오이무침*5.6.13.<br/>게맛살스크램블에그*1.5.6.8.10.13.<br/>피쉬&칩스*1.5.6.<br/>깍두기*9.13.,쌀 : 국내산<br/>김치류 : 국내산<br/>고춧가루(김치류) : 국내산<br/>쇠고기(종류) : 국내산(한우)<br/>돼지고기 : 국내산<br/>닭고기 : 국내산<br/>오리고기 : 국내산<br/>쇠고기 식육가공품 : 국내산<br/>돼지고기 식육가공품 : 국내산<br/>닭고기 식육가공품 : 국내산<br/>오리고기 가공품 : 국내산<br/>낙지 : 국내산<br/>고등어 : 국내산<br/>갈치 : 국내산<br/>오징어 : 국내산<br/>꽃게 : 국내산<br/>참조기 : 국내산<br/>콩 : 국내산,670.9 Kcal,탄수화물(g) : 101.3<br/>단백질(g) : 36.7<br/>지방(g) : 13.3<br/>비타민A(R.E) : 190.4<br/>티아민(mg) : 0.5<br/>리보플라빈(mg) : 0.8<br/>비타민C(mg) : 14.3<br/>칼슘(mg) : 263.0<br/>철분(mg) : 4.1,20211027
B10,서울특별시교육청,7010073,당곡고등학교,2,중식,20211021,680.00,야채볶음밥*2.5.6.13.<br/>양송이크림스프&크루통*1.2.5.6.13.<br/>왕치킨까스&양념치킨소스*1.2.5.6.12.13.15.18.<br/>배추김치*9.13.<br/>오이피클&단무지*13.<br/>블루레몬에이드*1.3.,쌀 : 국내산<br/>김치류 : 국내산<br/>고춧가루(김치류) : 국내산<br/>쇠고기(종류) : 국내산(한우)<br/>돼지고기 : 국내산<br/>닭고기 : 국내산<br/>오리고기 : 국내산<br/>쇠고기 식육가공품 : 국내산<br/>돼지고기 식육가공품 : 국내산<br/>닭고기 식육가공품 : 국내산<br/>오리고기 가공품 : 국내산<br/>낙지 : 국내산<br/>고등어 : 국내산<br/>갈치 : 국내산<br/>오징어 : 국내산<br/>꽃게 : 국내산<br/>참조기 : 국내산<br/>콩 : 국내산,874.9 Kcal,탄수화물(g) : 135.6<br/>단백질(g) : 35.1<br/>지방(g) : 22.8<br/>비타민A(R.E) : 185.2<br/>티아민(mg) : 1.3<br/>리보플라빈(mg) : 1.3<br/>비타민C(mg) : 15.2<br/>칼슘(mg) : 205.9<br/>철분(mg) : 7.9,20211028
B10,서울특별시교육청,7010073,당곡고등학교,2,중식,20211022,680.00,김가루주먹밥*13.<br/>쑥갓어묵국*1.5.6.13.<br/>대왕오징어튀김*17.<br/>오렌지*<br/>치즈국물떡볶이&넓적당면(大)*1.2.5.6.10.12.13.15.16.18.<br/>스틱단무지*,쌀 : 국내산<br/>김치류 : 국내산<br/>고춧가루(김치류) : 국내산<br/>쇠고기(종류) : 국내산(한우)<br/>돼지고기 : 국내산<br/>닭고기 : 국내산<br/>오리고기 : 국내산<br/>쇠고기 식육가공품 : 국내산<br/>돼지고기 식육가공품 : 국내산<br/>닭고기 식육가공품 : 국내산<br/>오리고기 가공품 : 국내산<br/>낙지 : 국내산<br/>고등어 : 국내산<br/>갈치 : 국내산<br/>오징어 : 국내산<br/>꽃게 : 국내산<br/>참조기 : 국내산<br/>콩 : 국내산,757.1 Kcal,탄수화물(g) : 129.8<br/>단백질(g) : 36.5<br/>지방(g) : 14.5<br/>비타민A(R.E) : 265.4<br/>티아민(mg) : 0.3<br/>리보플라빈(mg) : 0.6<br/>비타민C(mg) : 32.4<br/>칼슘(mg) : 376.5<br/>철분(mg) : 4.9,20211029
B10,서울특별시교육청,7010073,당곡고등학교,2,중식,20211025,566.00,산채비빔밥&약고추장*5.6.10.13.<br/>독도케이크*1.2.5.6.16.<br/>시래기청국장찌개*5.6.13.<br/>*검정콩자반5.6.13.<br/>버터플라이스테이크&브라운소스*1.2.5.6.9.10.12.13.<br/>배추김치*9.13.,쌀 : 국내산<br/>김치류 : 국내산<br/>고춧가루(김치류) : 국내산<br/>쇠고기(종류) : 국내산(한우)<br/>돼지고기 : 국내산<br/>닭고기 : 국내산<br/>오리고기 : 국내산<br/>쇠고기 식육가공품 : 국내산<br/>돼지고기 식육가공품 : 국내산<br/>닭고기 식육가공품 : 국내산<br/>오리고기 가공품 : 국내산<br/>낙지 : 국내산<br/>고등어 : 국내산<br/>갈치 : 국내산<br/>오징어 : 국내산<br/>꽃게 : 국내산<br/>참조기 : 국내산<br/>콩 : 국내산,815.1 Kcal,탄수화물(g) : 127.6<br/>단백질(g) : 39.2<br/>지방(g) : 20.0<br/>비타민A(R.E) : 506.8<br/>티아민(mg) : 0.7<br/>리보플라빈(mg) : 0.8<br/>비타민C(mg) : 26.3<br/>칼슘(mg) : 356.0<br/>철분(mg) : 11.3,20211101
B10,서울특별시교육청,7010073,당곡고등학교,2,중식,20211026,566.00,친환경흑미밥*<br/>굴림만두떡국*1.5.6.10.13.16.18.<br/>돼지고기고추장조림*1.5.6.10.13.<br/>방풍나물무침*5.6.13.<br/>버섯잡채*5.6.8.13.<br/>깍두기*9.13.,쌀 : 국내산<br/>김치류 : 국내산<br/>고춧가루(김치류) : 국내산<br/>쇠고기(종류) : 국내산(한우)<br/>돼지고기 : 국내산<br/>닭고기 : 국내산<br/>오리고기 : 국내산<br/>쇠고기 식육가공품 : 국내산<br/>돼지고기 식육가공품 : 국내산<br/>닭고기 식육가공품 : 국내산<br/>오리고기 가공품 : 국내산<br/>낙지 : 국내산<br/>고등어 : 국내산<br/>갈치 : 국내산<br/>오징어 : 국내산<br/>꽃게 : 국내산<br/>참조기 : 국내산<br/>콩 : 국내산,893.8 Kcal,탄수화물(g) : 144.5<br/>단백질(g) : 54.4<br/>지방(g) : 15.4<br/>비타민A(R.E) : 416.4<br/>티아민(mg) : 1.0<br/>리보플라빈(mg) : 1.0<br/>비타민C(mg) : 26.7<br/>칼슘(mg) : 253.0<br/>철분(mg) : 4.2,20211102
B10,서울특별시교육청,7010073,당곡고등학교,2,중식,20211027,566.00,친환경현미밥*<br/>얼큰한우시래기국*5.6.13.16.<br/>세발나물새송이버섯초무침*5.6.13.<br/>가자미카레구이*2.5.6.12.13.16.18.<br/>매콤고기말이*1.6.10.15.16.<br/>섞박지*9.13.<br/>사과*,쌀 : 국내산<br/>김치류 : 국내산<br/>고춧가루(김치류) : 국내산<br/>쇠고기(종류) : 국내산(한우)<br/>돼지고기 : 국내산<br/>닭고기 : 국내산<br/>오리고기 : 국내산<br/>쇠고기 식육가공품 : 국내산<br/>돼지고기 식육가공품 : 국내산<br/>닭고기 식육가공품 : 국내산<br/>오리고기 가공품 : 국내산<br/>낙지 : 국내산<br/>고등어 : 국내산<br/>갈치 : 국내산<br/>오징어 : 국내산<br/>꽃게 : 국내산<br/>참조기 : 국내산<br/>콩 : 국내산,682.0 Kcal,탄수화물(g) : 94.9<br/>단백질(g) : 37.8<br/>지방(g) : 20.0<br/>비타민A(R.E) : 216.2<br/>티아민(mg) : 0.6<br/>리보플라빈(mg) : 0.6<br/>비타민C(mg) : 24.4<br/>칼슘(mg) : 213.8<br/>철분(mg) : 3.7,20211103
B10,서울특별시교육청,7010073,당곡고등학교,2,중식,20211028,566.00,김치볶음주먹밥*2.5.6.9.10.13.<br/>돈코츠라멘*1.2.5.6.10.13.15.16.<br/>하트군만두*1.5.6.10.16.18.<br/>겉절이*9.13.<br/>꼬들단무지무침*<br/>요구르트*2.,쌀 : 국내산<br/>김치류 : 국내산<br/>고춧가루(김치류) : 국내산<br/>쇠고기(종류) : 국내산(한우)<br/>돼지고기 : 국내산<br/>닭고기 : 국내산<br/>오리고기 : 국내산<br/>쇠고기 식육가공품 : 국내산<br/>돼지고기 식육가공품 : 국내산<br/>닭고기 식육가공품 : 국내산<br/>오리고기 가공품 : 국내산<br/>낙지 : 국내산<br/>고등어 : 국내산<br/>갈치 : 국내산<br/>오징어 : 국내산<br/>꽃게 : 국내산<br/>참조기 : 국내산<br/>콩 : 국내산,1012.8 Kcal,탄수화물(g) : 130.5<br/>단백질(g) : 51.3<br/>지방(g) : 33.1<br/>비타민A(R.E) : 235.9<br/>티아민(mg) : 0.9<br/>리보플라빈(mg) : 1.4<br/>비타민C(mg) : 24.4<br/>칼슘(mg) : 492.6<br/>철분(mg) : 5.7,20211104
B10,서울특별시교육청,7010073,당곡고등학교,2,중식,20211029,566.00,친환경잡곡밥*5.<br/>호박감자된장찌개*5.6.13.<br/>명엽채견과류볶음*1.4.5.13.<br/>고구마줄기들깨볶음*<br/>콩나물불고기*5.6.10.13.<br/>배추김치*9.13.<br/>멜론*,쌀 : 국내산<br/>김치류 : 국내산<br/>고춧가루(김치류) : 국내산<br/>쇠고기(종류) : 국내산(한우)<br/>돼지고기 : 국내산<br/>닭고기 : 국내산<br/>오리고기 : 국내산<br/>쇠고기 식육가공품 : 국내산<br/>돼지고기 식육가공품 : 국내산<br/>닭고기 식육가공품 : 국내산<br/>오리고기 가공품 : 국내산<br/>낙지 : 국내산<br/>고등어 : 국내산<br/>갈치 : 국내산<br/>오징어 : 국내산<br/>꽃게 : 국내산<br/>참조기 : 국내산<br/>콩 : 국내산,776.3 Kcal,탄수화물(g) : 111.2<br/>단백질(g) : 64.6<br/>지방(g) : 12.6<br/>비타민A(R.E) : 294.6<br/>티아민(mg) : 1.0<br/>리보플라빈(mg) : 1.0<br/>비타민C(mg) : 33.8<br/>칼슘(mg) : 327.4<br/>철분(mg) : 5.5,20211105
B10,서울특별시교육청,7010073,당곡고등학교,2,중식,20211101,540.00,추가밥*<br/>가쓰오어묵우동*1.2.5.6.9.13.16.18.<br/>팥호떡*1.2.5.6.<br/>미니새송이버섯초무침*5.6.13.<br/>새우튀김&칠리소스*1.2.5.6.9.10.12.13.15.<br/>깍두기*9.13.,쌀 : 국내산<br/>김치류 : 국내산<br/>고춧가루(김치류) : 국내산<br/>쇠고기(종류) : 국내산(한우)<br/>돼지고기 : 국내산<br/>닭고기 : 국내산<br/>오리고기 : 국내산<br/>쇠고기 식육가공품 : 국내산<br/>돼지고기 식육가공품 : 국내산<br/>닭고기 식육가공품 : 국내산<br/>오리고기 가공품 : 국내산<br/>낙지 : 국내산<br/>고등어 : 국내산<br/>갈치 : 국내산<br/>오징어 : 국내산<br/>꽃게 : 국내산<br/>참조기 : 국내산<br/>콩 : 국내산,805.4 Kcal,탄수화물(g) : 125.6<br/>단백질(g) : 25.8<br/>지방(g) : 21.9<br/>비타민A(R.E) : 155.5<br/>티아민(mg) : 0.3<br/>리보플라빈(mg) : 0.4<br/>비타민C(mg) : 16.0<br/>칼슘(mg) : 311.6<br/>철분(mg) : 5.5,20211108
B10,서울특별시교육청,7010073,당곡고등학교,2,중식,20211102,540.00,친환경차수수밥*<br/>근대된장국*5.6.13.<br/>돼지고기주물럭*5.6.10.12.13.16.18.<br/>채어묵볶음*1.5.6.13.16.18.<br/>배추김치*9.13.<br/>멜론*<br/>파채무침*5.6.13.,쌀 : 국내산<br/>김치류 : 국내산<br/>고춧가루(김치류) : 국내산<br/>쇠고기(종류) : 국내산(한우)<br/>돼지고기 : 국내산<br/>닭고기 : 국내산<br/>오리고기 : 국내산<br/>쇠고기 식육가공품 : 국내산<br/>돼지고기 식육가공품 : 국내산<br/>닭고기 식육가공품 : 국내산<br/>오리고기 가공품 : 국내산<br/>낙지 : 국내산<br/>고등어 : 국내산<br/>갈치 : 국내산<br/>오징어 : 국내산<br/>꽃게 : 국내산<br/>참조기 : 국내산<br/>콩 : 국내산,780.4 Kcal,탄수화물(g) : 126.0<br/>단백질(g) : 50.6<br/>지방(g) : 12.7<br/>비타민A(R.E) : 447.5<br/>티아민(mg) : 1.0<br/>리보플라빈(mg) : 1.0<br/>비타민C(mg) : 23.1<br/>칼슘(mg) : 212.4<br/>철분(mg) : 4.4,20211109
B10,서울특별시교육청,7010073,당곡고등학교,2,중식,20211103,540.00,친환경현미밥*<br/>한우무국*5.6.13.<br/>소세지야채토마토소스볶음*2.5.6.10.12.13.15.<br/>고등어구이*6.7.13.<br/>배추김치*9.13.<br/>오이고추쌈장무침*6.13.5.,쌀 : 국내산<br/>김치류 : 국내산<br/>고춧가루(김치류) : 국내산<br/>쇠고기(종류) : 국내산(한우)<br/>돼지고기 : 국내산<br/>닭고기 : 국내산<br/>오리고기 : 국내산<br/>쇠고기 식육가공품 : 국내산<br/>돼지고기 식육가공품 : 국내산<br/>닭고기 식육가공품 : 국내산<br/>오리고기 가공품 : 국내산<br/>낙지 : 국내산<br/>고등어 : 국내산<br/>갈치 : 국내산<br/>오징어 : 국내산<br/>꽃게 : 국내산<br/>참조기 : 국내산<br/>콩 : 국내산,859.0 Kcal,탄수화물(g) : 98.5<br/>단백질(g) : 46.1<br/>지방(g) : 31.7<br/>비타민A(R.E) : 197.1<br/>티아민(mg) : 0.6<br/>리보플라빈(mg) : 0.5<br/>비타민C(mg) : 74.5<br/>칼슘(mg) : 236.2<br/>철분(mg) : 4.6,20211110
B10,서울특별시교육청,7010073,당곡고등학교,2,중식,20211104,540.00,참치김치덮밥*5.9.12.13.<br/>팽이장국*5.6.13.<br/>떡갈비구이&데리야끼소스*1.5.6.10.13.15.16.18.<br/>무시래기들깨된장볶음*5.6.13.18.<br/>깍두기*9.13.<br/>바나나*,쌀 : 국내산<br/>김치류 : 국내산<br/>고춧가루(김치류) : 국내산<br/>쇠고기(종류) : 국내산(한우)<br/>돼지고기 : 국내산<br/>닭고기 : 국내산<br/>오리고기 : 국내산<br/>쇠고기 식육가공품 : 국내산<br/>돼지고기 식육가공품 : 국내산<br/>닭고기 식육가공품 : 국내산<br/>오리고기 가공품 : 국내산<br/>낙지 : 국내산<br/>고등어 : 국내산<br/>갈치 : 국내산<br/>오징어 : 국내산<br/>꽃게 : 국내산<br/>참조기 : 국내산<br/>콩 : 국내산,914.9 Kcal,탄수화물(g) : 139.5<br/>단백질(g) : 41.7<br/>지방(g) : 24.5<br/>비타민A(R.E) : 182.9<br/>티아민(mg) : 0.9<br/>리보플라빈(mg) : 0.7<br/>비타민C(mg) : 31.1<br/>칼슘(mg) : 293.2<br/>철분(mg) : 7.8,20211111
B10,서울특별시교육청,7010073,당곡고등학교,2,중식,20211105,540.00,친환경잡곡밥*5.<br/>더티초코페스츄리*1.2.5.6.13.<br/>바지락콩비지찌개*5.6.9.13.18.<br/>고추장멸치볶음*5.6.13.<br/>훈제오리&머스터드*1.5.6.13.<br/>백김치*9.13.<br/>쌈무*,쌀 : 국내산<br/>김치류 : 국내산<br/>고춧가루(김치류) : 국내산<br/>쇠고기(종류) : 국내산(한우)<br/>돼지고기 : 국내산<br/>닭고기 : 국내산<br/>오리고기 : 국내산<br/>쇠고기 식육가공품 : 국내산<br/>돼지고기 식육가공품 : 국내산<br/>닭고기 식육가공품 : 국내산<br/>오리고기 가공품 : 국내산<br/>낙지 : 국내산<br/>고등어 : 국내산<br/>갈치 : 국내산<br/>오징어 : 국내산<br/>꽃게 : 국내산<br/>참조기 : 국내산<br/>콩 : 국내산,721.1 Kcal,탄수화물(g) : 102.6<br/>단백질(g) : 33.8<br/>지방(g) : 22.3<br/>비타민A(R.E) : 55.7<br/>티아민(mg) : 0.4<br/>리보플라빈(mg) : 0.4<br/>비타민C(mg) : 23.4<br/>칼슘(mg) : 352.9<br/>철분(mg) : 7.7,20211112
B10,서울특별시교육청,7010073,당곡고등학교,2,중식,20211108,540.00,카레라이스*2.5.6.10.12.16.18.<br/>맑은콩나물국*5.6.13.<br/>오이무침*5.6.13.<br/>플레로티통스테이크*15.<br/>배추김치*9.13.<br/>오렌지*,쌀 : 국내산<br/>김치류 : 국내산<br/>고춧가루(김치류) : 국내산<br/>쇠고기(종류) : 국내산(한우)<br/>돼지고기 : 국내산<br/>닭고기 : 국내산<br/>오리고기 : 국내산<br/>쇠고기 식육가공품 : 국내산<br/>돼지고기 식육가공품 : 국내산<br/>닭고기 식육가공품 : 국내산<br/>오리고기 가공품 : 국내산<br/>낙지 : 국내산<br/>고등어 : 국내산<br/>갈치 : 국내산<br/>오징어 : 국내산<br/>꽃게 : 국내산<br/>참조기 : 국내산<br/>콩 : 국내산,653.8 Kcal,탄수화물(g) : 102.3<br/>단백질(g) : 36.4<br/>지방(g) : 15.6<br/>비타민A(R.E) : 182.8<br/>티아민(mg) : 0.6<br/>리보플라빈(mg) : 0.4<br/>비타민C(mg) : 34.1<br/>칼슘(mg) : 261.9<br/>철분(mg) : 4.3,20211115
B10,서울특별시교육청,7010073,당곡고등학교,2,중식,20211109,540.00,친환경흑미밥*<br/>시래기된장국*5.6.13.<br/>숙주나물무침<br/>감자채양파볶음*5.6.13.<br/>돼지고기김치찜*5.6.9.10.13.<br/>파김치*9.13.<br/>장미초콜릿*2.5.,쌀 : 국내산<br/>김치류 : 국내산<br/>고춧가루(김치류) : 국내산<br/>쇠고기(종류) : 국내산(한우)<br/>돼지고기 : 국내산<br/>닭고기 : 국내산<br/>오리고기 : 국내산<br/>쇠고기 식육가공품 : 국내산<br/>돼지고기 식육가공품 : 국내산<br/>닭고기 식육가공품 : 국내산<br/>오리고기 가공품 : 국내산<br/>낙지 : 국내산<br/>고등어 : 국내산<br/>갈치 : 국내산<br/>오징어 : 국내산<br/>꽃게 : 국내산<br/>참조기 : 국내산<br/>콩 : 국내산,821.5 Kcal,탄수화물(g) : 111.6<br/>단백질(g) : 47.6<br/>지방(g) : 22.5<br/>비타민A(R.E) : 226.3<br/>티아민(mg) : 1.0<br/>리보플라빈(mg) : 0.7<br/>비타민C(mg) : 14.2<br/>칼슘(mg) : 302.2<br/>철분(mg) : 4.9,20211116
B10,서울특별시교육청,7010073,당곡고등학교,2,중식,20211110,540.00,친환경잡곡밥*5.<br/>들깨옹심이국*5.6.<br/>시금치나물<br/>파래김볶음*5.13.<br/>닭볶음탕*13.5.6.<br/>배추김치*9.13.<br/>샤인머스켓*,쌀 : 국내산<br/>김치류 : 국내산<br/>고춧가루(김치류) : 국내산<br/>쇠고기(종류) : 국내산(한우)<br/>돼지고기 : 국내산<br/>닭고기 : 국내산<br/>오리고기 : 국내산<br/>쇠고기 식육가공품 : 국내산<br/>돼지고기 식육가공품 : 국내산<br/>닭고기 식육가공품 : 국내산<br/>오리고기 가공품 : 국내산<br/>낙지 : 국내산<br/>고등어 : 국내산<br/>갈치 : 국내산<br/>오징어 : 국내산<br/>꽃게 : 국내산<br/>참조기 : 국내산<br/>콩 : 국내산,817.9 Kcal,탄수화물(g) : 129.7<br/>단백질(g) : 38.6<br/>지방(g) : 21.8<br/>비타민A(R.E) : 492.1<br/>티아민(mg) : 0.5<br/>리보플라빈(mg) : 0.5<br/>비타민C(mg) : 40.5<br/>칼슘(mg) : 273.2<br/>철분(mg) : 5.2,20211117
B10,서울특별시교육청,7010073,당곡고등학교,2,중식,20211122,510.00,미트소스스파게티*1.2.5.6.10.12.13.16.<br/>양송이스프*2.5.6.13.<br/>연어스테이크*5.6.7.<br/>스틱마늘빵*2.5.6.16.<br/>견과발사믹샐러드*2.4.5.6.13.14.<br/>할라피뇨&오이피클*,쌀 : 국내산<br/>김치류 : 국내산<br/>고춧가루(김치류) : 국내산<br/>쇠고기(종류) : 국내산(한우)<br/>돼지고기 : 국내산<br/>닭고기 : 국내산<br/>오리고기 : 국내산<br/>쇠고기 식육가공품 : 국내산<br/>돼지고기 식육가공품 : 국내산<br/>닭고기 식육가공품 : 국내산<br/>오리고기 가공품 : 국내산<br/>낙지 : 국내산<br/>고등어 : 국내산<br/>갈치 : 국내산<br/>오징어 : 국내산<br/>꽃게 : 국내산<br/>참조기 : 국내산<br/>콩 : 국내산,879.8 Kcal,탄수화물(g) : 146.3<br/>단백질(g) : 35.4<br/>지방(g) : 22.3<br/>비타민A(R.E) : 212.8<br/>티아민(mg) : 0.5<br/>리보플라빈(mg) : 0.6<br/>비타민C(mg) : 35.4<br/>칼슘(mg) : 143.7<br/>철분(mg) : 4.9,20211129
B10,서울특별시교육청,7010073,당곡고등학교,2,중식,20211123,510.00,친환경잡곡밥*5.<br/>감자수제비국*5.6.<br/>꽁치김치조림*5.6.9.13.<br/>미트볼데리야끼볶음*1.5.6.10.13.<br/>콩나물무침*5.6.13.<br/>겉절이*9.13.<br/>배*,쌀 : 국내산<br/>김치류 : 국내산<br/>고춧가루(김치류) : 국내산<br/>쇠고기(종류) : 국내산(한우)<br/>돼지고기 : 국내산<br/>닭고기 : 국내산<br/>오리고기 : 국내산<br/>쇠고기 식육가공품 : 국내산<br/>돼지고기 식육가공품 : 국내산<br/>닭고기 식육가공품 : 국내산<br/>오리고기 가공품 : 국내산<br/>낙지 : 국내산<br/>고등어 : 국내산<br/>갈치 : 국내산<br/>오징어 : 국내산<br/>꽃게 : 국내산<br/>참조기 : 국내산<br/>콩 : 국내산,667.4 Kcal,탄수화물(g) : 121.2<br/>단백질(g) : 34.4<br/>지방(g) : 8.5<br/>비타민A(R.E) : 148.2<br/>티아민(mg) : 0.4<br/>리보플라빈(mg) : 0.5<br/>비타민C(mg) : 39.1<br/>칼슘(mg) : 358.3<br/>철분(mg) : 6.0,20211130
B10,서울특별시교육청,7010073,당곡고등학교,2,중식,20211124,510.00,친환경현미밥*<br/>바지락순두부찌개*1.5.6.9.10.13.16.18.<br/>돼지고기메추리알조림*1.5.6.10.13.<br/>오징어실채볶음*5.6.13.17.<br/>청경채두반장소스*5.6.12.13.18.<br/>깍두기*9.13.,쌀 : 국내산<br/>김치류 : 국내산<br/>고춧가루(김치류) : 국내산<br/>쇠고기(종류) : 국내산(한우)<br/>돼지고기 : 국내산<br/>닭고기 : 국내산<br/>오리고기 : 국내산<br/>쇠고기 식육가공품 : 국내산<br/>돼지고기 식육가공품 : 국내산<br/>닭고기 식육가공품 : 국내산<br/>오리고기 가공품 : 국내산<br/>낙지 : 국내산<br/>고등어 : 국내산<br/>갈치 : 국내산<br/>오징어 : 국내산<br/>꽃게 : 국내산<br/>참조기 : 국내산<br/>콩 : 국내산,837.0 Kcal,탄수화물(g) : 111.2<br/>단백질(g) : 61.3<br/>지방(g) : 17.8<br/>비타민A(R.E) : 310.1<br/>티아민(mg) : 1.0<br/>리보플라빈(mg) : 0.8<br/>비타민C(mg) : 19.3<br/>칼슘(mg) : 290.5<br/>철분(mg) : 6.9,20211201
B10,서울특별시교육청,7010073,당곡고등학교,2,중식,20211125,560.00,새우볶음밥*1.5.6.9.13.14.<br/>야채짜장소스*2.5.6.10.13.16.<br/>달걀팟국*1.5.6.9.13.<br/>탕수육&후르츠소스 1.5.6.10.11.12.13.<br/>파김치*9.13.<br/>마시는망고바나나요플레*2.<br/>늙은호박견과류샐러드*1.2.4.5.13.14.19.,쌀 : 국내산<br/>김치류 : 국내산<br/>고춧가루(김치류) : 국내산<br/>쇠고기(종류) : 국내산(한우)<br/>돼지고기 : 국내산<br/>닭고기 : 국내산<br/>오리고기 : 국내산<br/>쇠고기 식육가공품 : 국내산<br/>돼지고기 식육가공품 : 국내산<br/>닭고기 식육가공품 : 국내산<br/>오리고기 가공품 : 국내산<br/>낙지 : 국내산<br/>고등어 : 국내산<br/>갈치 : 국내산<br/>오징어 : 국내산<br/>꽃게 : 국내산<br/>참조기 : 국내산<br/>콩 : 국내산,900.4 Kcal,탄수화물(g) : 156.5<br/>단백질(g) : 35.7<br/>지방(g) : 17.5<br/>비타민A(R.E) : 349.1<br/>티아민(mg) : 0.5<br/>리보플라빈(mg) : 0.8<br/>비타민C(mg) : 20.0<br/>칼슘(mg) : 333.5<br/>철분(mg) : 12.3,20211202
B10,서울특별시교육청,7010073,당곡고등학교,2,중식,20211126,510.00,친환경흑미밥*<br/>얼갈이된장국*5.6.13.<br/>알감자조림5.6.13.<br/>부추무생채*1.2.5.6.13.<br/>불닭&스노우치즈*2.5.6.13.15.<br/>배추김치*9.13.<br/>적포도*,쌀 : 국내산<br/>김치류 : 국내산<br/>고춧가루(김치류) : 국내산<br/>쇠고기(종류) : 국내산(한우)<br/>돼지고기 : 국내산<br/>닭고기 : 국내산<br/>오리고기 : 국내산<br/>쇠고기 식육가공품 : 국내산<br/>돼지고기 식육가공품 : 국내산<br/>닭고기 식육가공품 : 국내산<br/>오리고기 가공품 : 국내산<br/>낙지 : 국내산<br/>고등어 : 국내산<br/>갈치 : 국내산<br/>오징어 : 국내산<br/>꽃게 : 국내산<br/>참조기 : 국내산<br/>콩 : 국내산,828.2 Kcal,탄수화물(g) : 131.9<br/>단백질(g) : 49.5<br/>지방(g) : 15.0<br/>비타민A(R.E) : 295.3<br/>티아민(mg) : 0.6<br/>리보플라빈(mg) : 0.6<br/>비타민C(mg) : 25.0<br/>칼슘(mg) : 361.8<br/>철분(mg) : 3.9,20211203
B10,서울특별시교육청,7010073,당곡고등학교,2,중식,20211129,510.00,치킨마요덮밥*1.5.6.13.<br/>얼큰콩나물국5.13.<br/>브로콜리초무침*5.6.13.<br/>어묵바&머스터드*1.2.5.6.<br/>깍두기*9.13.<br/>감귤*,쌀 : 국내산<br/>김치류 : 국내산<br/>고춧가루(김치류) : 국내산<br/>쇠고기(종류) : 국내산(한우)<br/>돼지고기 : 국내산<br/>닭고기 : 국내산<br/>오리고기 : 국내산<br/>쇠고기 식육가공품 : 국내산<br/>돼지고기 식육가공품 : 국내산<br/>닭고기 식육가공품 : 국내산<br/>오리고기 가공품 : 국내산<br/>낙지 : 국내산<br/>고등어 : 국내산<br/>갈치 : 국내산<br/>오징어 : 국내산<br/>꽃게 : 국내산<br/>참조기 : 국내산<br/>콩 : 국내산,705.9 Kcal,탄수화물(g) : 121.2<br/>단백질(g) : 34.5<br/>지방(g) : 17.5<br/>비타민A(R.E) : 336.4<br/>티아민(mg) : 0.5<br/>리보플라빈(mg) : 0.7<br/>비타민C(mg) : 47.5<br/>칼슘(mg) : 307.4<br/>철분(mg) : 5.4,20211206
B10,서울특별시교육청,7010073,당곡고등학교,2,중식,20211130,510.00,친환경잡곡밥*5.<br/>미니나가사끼짬뽕*1.2.5.6.9.13.16.17.18.<br/>제리치즈케익*1.2.5.6.<br/>고구마줄기들깨볶음*<br/>야채달걀찜*1.5.6.13.18.<br/>야채만두튀김&양념장*1.5.6.10.13.16.18.<br/>열무김치*9.13.,쌀 : 국내산<br/>김치류 : 국내산<br/>고춧가루(김치류) : 국내산<br/>쇠고기(종류) : 국내산(한우)<br/>돼지고기 : 국내산<br/>닭고기 : 국내산<br/>오리고기 : 국내산<br/>쇠고기 식육가공품 : 국내산<br/>돼지고기 식육가공품 : 국내산<br/>닭고기 식육가공품 : 국내산<br/>오리고기 가공품 : 국내산<br/>낙지 : 국내산<br/>고등어 : 국내산<br/>갈치 : 국내산<br/>오징어 : 국내산<br/>꽃게 : 국내산<br/>참조기 : 국내산<br/>콩 : 국내산,884.4 Kcal,탄수화물(g) : 141.5<br/>단백질(g) : 32.7<br/>지방(g) : 21.2<br/>비타민A(R.E) : 311.0<br/>티아민(mg) : 0.2<br/>리보플라빈(mg) : 1.0<br/>비타민C(mg) : 10.2<br/>칼슘(mg) : 344.9<br/>철분(mg) : 3.8,20211207
B10,서울특별시교육청,7010073,당곡고등학교,2,중식,20211201,470.00,친환경잡곡밥*5.<br/>부대찌개&라면사리*1.2.5.6.9.10.12.13.16.<br/>구멍어묵곤약조림*1.5.6.13.16.<br/>취나물무침*5.6.13.<br/>가자미탕수&칠리소스*1.2.5.6.12.<br/>깍두기*9.13.<br/>콩고물호떡*2.5.1.6.,쌀 : 국내산<br/>김치류 : 국내산<br/>고춧가루(김치류) : 국내산<br/>쇠고기(종류) : 국내산(한우)<br/>돼지고기 : 국내산<br/>닭고기 : 국내산<br/>오리고기 : 국내산<br/>쇠고기 식육가공품 : 국내산<br/>돼지고기 식육가공품 : 국내산<br/>닭고기 식육가공품 : 국내산<br/>오리고기 가공품 : 국내산<br/>낙지 : 국내산<br/>고등어 : 국내산<br/>갈치 : 국내산<br/>오징어 : 국내산<br/>꽃게 : 국내산<br/>참조기 : 국내산<br/>콩 : 국내산,836.5 Kcal,탄수화물(g) : 127.0<br/>단백질(g) : 47.0<br/>지방(g) : 17.3<br/>비타민A(R.E) : 169.7<br/>티아민(mg) : 0.6<br/>리보플라빈(mg) : 0.9<br/>비타민C(mg) : 31.3<br/>칼슘(mg) : 389.7<br/>철분(mg) : 6.1,20211208
B10,서울특별시교육청,7010073,당곡고등학교,2,중식,20211202,490.00,추가밥*<br/>바지락칼국수*5.6.8.13.18.<br/>딸기생크림와플*1.2.5.6.<br/>갈비만두*1.5.6.10.13.16.18.<br/>숙주미나리무침*5.6.13.<br/>겉절이*9.13.,쌀 : 국내산<br/>김치류 : 국내산<br/>고춧가루(김치류) : 국내산<br/>쇠고기(종류) : 국내산(한우)<br/>돼지고기 : 국내산<br/>닭고기 : 국내산<br/>오리고기 : 국내산<br/>쇠고기 식육가공품 : 국내산<br/>돼지고기 식육가공품 : 국내산<br/>닭고기 식육가공품 : 국내산<br/>오리고기 가공품 : 국내산<br/>낙지 : 국내산<br/>고등어 : 국내산<br/>갈치 : 국내산<br/>오징어 : 국내산<br/>꽃게 : 국내산<br/>참조기 : 국내산<br/>콩 : 국내산,671.6 Kcal,탄수화물(g) : 108.2<br/>단백질(g) : 22.5<br/>지방(g) : 15.5<br/>비타민A(R.E) : 154.6<br/>티아민(mg) : 0.7<br/>리보플라빈(mg) : 0.4<br/>비타민C(mg) : 27.9<br/>칼슘(mg) : 294.1<br/>철분(mg) : 10.4,20211209
B10,서울특별시교육청,7010073,당곡고등학교,2,중식,20211203,490.00,참치야채비빔밥*5.6.<br/>아욱된장국*5.6.13.18.<br/>애호박새우젓볶음*9.13.<br/>아이스빠스*5.<br/>낙지호롱이*2.5.6.16.<br/>배추김치*9.13.<br/>산양바나나우유*2.,쌀 : 국내산<br/>김치류 : 국내산<br/>고춧가루(김치류) : 국내산<br/>쇠고기(종류) : 국내산(한우)<br/>돼지고기 : 국내산<br/>닭고기 : 국내산<br/>오리고기 : 국내산<br/>쇠고기 식육가공품 : 국내산<br/>돼지고기 식육가공품 : 국내산<br/>닭고기 식육가공품 : 국내산<br/>오리고기 가공품 : 국내산<br/>낙지 : 국내산<br/>고등어 : 국내산<br/>갈치 : 국내산<br/>오징어 : 국내산<br/>꽃게 : 국내산<br/>참조기 : 국내산<br/>콩 : 국내산,725.6 Kcal,탄수화물(g) : 131.0<br/>단백질(g) : 34.3<br/>지방(g) : 13.3<br/>비타민A(R.E) : 711.2<br/>티아민(mg) : 0.5<br/>리보플라빈(mg) : 0.7<br/>비타민C(mg) : 30.5<br/>칼슘(mg) : 475.2<br/>철분(mg) : 6.2,20211210
B10,서울특별시교육청,7010073,당곡고등학교,2,중식,20211206,470.00,로제스파게티*1.2.5.6.10.12.13.16.18.<br/>브로콜리스프*2.5.6.13.<br/>새우감자그라탕*2.5.6.9.12.13.<br/>오이피클*13.<br/>포도음료*5.13.<br/>양배추샐러드&오렌지D*1.2.5.6.13.,쌀 : 국내산<br/>김치류 : 국내산<br/>고춧가루(김치류) : 국내산<br/>쇠고기(종류) : 국내산(한우)<br/>돼지고기 : 국내산<br/>닭고기 : 국내산<br/>오리고기 : 국내산<br/>쇠고기 식육가공품 : 국내산<br/>돼지고기 식육가공품 : 국내산<br/>닭고기 식육가공품 : 국내산<br/>오리고기 가공품 : 국내산<br/>낙지 : 국내산<br/>고등어 : 국내산<br/>갈치 : 국내산<br/>오징어 : 국내산<br/>꽃게 : 국내산<br/>참조기 : 국내산<br/>콩 : 국내산,931.0 Kcal,탄수화물(g) : 131.0<br/>단백질(g) : 35.4<br/>지방(g) : 33.7<br/>비타민A(R.E) : 190.5<br/>티아민(mg) : 0.3<br/>리보플라빈(mg) : 0.5<br/>비타민C(mg) : 48.6<br/>칼슘(mg) : 489.2<br/>철분(mg) : 4.3,20211213
B10,서울특별시교육청,7010073,당곡고등학교,2,중식,20211207,470.00,친환경잡곡밥*5.<br/>들깨미역국*5.6.13.<br/>바베큐폭립*5.6.10.12.13.14.16.18.<br/>두부조림*5.6.13.<br/>청경채두반장소스*5.6.12.13.18.<br/>배추김치*9.13.<br/>레드향*,쌀 : 국내산<br/>김치류 : 국내산<br/>고춧가루(김치류) : 국내산<br/>쇠고기(종류) : 국내산(한우)<br/>돼지고기 : 국내산<br/>닭고기 : 국내산<br/>오리고기 : 국내산<br/>쇠고기 식육가공품 : 국내산<br/>돼지고기 식육가공품 : 국내산<br/>닭고기 식육가공품 : 국내산<br/>오리고기 가공품 : 국내산<br/>낙지 : 국내산<br/>고등어 : 국내산<br/>갈치 : 국내산<br/>오징어 : 국내산<br/>꽃게 : 국내산<br/>참조기 : 국내산<br/>콩 : 국내산,822.2 Kcal,탄수화물(g) : 103.4<br/>단백질(g) : 41.2<br/>지방(g) : 27.2<br/>비타민A(R.E) : 148.3<br/>티아민(mg) : 0.7<br/>리보플라빈(mg) : 0.6<br/>비타민C(mg) : 46.4<br/>칼슘(mg) : 350.7<br/>철분(mg) : 5.2,20211214
B10,서울특별시교육청,7010073,당곡고등학교,2,중식,20211208,470.00,새우튀김덮밥*1.2.5.6.7.9.10.13.18.<br/>팽이장국*5.6.13.<br/>데친양배추쌈장무침*5.6.13.<br/>단호박고로케*5.6.12.<br/>깍두기*9.13.<br/>블루베리마카롱*1.2.,쌀 : 국내산<br/>김치류 : 국내산<br/>고춧가루(김치류) : 국내산<br/>쇠고기(종류) : 국내산(한우)<br/>돼지고기 : 국내산<br/>닭고기 : 국내산<br/>오리고기 : 국내산<br/>쇠고기 식육가공품 : 국내산<br/>돼지고기 식육가공품 : 국내산<br/>닭고기 식육가공품 : 국내산<br/>오리고기 가공품 : 국내산<br/>낙지 : 국내산<br/>고등어 : 국내산<br/>갈치 : 국내산<br/>오징어 : 국내산<br/>꽃게 : 국내산<br/>참조기 : 국내산<br/>콩 : 국내산,739.5 Kcal,탄수화물(g) : 126.8<br/>단백질(g) : 23.9<br/>지방(g) : 16.7<br/>비타민A(R.E) : 181.6<br/>티아민(mg) : 0.4<br/>리보플라빈(mg) : 0.5<br/>비타민C(mg) : 10.9<br/>칼슘(mg) : 296.5<br/>철분(mg) : 5.7,20211215
B10,서울특별시교육청,7010073,당곡고등학교,2,중식,20211216,510.00,인도띠까마살라커리*2.5.12.13.<br/>친환경현미밥&난*6.<br/>바베큐장각오븐구이*2.5.6.12.13.15.16.18.<br/>깍두기*9.13.<br/>생망고*<br/>파프리카쌈장무침*5.6.13.16.18.,쌀 : 국내산<br/>김치류 : 국내산<br/>고춧가루(김치류) : 국내산<br/>쇠고기(종류) : 국내산(한우)<br/>돼지고기 : 국내산<br/>닭고기 : 국내산<br/>오리고기 : 국내산<br/>쇠고기 식육가공품 : 국내산<br/>돼지고기 식육가공품 : 국내산<br/>닭고기 식육가공품 : 국내산<br/>오리고기 가공품 : 국내산<br/>낙지 : 국내산<br/>고등어 : 국내산<br/>갈치 : 국내산<br/>오징어 : 국내산<br/>꽃게 : 국내산<br/>참조기 : 국내산<br/>콩 : 국내산,836.0 Kcal,탄수화물(g) : 147.8<br/>단백질(g) : 34.1<br/>지방(g) : 16.3<br/>비타민A(R.E) : 304.1<br/>티아민(mg) : 0.5<br/>리보플라빈(mg) : 0.4<br/>비타민C(mg) : 47.6<br/>칼슘(mg) : 181.5<br/>철분(mg) : 3.5,20211223
B10,서울특별시교육청,7010073,당곡고등학교,2,중식,20211217,490.00,친환경잡곡밥*5.<br/>달걀팟국*1.5.6.9.13.<br/>LA돼지갈비찜*5.6.10.16.<br/>오이도라지무침*5.6.13.<br/>버섯잡채*5.6.<br/>배추김치*9.13.<br/>초코아이스크림*2.,쌀 : 국내산<br/>김치류 : 국내산<br/>고춧가루(김치류) : 국내산<br/>쇠고기(종류) : 국내산(한우)<br/>돼지고기 : 국내산<br/>닭고기 : 국내산<br/>오리고기 : 국내산<br/>쇠고기 식육가공품 : 국내산<br/>돼지고기 식육가공품 : 국내산<br/>닭고기 식육가공품 : 국내산<br/>오리고기 가공품 : 국내산<br/>낙지 : 국내산<br/>고등어 : 국내산<br/>갈치 : 국내산<br/>오징어 : 국내산<br/>꽃게 : 국내산<br/>참조기 : 국내산<br/>콩 : 국내산,847.1 Kcal,탄수화물(g) : 135.0<br/>단백질(g) : 43.0<br/>지방(g) : 17.3<br/>비타민A(R.E) : 323.8<br/>티아민(mg) : 0.8<br/>리보플라빈(mg) : 1.1<br/>비타민C(mg) : 12.7<br/>칼슘(mg) : 257.5<br/>철분(mg) : 4.3,20211224
B10,서울특별시교육청,7010073,당곡고등학교,2,중식,20211220,470.00,치킨마요덮밥*1.5.6.13.<br/>북어콩나물해장국*1.5.6.13.<br/>얼갈이된장무침*5.6.<br/>방울소떡1.2.5.6.10.15.16.<br/>깍두기*9.13.<br/>레드롤케이크*1.2.5.6.,쌀 : 국내산<br/>김치류 : 국내산<br/>고춧가루(김치류) : 국내산<br/>쇠고기(종류) : 국내산(한우)<br/>돼지고기 : 국내산<br/>닭고기 : 국내산<br/>오리고기 : 국내산<br/>쇠고기 식육가공품 : 국내산<br/>돼지고기 식육가공품 : 국내산<br/>닭고기 식육가공품 : 국내산<br/>오리고기 가공품 : 국내산<br/>낙지 : 국내산<br/>고등어 : 국내산<br/>갈치 : 국내산<br/>오징어 : 국내산<br/>꽃게 : 국내산<br/>참조기 : 국내산<br/>콩 : 국내산,687.3 Kcal,탄수화물(g) : 111.3<br/>단백질(g) : 26.9<br/>지방(g) : 18.4<br/>비타민A(R.E) : 310.8<br/>티아민(mg) : 0.4<br/>리보플라빈(mg) : 0.6<br/>비타민C(mg) : 29.1<br/>칼슘(mg) : 280.8<br/>철분(mg) : 4.3,20211227
B10,서울특별시교육청,7010073,당곡고등학교,2,중식,20211221,470.00,친환경차수수밥*<br/>한우육개장&당면*5.6.13.<br/>갈치무조림*5.6.<br/>쑥갓두부무침*5.6.13.<br/>닭다리너겟&어니언렌치소스*1.2.5.6.10.15.16.<br/>총각김치*9.13.<br/>감귤*,쌀 : 국내산<br/>김치류 : 국내산<br/>고춧가루(김치류) : 국내산<br/>쇠고기(종류) : 국내산(한우)<br/>돼지고기 : 국내산<br/>닭고기 : 국내산<br/>오리고기 : 국내산<br/>쇠고기 식육가공품 : 국내산<br/>돼지고기 식육가공품 : 국내산<br/>닭고기 식육가공품 : 국내산<br/>오리고기 가공품 : 국내산<br/>낙지 : 국내산<br/>고등어 : 국내산<br/>갈치 : 국내산<br/>오징어 : 국내산<br/>꽃게 : 국내산<br/>참조기 : 국내산<br/>콩 : 국내산,761.4 Kcal,탄수화물(g) : 117.0<br/>단백질(g) : 42.3<br/>지방(g) : 17.9<br/>비타민A(R.E) : 367.5<br/>티아민(mg) : 0.5<br/>리보플라빈(mg) : 0.6<br/>비타민C(mg) : 45.6<br/>칼슘(mg) : 299.1<br/>철분(mg) : 4.5,20211228
B10,서울특별시교육청,7010073,당곡고등학교,2,중식,20211222,470.00,친환경잡곡밥*5.<br/>연포탕&칼국수*13.18.5.6.9.<br/>달걀함박스테이크&브라운소스*1.2.5.6.10.12.13.15.16.<br/>배추김치*9.13.<br/>바나나*<br/>옥수수팥범벅*13.,쌀 : 국내산<br/>김치류 : 국내산<br/>고춧가루(김치류) : 국내산<br/>쇠고기(종류) : 국내산(한우)<br/>돼지고기 : 국내산<br/>닭고기 : 국내산<br/>오리고기 : 국내산<br/>쇠고기 식육가공품 : 국내산<br/>돼지고기 식육가공품 : 국내산<br/>닭고기 식육가공품 : 국내산<br/>오리고기 가공품 : 국내산<br/>낙지 : 국내산<br/>고등어 : 국내산<br/>갈치 : 국내산<br/>오징어 : 국내산<br/>꽃게 : 국내산<br/>참조기 : 국내산<br/>콩 : 국내산,1024.7 Kcal,탄수화물(g) : 184.8<br/>단백질(g) : 48.6<br/>지방(g) : 13.7<br/>비타민A(R.E) : 54.4<br/>티아민(mg) : 0.7<br/>리보플라빈(mg) : 0.5<br/>비타민C(mg) : 27.1<br/>칼슘(mg) : 390.3<br/>철분(mg) : 8.1,20211229
B10,서울특별시교육청,7010073,당곡고등학교,2,중식,20211223,470.00,추가밥*<br/>한우쌀국수*5.6.13.16.<br/>양파절임*13.<br/>피자춘권5.6.12.<br/>겉절이*9.13.<br/>달고나*,쌀 : 국내산<br/>김치류 : 국내산<br/>고춧가루(김치류) : 국내산<br/>쇠고기(종류) : 국내산(한우)<br/>돼지고기 : 국내산<br/>닭고기 : 국내산<br/>오리고기 : 국내산<br/>쇠고기 식육가공품 : 국내산<br/>돼지고기 식육가공품 : 국내산<br/>닭고기 식육가공품 : 국내산<br/>오리고기 가공품 : 국내산<br/>낙지 : 국내산<br/>고등어 : 국내산<br/>갈치 : 국내산<br/>오징어 : 국내산<br/>꽃게 : 국내산<br/>참조기 : 국내산<br/>콩 : 국내산,574.2 Kcal,탄수화물(g) : 97.4<br/>단백질(g) : 23.2<br/>지방(g) : 7.1<br/>비타민A(R.E) : 7.0<br/>티아민(mg) : 0.4<br/>리보플라빈(mg) : 0.3<br/>비타민C(mg) : 21.0<br/>칼슘(mg) : 159.5<br/>철분(mg) : 3.5,20211230
B10,서울특별시교육청,7010073,당곡고등학교,2,중식,20211224,510.00,친환경현미밥*<br/>크리스마스케이크*1.2.5.6.10.<br/>바지락순두부찌개*1.5.6.9.10.13.16.18.<br/>시금치무침*5.6.13.<br/>스노우와플감자2.5.6.13.<br/>매콤닭윙구이*5.6.13.15.<br/>깍두기*9.13.,쌀 : 국내산<br/>김치류 : 국내산<br/>고춧가루(김치류) : 국내산<br/>쇠고기(종류) : 국내산(한우)<br/>돼지고기 : 국내산<br/>닭고기 : 국내산<br/>오리고기 : 국내산<br/>쇠고기 식육가공품 : 국내산<br/>돼지고기 식육가공품 : 국내산<br/>닭고기 식육가공품 : 국내산<br/>오리고기 가공품 : 국내산<br/>낙지 : 국내산<br/>고등어 : 국내산<br/>갈치 : 국내산<br/>오징어 : 국내산<br/>꽃게 : 국내산<br/>참조기 : 국내산<br/>콩 : 국내산,878.2 Kcal,탄수화물(g) : 122.9<br/>단백질(g) : 44.2<br/>지방(g) : 24.8<br/>비타민A(R.E) : 381.1<br/>티아민(mg) : 0.9<br/>리보플라빈(mg) : 0.7<br/>비타민C(mg) : 23.2<br/>칼슘(mg) : 289.3<br/>철분(mg) : 8.6,20211231
B10,서울특별시교육청,7010073,당곡고등학교,2,중식,20211227,490.00,추가밥*<br/>가쓰오어묵우동*1.2.5.6.9.13.16.18.<br/>모듬버섯두반장볶음*5.6.12.13.18.<br/>블랙갈릭치킨*1.2.4.5.6.13.15.17.<br/>깍두기*9.13.<br/>한라봉,쌀 : 국내산<br/>김치류 : 국내산<br/>고춧가루(김치류) : 국내산<br/>쇠고기(종류) : 국내산(한우)<br/>돼지고기 : 국내산<br/>닭고기 : 국내산<br/>오리고기 : 국내산<br/>쇠고기 식육가공품 : 국내산<br/>돼지고기 식육가공품 : 국내산<br/>닭고기 식육가공품 : 국내산<br/>오리고기 가공품 : 국내산<br/>낙지 : 국내산<br/>고등어 : 국내산<br/>갈치 : 국내산<br/>오징어 : 국내산<br/>꽃게 : 국내산<br/>참조기 : 국내산<br/>콩 : 국내산,800.5 Kcal,탄수화물(g) : 142.0<br/>단백질(g) : 31.3<br/>지방(g) : 12.1<br/>비타민A(R.E) : 143.2<br/>티아민(mg) : 0.8<br/>리보플라빈(mg) : 0.8<br/>비타민C(mg) : 32.3<br/>칼슘(mg) : 237.8<br/>철분(mg) : 5.8,20220103
B10,서울특별시교육청,7010073,당곡고등학교,2,중식,20211228,490.00,야채볶음밥*2.5.6.13.<br/>우리밀오레오마스카포네케이크*1.2.5.6.<br/>양송이스프*2.5.6.13.<br/>목살스테이크*1.2.5.6.10.12.13.16.<br/>깍두기*9.13.<br/>그린샐러드&오리엔탈소스*2.4.5.6.,쌀 : 국내산<br/>김치류 : 국내산<br/>고춧가루(김치류) : 국내산<br/>쇠고기(종류) : 국내산(한우)<br/>돼지고기 : 국내산<br/>닭고기 : 국내산<br/>오리고기 : 국내산<br/>쇠고기 식육가공품 : 국내산<br/>돼지고기 식육가공품 : 국내산<br/>닭고기 식육가공품 : 국내산<br/>오리고기 가공품 : 국내산<br/>낙지 : 국내산<br/>고등어 : 국내산<br/>갈치 : 국내산<br/>오징어 : 국내산<br/>꽃게 : 국내산<br/>참조기 : 국내산<br/>콩 : 국내산,860.2 Kcal,탄수화물(g) : 126.5<br/>단백질(g) : 29.1<br/>지방(g) : 27.7<br/>비타민A(R.E) : 172.3<br/>티아민(mg) : 0.9<br/>리보플라빈(mg) : 0.6<br/>비타민C(mg) : 26.3<br/>칼슘(mg) : 219.4<br/>철분(mg) : 3.0,20220104
B10,서울특별시교육청,7010073,당곡고등학교,2,중식,20220204,510.00,달걀팟국*1.5.6.9.13.<br/>국물떡볶이&스노우치즈*1.2.5.6.7.10.12.13.15.16.18.<br/>핫도그1.2.5.6.10.12.13.<br/>반달단무지*18.<br/>유산균자두맛음료*2.<br/>콘샐러드*1.5.13.,쌀 : 국내산<br/>김치류 : 국내산<br/>고춧가루(김치류) : 국내산<br/>쇠고기(종류) : 국내산(한우)<br/>돼지고기 : 국내산<br/>닭고기 : 국내산<br/>오리고기 : 국내산<br/>쇠고기 식육가공품 : 국내산<br/>돼지고기 식육가공품 : 국내산<br/>닭고기 식육가공품 : 국내산<br/>오리고기 가공품 : 국내산<br/>낙지 : 국내산<br/>고등어 : 국내산<br/>갈치 : 국내산<br/>오징어 : 국내산<br/>꽃게 : 국내산<br/>참조기 : 국내산<br/>콩 : 국내산,854.8 Kcal,탄수화물(g) : 130.5<br/>단백질(g) : 32.3<br/>지방(g) : 24.9<br/>비타민A(R.E) : 384.9<br/>티아민(mg) : 0.4<br/>리보플라빈(mg) : 0.9<br/>비타민C(mg) : 32.5<br/>칼슘(mg) : 310.0<br/>철분(mg) : 4.0,20220211
B10,서울특별시교육청,7010073,당곡고등학교,2,중식,20220207,510.00,팥밥*<br/>감자옹심이미역국*5.6.13.<br/>매콤돼지갈비찜*5.6.10.13.<br/>무나물들깨볶음*<br/>해물잡채*5.6.8.9.13.<br/>겉절이*9.13.<br/>초코프로마주케이크*1.2.5.6.,쌀 : 국내산<br/>김치류 : 국내산<br/>고춧가루(김치류) : 국내산<br/>쇠고기(종류) : 국내산(한우)<br/>돼지고기 : 국내산<br/>닭고기 : 국내산<br/>오리고기 : 국내산<br/>쇠고기 식육가공품 : 국내산<br/>돼지고기 식육가공품 : 국내산<br/>닭고기 식육가공품 : 국내산<br/>오리고기 가공품 : 국내산<br/>낙지 : 국내산<br/>고등어 : 국내산<br/>갈치 : 국내산<br/>오징어 : 국내산<br/>꽃게 : 국내산<br/>참조기 : 국내산<br/>콩 : 국내산,847.0 Kcal,탄수화물(g) : 125.4<br/>단백질(g) : 32.3<br/>지방(g) : 25.6<br/>비타민A(R.E) : 256.6<br/>티아민(mg) : 0.7<br/>리보플라빈(mg) : 0.6<br/>비타민C(mg) : 14.7<br/>칼슘(mg) : 235.9<br/>철분(mg) : 4.2,20220214
B10,서울특별시교육청,7010073,당곡고등학교,2,중식,20220208,510.00,추가밥*<br/>짜장면(1/2)*1.2.5.6.10.13.<br/>얼큰짬뽕(1/2)*1.5.17.18.6.9.13.<br/>샤오롱바오*1.5.6.10.16.<br/>파김치*9.13.<br/>반달단무지*18.<br/>감귤*,쌀 : 국내산<br/>김치류 : 국내산<br/>고춧가루(김치류) : 국내산<br/>쇠고기(종류) : 국내산(한우)<br/>돼지고기 : 국내산<br/>닭고기 : 국내산<br/>오리고기 : 국내산<br/>쇠고기 식육가공품 : 국내산<br/>돼지고기 식육가공품 : 국내산<br/>닭고기 식육가공품 : 국내산<br/>오리고기 가공품 : 국내산<br/>낙지 : 국내산<br/>고등어 : 국내산<br/>갈치 : 국내산<br/>오징어 : 국내산<br/>꽃게 : 국내산<br/>참조기 : 국내산<br/>콩 : 국내산,897.5 Kcal,탄수화물(g) : 152.6<br/>단백질(g) : 31.0<br/>지방(g) : 21.3<br/>비타민A(R.E) : 207.8<br/>티아민(mg) : 0.9<br/>리보플라빈(mg) : 1.6<br/>비타민C(mg) : 43.1<br/>칼슘(mg) : 407.6<br/>철분(mg) : 12.3,20220215
B10,서울특별시교육청,7010073,당곡고등학교,2,중식,20220303,740.00,친환경기장밥*<br/>미니우동*1.2.5.6.9.13.16.<br/>오이달래무침*5.6.13.<br/>안심까스&브라운소스&고추냉이*1.2.5.6.10.12.13.16.<br/>깍두기*9.13.<br/>개학응원쿠키*1.2.5.6.,쌀 : 국내산<br/>김치류 : 국내산<br/>고춧가루(김치류) : 국내산<br/>쇠고기(종류) : 국내산(한우)<br/>돼지고기 : 국내산<br/>닭고기 : 국내산<br/>오리고기 : 국내산<br/>쇠고기 식육가공품 : 국내산<br/>돼지고기 식육가공품 : 국내산<br/>닭고기 식육가공품 : 국내산<br/>오리고기 가공품 : 국내산<br/>낙지 : 국내산<br/>고등어 : 국내산<br/>갈치 : 국내산<br/>오징어 : 국내산<br/>꽃게 : 국내산<br/>참조기 : 국내산<br/>콩 : 국내산,766.9 Kcal,탄수화물(g) : 132.4<br/>단백질(g) : 40.3<br/>지방(g) : 11.4<br/>비타민A(R.E) : 177.8<br/>티아민(mg) : 1.1<br/>리보플라빈(mg) : 0.5<br/>비타민C(mg) : 29.0<br/>칼슘(mg) : 248.1<br/>철분(mg) : 3.8,20220310
B10,서울특별시교육청,7010073,당곡고등학교,2,중식,20220304,740.00,친환경현미밥*<br/>봄동된장국*5.6.13.<br/>세발나물새송이버섯초무침*5.6.13.<br/>명엽채견과류볶음*1.4.5.13.<br/>닭볶음탕*5.6.13.<br/>크림치즈볼*1.2.6.<br/>배추김치*9.13.,쌀 : 국내산<br/>김치류 : 국내산<br/>고춧가루(김치류) : 국내산<br/>쇠고기(종류) : 국내산(한우)<br/>돼지고기 : 국내산<br/>닭고기 : 국내산<br/>오리고기 : 국내산<br/>쇠고기 식육가공품 : 국내산<br/>돼지고기 식육가공품 : 국내산<br/>닭고기 식육가공품 : 국내산<br/>오리고기 가공품 : 국내산<br/>낙지 : 국내산<br/>고등어 : 국내산<br/>갈치 : 국내산<br/>오징어 : 국내산<br/>꽃게 : 국내산<br/>참조기 : 국내산<br/>콩 : 국내산,762.0 Kcal,탄수화물(g) : 112.8<br/>단백질(g) : 50.9<br/>지방(g) : 16.5<br/>비타민A(R.E) : 365.1<br/>티아민(mg) : 0.5<br/>리보플라빈(mg) : 0.8<br/>비타민C(mg) : 27.5<br/>칼슘(mg) : 292.8<br/>철분(mg) : 4.7,20220311
B10,서울특별시교육청,7010073,당곡고등학교,2,중식,20220307,740.00,카레라이스*2.5.6.10.12.16.18.<br/>맑은콩나물국*5.6.13.<br/>오이무침*5.6.13.<br/>후라이드닭꼬치*5.6.12.13.15.<br/>배추김치*9.13.<br/>오렌지*,쌀 : 국내산<br/>김치류 : 국내산<br/>고춧가루(김치류) : 국내산<br/>쇠고기(종류) : 국내산(한우)<br/>돼지고기 : 국내산<br/>닭고기 : 국내산<br/>오리고기 : 국내산<br/>쇠고기 식육가공품 : 국내산<br/>돼지고기 식육가공품 : 국내산<br/>닭고기 식육가공품 : 국내산<br/>오리고기 가공품 : 국내산<br/>낙지 : 국내산<br/>고등어 : 국내산<br/>갈치 : 국내산<br/>오징어 : 국내산<br/>꽃게 : 국내산<br/>참조기 : 국내산<br/>콩 : 국내산,760.7 Kcal,탄수화물(g) : 129.1<br/>단백질(g) : 36.4<br/>지방(g) : 15.7<br/>비타민A(R.E) : 181.0<br/>티아민(mg) : 0.7<br/>리보플라빈(mg) : 0.5<br/>비타민C(mg) : 32.5<br/>칼슘(mg) : 236.0<br/>철분(mg) : 11.4,20220314
B10,서울특별시교육청,7010073,당곡고등학교,2,중식,20220308,740.00,친환경기장밥*<br/>한우조랭이떡국*1.5.6.13.16.<br/>꽁치김치조림*5.6.9.13.<br/>미트볼토마토소스볶음*1.5.6.10.12.13.<br/>돌나물초무침*5.6.13.<br/>깍두기*9.13.,쌀 : 국내산<br/>김치류 : 국내산<br/>고춧가루(김치류) : 국내산<br/>쇠고기(종류) : 국내산(한우)<br/>돼지고기 : 국내산<br/>닭고기 : 국내산<br/>오리고기 : 국내산<br/>쇠고기 식육가공품 : 국내산<br/>돼지고기 식육가공품 : 국내산<br/>닭고기 식육가공품 : 국내산<br/>오리고기 가공품 : 국내산<br/>낙지 : 국내산<br/>고등어 : 국내산<br/>갈치 : 국내산<br/>오징어 : 국내산<br/>꽃게 : 국내산<br/>참조기 : 국내산<br/>콩 : 국내산,876.4 Kcal,탄수화물(g) : 143.0<br/>단백질(g) : 47.1<br/>지방(g) : 15.0<br/>비타민A(R.E) : 223.7<br/>티아민(mg) : 0.5<br/>리보플라빈(mg) : 0.7<br/>비타민C(mg) : 46.0<br/>칼슘(mg) : 334.0<br/>철분(mg) : 7.5,20220315
B10,서울특별시교육청,7010073,당곡고등학교,2,중식,20220310,740.00,추가밥*<br/>짜장면(1/2)*1.2.5.6.10.13.<br/>얼큰짬뽕(1/2)*1.5.6.9.13.17.18.<br/>꿔바로우&흑당소스*5.6.10.<br/>배추김치*9.13.<br/>꼬들단무지무침*<br/>요구르트*2.,쌀 : 국내산<br/>김치류 : 국내산<br/>고춧가루(김치류) : 국내산<br/>쇠고기(종류) : 국내산(한우)<br/>돼지고기 : 국내산<br/>닭고기 : 국내산<br/>오리고기 : 국내산<br/>쇠고기 식육가공품 : 국내산<br/>돼지고기 식육가공품 : 국내산<br/>닭고기 식육가공품 : 국내산<br/>오리고기 가공품 : 국내산<br/>낙지 : 국내산<br/>고등어 : 국내산<br/>갈치 : 국내산<br/>오징어 : 국내산<br/>꽃게 : 국내산<br/>참조기 : 국내산<br/>콩 : 국내산,863.3 Kcal,탄수화물(g) : 145.5<br/>단백질(g) : 27.9<br/>지방(g) : 21.1<br/>비타민A(R.E) : 170.1<br/>티아민(mg) : 0.4<br/>리보플라빈(mg) : 1.7<br/>비타민C(mg) : 18.1<br/>칼슘(mg) : 447.3<br/>철분(mg) : 8.4,20220317
B10,서울특별시교육청,7010073,당곡고등학교,2,중식,20220311,740.00,친환경현미밥*<br/>들깨무채국*5.6.13.<br/>도토리묵무침*5.6.13.<br/>쑥갓두부무침*5.6.13.<br/>돼지고기김치두루치기*5.6.9.10.13.<br/>총각김치*9.13.<br/>사과*,쌀 : 국내산<br/>김치류 : 국내산<br/>고춧가루(김치류) : 국내산<br/>쇠고기(종류) : 국내산(한우)<br/>돼지고기 : 국내산<br/>닭고기 : 국내산<br/>오리고기 : 국내산<br/>쇠고기 식육가공품 : 국내산<br/>돼지고기 식육가공품 : 국내산<br/>닭고기 식육가공품 : 국내산<br/>오리고기 가공품 : 국내산<br/>낙지 : 국내산<br/>고등어 : 국내산<br/>갈치 : 국내산<br/>오징어 : 국내산<br/>꽃게 : 국내산<br/>참조기 : 국내산<br/>콩 : 국내산,691.0 Kcal,탄수화물(g) : 105.3<br/>단백질(g) : 45.2<br/>지방(g) : 12.6<br/>비타민A(R.E) : 355.4<br/>티아민(mg) : 0.9<br/>리보플라빈(mg) : 0.8<br/>비타민C(mg) : 26.5<br/>칼슘(mg) : 254.4<br/>철분(mg) : 4.4,20220318
B10,서울특별시교육청,7010073,당곡고등학교,2,중식,20220314,670.00,추가밥*<br/>바지락칼국수*5.6.8.13.18.<br/>메추리알곤약조림*1.5.6.13.<br/>반달메밀전병*2.3.5.6.9.10.16.<br/>겉절이*9.13.<br/>바나나*,쌀 : 국내산<br/>김치류 : 국내산<br/>고춧가루(김치류) : 국내산<br/>쇠고기(종류) : 국내산(한우)<br/>돼지고기 : 국내산<br/>닭고기 : 국내산<br/>오리고기 : 국내산<br/>쇠고기 식육가공품 : 국내산<br/>돼지고기 식육가공품 : 국내산<br/>닭고기 식육가공품 : 국내산<br/>오리고기 가공품 : 국내산<br/>낙지 : 국내산<br/>고등어 : 국내산<br/>갈치 : 국내산<br/>오징어 : 국내산<br/>꽃게 : 국내산<br/>참조기 : 국내산<br/>콩 : 국내산,773.7 Kcal,탄수화물(g) : 127.1<br/>단백질(g) : 31.8<br/>지방(g) : 15.3<br/>비타민A(R.E) : 266.8<br/>티아민(mg) : 0.4<br/>리보플라빈(mg) : 0.7<br/>비타민C(mg) : 14.8<br/>칼슘(mg) : 282.6<br/>철분(mg) : 8.9,20220321
B10,서울특별시교육청,7010073,당곡고등학교,2,중식,20220315,670.00,친환경흑미밥*<br/>들깨미역국*5.6.13.<br/>간장돼지찜&스노우치즈*2.5.6.8.10.13.15.<br/>파래김볶음*5.13.<br/>백김치*9.13.<br/>복숭아젤리음료*11.<br/>오이고추쌈장무침*5.6.13.,쌀 : 국내산<br/>김치류 : 국내산<br/>고춧가루(김치류) : 국내산<br/>쇠고기(종류) : 국내산(한우)<br/>돼지고기 : 국내산<br/>닭고기 : 국내산<br/>오리고기 : 국내산<br/>쇠고기 식육가공품 : 국내산<br/>돼지고기 식육가공품 : 국내산<br/>닭고기 식육가공품 : 국내산<br/>오리고기 가공품 : 국내산<br/>낙지 : 국내산<br/>고등어 : 국내산<br/>갈치 : 국내산<br/>오징어 : 국내산<br/>꽃게 : 국내산<br/>참조기 : 국내산<br/>콩 : 국내산,911.8 Kcal,탄수화물(g) : 142.8<br/>단백질(g) : 51.4<br/>지방(g) : 16.8<br/>비타민A(R.E) : 202.2<br/>티아민(mg) : 0.9<br/>리보플라빈(mg) : 1.0<br/>비타민C(mg) : 28.5<br/>칼슘(mg) : 370.7<br/>철분(mg) : 5.0,20220322
B10,서울특별시교육청,7010073,당곡고등학교,2,중식,20220316,670.00,친환경기장밥*<br/>얼큰한우시래기국*5.6.13.16.<br/>소세지야채토마토소스볶음*2.5.6.10.12.13.15.<br/>청경채두반장소스*5.6.12.13.18.<br/>가자미카레구이*2.5.6.12.13.16.18.<br/>섞박지*9.13.,쌀 : 국내산<br/>김치류 : 국내산<br/>고춧가루(김치류) : 국내산<br/>쇠고기(종류) : 국내산(한우)<br/>돼지고기 : 국내산<br/>닭고기 : 국내산<br/>오리고기 : 국내산<br/>쇠고기 식육가공품 : 국내산<br/>돼지고기 식육가공품 : 국내산<br/>닭고기 식육가공품 : 국내산<br/>오리고기 가공품 : 국내산<br/>낙지 : 국내산<br/>고등어 : 국내산<br/>갈치 : 국내산<br/>오징어 : 국내산<br/>꽃게 : 국내산<br/>참조기 : 국내산<br/>콩 : 국내산,835.9 Kcal,탄수화물(g) : 109.6<br/>단백질(g) : 48.0<br/>지방(g) : 24.4<br/>비타민A(R.E) : 338.2<br/>티아민(mg) : 0.7<br/>리보플라빈(mg) : 0.7<br/>비타민C(mg) : 60.8<br/>칼슘(mg) : 292.9<br/>철분(mg) : 4.9,20220323
B10,서울특별시교육청,7010073,당곡고등학교,2,중식,20220317,670.00,훈제오리김치볶음밥*2.5.6.9.10.13.<br/>감자양파국*5.6.13.<br/>미니새송이고추장볶음*5.6.13.<br/>에그토르티아*1.2.5.6.10.12.18.<br/>깍두기*9.13.<br/>청포도*,쌀 : 국내산<br/>김치류 : 국내산<br/>고춧가루(김치류) : 국내산<br/>쇠고기(종류) : 국내산(한우)<br/>돼지고기 : 국내산<br/>닭고기 : 국내산<br/>오리고기 : 국내산<br/>쇠고기 식육가공품 : 국내산<br/>돼지고기 식육가공품 : 국내산<br/>닭고기 식육가공품 : 국내산<br/>오리고기 가공품 : 국내산<br/>낙지 : 국내산<br/>고등어 : 국내산<br/>갈치 : 국내산<br/>오징어 : 국내산<br/>꽃게 : 국내산<br/>참조기 : 국내산<br/>콩 : 국내산,863.0 Kcal,탄수화물(g) : 130.3<br/>단백질(g) : 34.1<br/>지방(g) : 30.7<br/>비타민A(R.E) : 529.2<br/>티아민(mg) : 0.6<br/>리보플라빈(mg) : 1.1<br/>비타민C(mg) : 41.2<br/>칼슘(mg) : 405.4<br/>철분(mg) : 6.0,20220324
B10,서울특별시교육청,7010073,당곡고등학교,2,중식,20220318,670.00,버섯콩나물밥&양념장*5.6.16.<br/>냉이된장국*5.6.13.<br/>취나물무침*5.6.13.<br/>매콤쭈꾸미볶음*5.6.10.13.<br/>열무김치*9.13.<br/>포도음료*5.13.,쌀 : 국내산<br/>김치류 : 국내산<br/>고춧가루(김치류) : 국내산<br/>쇠고기(종류) : 국내산(한우)<br/>돼지고기 : 국내산<br/>닭고기 : 국내산<br/>오리고기 : 국내산<br/>쇠고기 식육가공품 : 국내산<br/>돼지고기 식육가공품 : 국내산<br/>닭고기 식육가공품 : 국내산<br/>오리고기 가공품 : 국내산<br/>낙지 : 국내산<br/>고등어 : 국내산<br/>갈치 : 국내산<br/>오징어 : 국내산<br/>꽃게 : 국내산<br/>참조기 : 국내산<br/>콩 : 국내산,567.0 Kcal,탄수화물(g) : 109.3<br/>단백질(g) : 30.8<br/>지방(g) : 4.2<br/>비타민A(R.E) : 438.7<br/>티아민(mg) : 0.4<br/>리보플라빈(mg) : 1.0<br/>비타민C(mg) : 24.5<br/>칼슘(mg) : 349.1<br/>철분(mg) : 8.7,20220325
B10,서울특별시교육청,7010073,당곡고등학교,2,중식,20220321,670.00,한우야채죽*13.16.<br/>수제또띠아소시지롤*1.2.5.6.10.12.13.15.16.<br/>무말랭이무침*13.<br/>오징어미나리초무침*5.6.13.<br/>백김치*9.13.<br/>오렌지망고주스*,쌀 : 국내산<br/>김치류 : 국내산<br/>고춧가루(김치류) : 국내산<br/>쇠고기(종류) : 국내산(한우)<br/>돼지고기 : 국내산<br/>닭고기 : 국내산<br/>오리고기 : 국내산<br/>쇠고기 식육가공품 : 국내산<br/>돼지고기 식육가공품 : 국내산<br/>닭고기 식육가공품 : 국내산<br/>오리고기 가공품 : 국내산<br/>낙지 : 국내산<br/>고등어 : 국내산<br/>갈치 : 국내산<br/>오징어 : 국내산<br/>꽃게 : 국내산<br/>참조기 : 국내산<br/>콩 : 국내산,893.4 Kcal,탄수화물(g) : 152.7<br/>단백질(g) : 40.4<br/>지방(g) : 19.6<br/>비타민A(R.E) : 307.3<br/>티아민(mg) : 0.5<br/>리보플라빈(mg) : 0.5<br/>비타민C(mg) : 37.1<br/>칼슘(mg) : 519.0<br/>철분(mg) : 11.6,20220328
B10,서울특별시교육청,7010073,당곡고등학교,2,중식,20220322,670.00,친환경현미밥*<br/>한우설렁탕&소면*5.6.13.16.<br/>시금치무침*5.6.13.<br/>너비아니*5.6.10.16.<br/>명태까스&타르소스*1.5.6.13.<br/>섞박지*9.13.<br/>멜론*,쌀 : 국내산<br/>김치류 : 국내산<br/>고춧가루(김치류) : 국내산<br/>쇠고기(종류) : 국내산(한우)<br/>돼지고기 : 국내산<br/>닭고기 : 국내산<br/>오리고기 : 국내산<br/>쇠고기 식육가공품 : 국내산<br/>돼지고기 식육가공품 : 국내산<br/>닭고기 식육가공품 : 국내산<br/>오리고기 가공품 : 국내산<br/>낙지 : 국내산<br/>고등어 : 국내산<br/>갈치 : 국내산<br/>오징어 : 국내산<br/>꽃게 : 국내산<br/>참조기 : 국내산<br/>콩 : 국내산,771.0 Kcal,탄수화물(g) : 95.3<br/>단백질(g) : 37.8<br/>지방(g) : 28.2<br/>비타민A(R.E) : 203.8<br/>티아민(mg) : 0.5<br/>리보플라빈(mg) : 0.3<br/>비타민C(mg) : 17.4<br/>칼슘(mg) : 245.5<br/>철분(mg) : 5.4,20220329
B10,서울특별시교육청,7010073,당곡고등학교,2,중식,20220323,670.00,친환경현미밥*<br/>근대된장국*5.6.13.<br/>감자채양파볶음*5.6.13.<br/>오리주물럭*5.6.13.<br/>배추김치*9.13.<br/>쌈상추&쌈장&파채무침*5.6.13.,쌀 : 국내산<br/>김치류 : 국내산<br/>고춧가루(김치류) : 국내산<br/>쇠고기(종류) : 국내산(한우)<br/>돼지고기 : 국내산<br/>닭고기 : 국내산<br/>오리고기 : 국내산<br/>쇠고기 식육가공품 : 국내산<br/>돼지고기 식육가공품 : 국내산<br/>닭고기 식육가공품 : 국내산<br/>오리고기 가공품 : 국내산<br/>낙지 : 국내산<br/>고등어 : 국내산<br/>갈치 : 국내산<br/>오징어 : 국내산<br/>꽃게 : 국내산<br/>참조기 : 국내산<br/>콩 : 국내산,840.5 Kcal,탄수화물(g) : 127.4<br/>단백질(g) : 33.2<br/>지방(g) : 26.8<br/>비타민A(R.E) : 559.2<br/>티아민(mg) : 0.7<br/>리보플라빈(mg) : 0.8<br/>비타민C(mg) : 21.9<br/>칼슘(mg) : 253.9<br/>철분(mg) : 5.9,20220330
B10,서울특별시교육청,7010073,당곡고등학교,2,중식,20220324,670.00,김가루주먹밥*13.<br/>달걀팟국*1.5.6.9.13.<br/>국물떡볶이&스노우치즈*1.2.5.6.7.10.12.13.15.16.18.<br/>한입핫도그&케찹*1.2.5.6.10.12.<br/>사과음료*5.13.<br/>스틱단무지*,쌀 : 국내산<br/>김치류 : 국내산<br/>고춧가루(김치류) : 국내산<br/>쇠고기(종류) : 국내산(한우)<br/>돼지고기 : 국내산<br/>닭고기 : 국내산<br/>오리고기 : 국내산<br/>쇠고기 식육가공품 : 국내산<br/>돼지고기 식육가공품 : 국내산<br/>닭고기 식육가공품 : 국내산<br/>오리고기 가공품 : 국내산<br/>낙지 : 국내산<br/>고등어 : 국내산<br/>갈치 : 국내산<br/>오징어 : 국내산<br/>꽃게 : 국내산<br/>참조기 : 국내산<br/>콩 : 국내산,905.8 Kcal,탄수화물(g) : 163.3<br/>단백질(g) : 30.4<br/>지방(g) : 19.1<br/>비타민A(R.E) : 525.8<br/>티아민(mg) : 0.3<br/>리보플라빈(mg) : 0.8<br/>비타민C(mg) : 47.4<br/>칼슘(mg) : 397.9<br/>철분(mg) : 4.5,20220331
B10,서울특별시교육청,7010073,당곡고등학교,2,중식,20220325,670.00,친환경잡곡밥*5.<br/>모듬버섯장국*5.6.13.16.18.<br/>돼지고기고추장조림*1.5.6.10.13.<br/>콩나물무침*5.6.13.<br/>게맛살스크램블에그*1.5.6.8.10.13.<br/>배추김치*9.13.<br/>배*,쌀 : 국내산<br/>김치류 : 국내산<br/>고춧가루(김치류) : 국내산<br/>쇠고기(종류) : 국내산(한우)<br/>돼지고기 : 국내산<br/>닭고기 : 국내산<br/>오리고기 : 국내산<br/>쇠고기 식육가공품 : 국내산<br/>돼지고기 식육가공품 : 국내산<br/>닭고기 식육가공품 : 국내산<br/>오리고기 가공품 : 국내산<br/>낙지 : 국내산<br/>고등어 : 국내산<br/>갈치 : 국내산<br/>오징어 : 국내산<br/>꽃게 : 국내산<br/>참조기 : 국내산<br/>콩 : 국내산,815.3 Kcal,탄수화물(g) : 117.9<br/>단백질(g) : 58.9<br/>지방(g) : 16.4<br/>비타민A(R.E) : 406.2<br/>티아민(mg) : 1.2<br/>리보플라빈(mg) : 1.3<br/>비타민C(mg) : 13.8<br/>칼슘(mg) : 273.0<br/>철분(mg) : 5.4,20220401
B10,서울특별시교육청,7010073,당곡고등학교,2,중식,20220328,670.00,미트소스스파게티*1.2.5.6.10.12.13.16.<br/>고르곤졸라사각피자*1.2.5.6.16.<br/>양송이스프*2.5.6.13.<br/>제리뽀*<br/>과일모듬샐러드*1.2.5.6.12.13.<br/>할라피뇨&오이피클*,쌀 : 국내산<br/>김치류 : 국내산<br/>고춧가루(김치류) : 국내산<br/>쇠고기(종류) : 국내산(한우)<br/>돼지고기 : 국내산<br/>닭고기 : 국내산<br/>오리고기 : 국내산<br/>쇠고기 식육가공품 : 국내산<br/>돼지고기 식육가공품 : 국내산<br/>닭고기 식육가공품 : 국내산<br/>오리고기 가공품 : 국내산<br/>낙지 : 국내산<br/>고등어 : 국내산<br/>갈치 : 국내산<br/>오징어 : 국내산<br/>꽃게 : 국내산<br/>참조기 : 국내산<br/>콩 : 국내산,870.1 Kcal,탄수화물(g) : 156.3<br/>단백질(g) : 27.1<br/>지방(g) : 19.7<br/>비타민A(R.E) : 273.1<br/>티아민(mg) : 0.4<br/>리보플라빈(mg) : 0.5<br/>비타민C(mg) : 42.8<br/>칼슘(mg) : 194.9<br/>철분(mg) : 2.8,20220404
B10,서울특별시교육청,7010073,당곡고등학교,2,중식,20220329,670.00,친환경현미밥*<br/>튀김만두&야채무침*1.5.6.10.16.18.<br/>감자수제비국*5.6.<br/>냉이무침*5.6.13.<br/>매콤닭봉조림*5.6.15.<br/>배추김치*9.13.,쌀 : 국내산<br/>김치류 : 국내산<br/>고춧가루(김치류) : 국내산<br/>쇠고기(종류) : 국내산(한우)<br/>돼지고기 : 국내산<br/>닭고기 : 국내산<br/>오리고기 : 국내산<br/>쇠고기 식육가공품 : 국내산<br/>돼지고기 식육가공품 : 국내산<br/>닭고기 식육가공품 : 국내산<br/>오리고기 가공품 : 국내산<br/>낙지 : 국내산<br/>고등어 : 국내산<br/>갈치 : 국내산<br/>오징어 : 국내산<br/>꽃게 : 국내산<br/>참조기 : 국내산<br/>콩 : 국내산,855.9 Kcal,탄수화물(g) : 142.0<br/>단백질(g) : 40.8<br/>지방(g) : 19.0<br/>비타민A(R.E) : 369.4<br/>티아민(mg) : 0.9<br/>리보플라빈(mg) : 0.6<br/>비타민C(mg) : 52.8<br/>칼슘(mg) : 407.9<br/>철분(mg) : 10.9,20220405
B10,서울특별시교육청,7010073,당곡고등학교,2,중식,20220330,670.00,친환경잡곡밥*5.<br/>한우배추전골*1.2.3.5.6.13.16.18.<br/>우엉호두조림*5.6.13.14.<br/>고등어구이*6.7.13.<br/>동그랑땡구이&케첩*1.2.5.6.10.12.15.16.<br/>배추김치*9.13.<br/>청포도*,쌀 : 국내산<br/>김치류 : 국내산<br/>고춧가루(김치류) : 국내산<br/>쇠고기(종류) : 국내산(한우)<br/>돼지고기 : 국내산<br/>닭고기 : 국내산<br/>오리고기 : 국내산<br/>쇠고기 식육가공품 : 국내산<br/>돼지고기 식육가공품 : 국내산<br/>닭고기 식육가공품 : 국내산<br/>오리고기 가공품 : 국내산<br/>낙지 : 국내산<br/>고등어 : 국내산<br/>갈치 : 국내산<br/>오징어 : 국내산<br/>꽃게 : 국내산<br/>참조기 : 국내산<br/>콩 : 국내산,991.3 Kcal,탄수화물(g) : 130.9<br/>단백질(g) : 45.3<br/>지방(g) : 33.2<br/>비타민A(R.E) : 119.4<br/>티아민(mg) : 0.8<br/>리보플라빈(mg) : 0.5<br/>비타민C(mg) : 17.9<br/>칼슘(mg) : 356.0<br/>철분(mg) : 6.9,20220406
B10,서울특별시교육청,7010073,당곡고등학교,2,중식,20220331,670.00,하이라이스*1.2.5.6.10.12.13.<br/>초코슈*1.2.5.6.<br/>두부새우젓국*1.5.6.9.13.<br/>마늘쫑무침*5.6.13.<br/>칠리간장순살치킨*1.2.5.12.15.<br/>깍두기*9.13.,쌀 : 국내산<br/>김치류 : 국내산<br/>고춧가루(김치류) : 국내산<br/>쇠고기(종류) : 국내산(한우)<br/>돼지고기 : 국내산<br/>닭고기 : 국내산<br/>오리고기 : 국내산<br/>쇠고기 식육가공품 : 국내산<br/>돼지고기 식육가공품 : 국내산<br/>닭고기 식육가공품 : 국내산<br/>오리고기 가공품 : 국내산<br/>낙지 : 국내산<br/>고등어 : 국내산<br/>갈치 : 국내산<br/>오징어 : 국내산<br/>꽃게 : 국내산<br/>참조기 : 국내산<br/>콩 : 국내산,777.9 Kcal,탄수화물(g) : 101.4<br/>단백질(g) : 48.7<br/>지방(g) : 23.0<br/>비타민A(R.E) : 174.7<br/>티아민(mg) : 0.4<br/>리보플라빈(mg) : 0.5<br/>비타민C(mg) : 17.9<br/>칼슘(mg) : 322.7<br/>철분(mg) : 10.3,20220407
B10,서울특별시교육청,7010073,당곡고등학교,2,중식,20220401,650.00,친환경잡곡밥*5.<br/>스모어*2.5.6.16.<br/>배추된장국*5.6.13.<br/>오이달래무침*5.6.13.<br/>제육볶음*5.6.10.13.<br/>야채달걀찜*1.5.6.13.18.<br/>배추김치*9.13.,쌀 : 국내산<br/>김치류 : 국내산<br/>고춧가루(김치류) : 국내산<br/>쇠고기(종류) : 국내산(한우)<br/>돼지고기 : 국내산<br/>닭고기 : 국내산<br/>오리고기 : 국내산<br/>쇠고기 식육가공품 : 국내산<br/>돼지고기 식육가공품 : 국내산<br/>닭고기 식육가공품 : 국내산<br/>오리고기 가공품 : 국내산<br/>낙지 : 국내산<br/>고등어 : 국내산<br/>갈치 : 국내산<br/>오징어 : 국내산<br/>꽃게 : 국내산<br/>참조기 : 국내산<br/>콩 : 국내산,766.2 Kcal,탄수화물(g) : 108.0<br/>단백질(g) : 55.2<br/>지방(g) : 15.9<br/>비타민A(R.E) : 388.7<br/>티아민(mg) : 1.0<br/>리보플라빈(mg) : 1.2<br/>비타민C(mg) : 19.8<br/>칼슘(mg) : 261.4<br/>철분(mg) : 5.4,20220408
B10,서울특별시교육청,7010073,당곡고등학교,2,중식,20220404,650.00,참치야채비빔밥*5.6.<br/>딸기레밍턴케이크*1.2.5.6.<br/>청국장찌개*5.6.9.13.18.<br/>떡갈비구이&데리야끼소스*1.5.6.10.13.15.16.18.<br/>울외장아찌*13.<br/>깍두기*9.13.,쌀 : 국내산<br/>김치류 : 국내산<br/>고춧가루(김치류) : 국내산<br/>쇠고기(종류) : 국내산(한우)<br/>돼지고기 : 국내산<br/>닭고기 : 국내산<br/>오리고기 : 국내산<br/>쇠고기 식육가공품 : 국내산<br/>돼지고기 식육가공품 : 국내산<br/>닭고기 식육가공품 : 국내산<br/>오리고기 가공품 : 국내산<br/>낙지 : 국내산<br/>고등어 : 국내산<br/>갈치 : 국내산<br/>오징어 : 국내산<br/>꽃게 : 국내산<br/>참조기 : 국내산<br/>콩 : 국내산,937.9 Kcal,탄수화물(g) : 126.1<br/>단백질(g) : 50.5<br/>지방(g) : 30.4<br/>비타민A(R.E) : 557.7<br/>티아민(mg) : 0.9<br/>리보플라빈(mg) : 0.8<br/>비타민C(mg) : 33.9<br/>칼슘(mg) : 391.3<br/>철분(mg) : 13.5,20220411
B10,서울특별시교육청,7010073,당곡고등학교,2,중식,20220405,650.00,친환경기장밥*<br/>나무케이크*1.2.5.6.<br/>한우미역국*5.6.13.16.<br/>방풍나물무침*5.6.13.<br/>매콤쭈꾸미돈육불고기*5.6.10.13.<br/>버섯잡채*5.6.<br/>겉절이*9.13.,쌀 : 국내산<br/>김치류 : 국내산<br/>고춧가루(김치류) : 국내산<br/>쇠고기(종류) : 국내산(한우)<br/>돼지고기 : 국내산<br/>닭고기 : 국내산<br/>오리고기 : 국내산<br/>쇠고기 식육가공품 : 국내산<br/>돼지고기 식육가공품 : 국내산<br/>닭고기 식육가공품 : 국내산<br/>오리고기 가공품 : 국내산<br/>낙지 : 국내산<br/>고등어 : 국내산<br/>갈치 : 국내산<br/>오징어 : 국내산<br/>꽃게 : 국내산<br/>참조기 : 국내산<br/>콩 : 국내산,885.0 Kcal,탄수화물(g) : 148.3<br/>단백질(g) : 47.1<br/>지방(g) : 14.2<br/>비타민A(R.E) : 251.2<br/>티아민(mg) : 0.7<br/>리보플라빈(mg) : 1.1<br/>비타민C(mg) : 19.9<br/>칼슘(mg) : 306.6<br/>철분(mg) : 5.6,20220412
B10,서울특별시교육청,7010073,당곡고등학교,2,중식,20220406,650.00,친환경잡곡밥*5.<br/>근대된장국*5.6.13.<br/>미나리초무침*5.6.13.<br/>동부묵김가루무침*5.6.13.<br/>닭볶음탕*5.6.13.<br/>배추김치*9.13.<br/>사과*,쌀 : 국내산<br/>김치류 : 국내산<br/>고춧가루(김치류) : 국내산<br/>쇠고기(종류) : 국내산(한우)<br/>돼지고기 : 국내산<br/>닭고기 : 국내산<br/>오리고기 : 국내산<br/>쇠고기 식육가공품 : 국내산<br/>돼지고기 식육가공품 : 국내산<br/>닭고기 식육가공품 : 국내산<br/>오리고기 가공품 : 국내산<br/>낙지 : 국내산<br/>고등어 : 국내산<br/>갈치 : 국내산<br/>오징어 : 국내산<br/>꽃게 : 국내산<br/>참조기 : 국내산<br/>콩 : 국내산,717.1 Kcal,탄수화물(g) : 119.7<br/>단백질(g) : 38.6<br/>지방(g) : 14.5<br/>비타민A(R.E) : 569.1<br/>티아민(mg) : 0.6<br/>리보플라빈(mg) : 0.8<br/>비타민C(mg) : 26.3<br/>칼슘(mg) : 252.8<br/>철분(mg) : 4.3,20220413
B10,서울특별시교육청,7010073,당곡고등학교,2,중식,20220407,650.00,쑥갓어묵국*1.5.6.13.<br/>콩나물무침*5.6.13.<br/>치킨퀘사디아*2.5.6.12.13.15.16.18.<br/>요구르트*2.<br/>한우불고기떡볶이*5.6.13.16.<br/>스틱단무지*,쌀 : 국내산<br/>김치류 : 국내산<br/>고춧가루(김치류) : 국내산<br/>쇠고기(종류) : 국내산(한우)<br/>돼지고기 : 국내산<br/>닭고기 : 국내산<br/>오리고기 : 국내산<br/>쇠고기 식육가공품 : 국내산<br/>돼지고기 식육가공품 : 국내산<br/>닭고기 식육가공품 : 국내산<br/>오리고기 가공품 : 국내산<br/>낙지 : 국내산<br/>고등어 : 국내산<br/>갈치 : 국내산<br/>오징어 : 국내산<br/>꽃게 : 국내산<br/>참조기 : 국내산<br/>콩 : 국내산,878.1 Kcal,탄수화물(g) : 139.8<br/>단백질(g) : 48.7<br/>지방(g) : 18.0<br/>비타민A(R.E) : 235.6<br/>티아민(mg) : 0.3<br/>리보플라빈(mg) : 0.6<br/>비타민C(mg) : 39.5<br/>칼슘(mg) : 447.8<br/>철분(mg) : 5.1,20220414
B10,서울특별시교육청,7010073,당곡고등학교,2,중식,20220408,650.00,친환경차수수밥*<br/>오징어콩나물국*1.5.6.9.13.17.<br/>코다리무조림*5.6.13.<br/>쑥갓두부무침*5.6.13.<br/>스팸달걀부침*1.2.3.5.6.10.13.15.16.<br/>백김치*9.13.,쌀 : 국내산<br/>김치류 : 국내산<br/>고춧가루(김치류) : 국내산<br/>쇠고기(종류) : 국내산(한우)<br/>돼지고기 : 국내산<br/>닭고기 : 국내산<br/>오리고기 : 국내산<br/>쇠고기 식육가공품 : 국내산<br/>돼지고기 식육가공품 : 국내산<br/>닭고기 식육가공품 : 국내산<br/>오리고기 가공품 : 국내산<br/>낙지 : 국내산<br/>고등어 : 국내산<br/>갈치 : 국내산<br/>오징어 : 국내산<br/>꽃게 : 국내산<br/>참조기 : 국내산<br/>콩 : 국내산,837.1 Kcal,탄수화물(g) : 110.3<br/>단백질(g) : 44.4<br/>지방(g) : 26.8<br/>비타민A(R.E) : 269.3<br/>티아민(mg) : 0.5<br/>리보플라빈(mg) : 0.8<br/>비타민C(mg) : 45.9<br/>칼슘(mg) : 272.4<br/>철분(mg) : 4.0,20220415
B10,서울특별시교육청,7010073,당곡고등학교,2,중식,20220411,670.00,김가루돼지고기주먹밥*5.6.10.13.<br/>가쓰오어묵우동*1.2.5.6.9.13.16.18.<br/>머위들깨볶음*5.6.7.18.<br/>닭다리후라이드&치킨양념소스*1.2.5.6.12.13.15.16.<br/>깍두기*9.13.<br/>복숭아젤리음료*11.,쌀 : 국내산<br/>김치류 : 국내산<br/>고춧가루(김치류) : 국내산<br/>쇠고기(종류) : 국내산(한우)<br/>돼지고기 : 국내산<br/>닭고기 : 국내산<br/>오리고기 : 국내산<br/>쇠고기 식육가공품 : 국내산<br/>돼지고기 식육가공품 : 국내산<br/>닭고기 식육가공품 : 국내산<br/>오리고기 가공품 : 국내산<br/>낙지 : 국내산<br/>고등어 : 국내산<br/>갈치 : 국내산<br/>오징어 : 국내산<br/>꽃게 : 국내산<br/>참조기 : 국내산<br/>콩 : 국내산,1066.8 Kcal,탄수화물(g) : 194.7<br/>단백질(g) : 35.9<br/>지방(g) : 17.9<br/>비타민A(R.E) : 412.4<br/>티아민(mg) : 0.4<br/>리보플라빈(mg) : 0.5<br/>비타민C(mg) : 14.9<br/>칼슘(mg) : 281.4<br/>철분(mg) : 3.7,20220418
B10,서울특별시교육청,7010073,당곡고등학교,2,중식,20220412,650.00,친환경잡곡밥*5.<br/>롱꽈베기파이*2.5.6.<br/>북엇국*1.5.6.13.<br/>연근조림*5.6.13.<br/>도토리묵무침*5.6.13.<br/>돼지고기주물럭*5.6.10.12.13.16.18.<br/>배추김치*9.13.,쌀 : 국내산<br/>김치류 : 국내산<br/>고춧가루(김치류) : 국내산<br/>쇠고기(종류) : 국내산(한우)<br/>돼지고기 : 국내산<br/>닭고기 : 국내산<br/>오리고기 : 국내산<br/>쇠고기 식육가공품 : 국내산<br/>돼지고기 식육가공품 : 국내산<br/>닭고기 식육가공품 : 국내산<br/>오리고기 가공품 : 국내산<br/>낙지 : 국내산<br/>고등어 : 국내산<br/>갈치 : 국내산<br/>오징어 : 국내산<br/>꽃게 : 국내산<br/>참조기 : 국내산<br/>콩 : 국내산,915.7 Kcal,탄수화물(g) : 147.7<br/>단백질(g) : 52.5<br/>지방(g) : 17.2<br/>비타민A(R.E) : 321.0<br/>티아민(mg) : 1.0<br/>리보플라빈(mg) : 1.2<br/>비타민C(mg) : 30.1<br/>칼슘(mg) : 235.6<br/>철분(mg) : 4.7,20220419
B10,서울특별시교육청,7010073,당곡고등학교,2,중식,20220413,650.00,친환경잡곡밥*5.<br/>한우육개장*5.6.13.<br/>고구마줄기들깨볶음*<br/>웨지감자베이컨구이*2.10.13.<br/>고추장삼치구이*5.6.13.<br/>배추김치*9.13.,쌀 : 국내산<br/>김치류 : 국내산<br/>고춧가루(김치류) : 국내산<br/>쇠고기(종류) : 국내산(한우)<br/>돼지고기 : 국내산<br/>닭고기 : 국내산<br/>오리고기 : 국내산<br/>쇠고기 식육가공품 : 국내산<br/>돼지고기 식육가공품 : 국내산<br/>닭고기 식육가공품 : 국내산<br/>오리고기 가공품 : 국내산<br/>낙지 : 국내산<br/>고등어 : 국내산<br/>갈치 : 국내산<br/>오징어 : 국내산<br/>꽃게 : 국내산<br/>참조기 : 국내산<br/>콩 : 국내산,576.2 Kcal,탄수화물(g) : 102.4<br/>단백질(g) : 27.2<br/>지방(g) : 9.6<br/>비타민A(R.E) : 246.8<br/>티아민(mg) : 0.4<br/>리보플라빈(mg) : 0.4<br/>비타민C(mg) : 28.8<br/>칼슘(mg) : 212.0<br/>철분(mg) : 3.6,20220420
B10,서울특별시교육청,7010073,당곡고등학교,2,중식,20220414,670.00,돈까스덮밥*1.2.5.6.7.10.13.18.<br/>팽이장국*5.6.13.<br/>구멍어묵고추장볶음*1.5.6.13.16.<br/>깍두기*9.13.<br/>오렌지*<br/>흑임자양배추샐러드*1.5.13.,쌀 : 국내산<br/>김치류 : 국내산<br/>고춧가루(김치류) : 국내산<br/>쇠고기(종류) : 국내산(한우)<br/>돼지고기 : 국내산<br/>닭고기 : 국내산<br/>오리고기 : 국내산<br/>쇠고기 식육가공품 : 국내산<br/>돼지고기 식육가공품 : 국내산<br/>닭고기 식육가공품 : 국내산<br/>오리고기 가공품 : 국내산<br/>낙지 : 국내산<br/>고등어 : 국내산<br/>갈치 : 국내산<br/>오징어 : 국내산<br/>꽃게 : 국내산<br/>참조기 : 국내산<br/>콩 : 국내산,906.9 Kcal,탄수화물(g) : 149.7<br/>단백질(g) : 33.3<br/>지방(g) : 23.0<br/>비타민A(R.E) : 230.0<br/>티아민(mg) : 0.5<br/>리보플라빈(mg) : 0.7<br/>비타민C(mg) : 29.3<br/>칼슘(mg) : 340.1<br/>철분(mg) : 5.6,20220421
B10,서울특별시교육청,7010073,당곡고등학교,2,중식,20220415,650.00,친환경기장밥*  <br/>순두부백탕*  (1.5.6.9.13.18.)<br/>돼지고기고추장조림*  (1.5.6.10.13.)<br/>열무된장무침*  (5.6.)<br/>녹두전*  (5.6.10.16.)<br/>배추김치*  (9.13.)<br/>키위*  ,쌀 : 국내산<br/>김치류 : 국내산<br/>고춧가루(김치류) : 국내산<br/>쇠고기(종류) : 국내산(한우)<br/>돼지고기 : 국내산<br/>닭고기 : 국내산<br/>오리고기 : 국내산<br/>쇠고기 식육가공품 : 국내산<br/>돼지고기 식육가공품 : 국내산<br/>닭고기 식육가공품 : 국내산<br/>오리고기 가공품 : 국내산<br/>낙지 : 국내산<br/>고등어 : 국내산<br/>갈치 : 국내산<br/>오징어 : 국내산<br/>꽃게 : 국내산<br/>참조기 : 국내산<br/>콩 : 국내산,823.3 Kcal,탄수화물(g) : 115.7<br/>단백질(g) : 57.6<br/>지방(g) : 18.4<br/>비타민A(R.E) : 503.4<br/>티아민(mg) : 1.4<br/>리보플라빈(mg) : 0.9<br/>비타민C(mg) : 58.5<br/>칼슘(mg) : 298.6<br/>철분(mg) : 8.1,20220422
B10,서울특별시교육청,7010073,당곡고등학교,2,중식,20220418,670.00,친환경잡곡밥*  (5.)<br/>쫄면야채무침*  (5.6.)<br/>호박감자된장찌개*  (5.6.13.)<br/>대패삼겹살야채오븐구이*  (5.6.10.13.)<br/>배추김치*  (9.13.)<br/>쌈상추&쌈장*  (5.6.13.),쌀 : 국내산<br/>김치류 : 국내산<br/>고춧가루(김치류) : 국내산<br/>쇠고기(종류) : 국내산(한우)<br/>돼지고기 : 국내산<br/>닭고기 : 국내산<br/>오리고기 : 국내산<br/>쇠고기 식육가공품 : 국내산<br/>돼지고기 식육가공품 : 국내산<br/>닭고기 식육가공품 : 국내산<br/>오리고기 가공품 : 국내산<br/>낙지 : 국내산<br/>고등어 : 국내산<br/>갈치 : 국내산<br/>오징어 : 국내산<br/>꽃게 : 국내산<br/>참조기 : 국내산<br/>콩 : 국내산,920.9 Kcal,탄수화물(g) : 124.4<br/>단백질(g) : 54.6<br/>지방(g) : 27.8<br/>비타민A(R.E) : 315.3<br/>티아민(mg) : 1.4<br/>리보플라빈(mg) : 0.7<br/>비타민C(mg) : 36.9<br/>칼슘(mg) : 260.0<br/>철분(mg) : 5.3,20220425
B10,서울특별시교육청,7010073,당곡고등학교,2,중식,20220419,670.00,김치무국*  (5.6.9.13.)<br/>씨푸드갈릭볶음밥*  (1.2.5.6.9.12.13.17.18.)<br/>깍두기*  (9.13.)<br/>멜론*  <br/>할라피뇨&오이피클*  <br/>유린기*  (2.4.5.6.15.),쌀 : 국내산<br/>김치류 : 국내산<br/>고춧가루(김치류) : 국내산<br/>쇠고기(종류) : 국내산(한우)<br/>돼지고기 : 국내산<br/>닭고기 : 국내산<br/>오리고기 : 국내산<br/>쇠고기 식육가공품 : 국내산<br/>돼지고기 식육가공품 : 국내산<br/>닭고기 식육가공품 : 국내산<br/>오리고기 가공품 : 국내산<br/>낙지 : 국내산<br/>고등어 : 국내산<br/>갈치 : 국내산<br/>오징어 : 국내산<br/>꽃게 : 국내산<br/>참조기 : 국내산<br/>콩 : 국내산,604.1 Kcal,탄수화물(g) : 97.8<br/>단백질(g) : 49.0<br/>지방(g) : 6.9<br/>비타민A(R.E) : 177.1<br/>티아민(mg) : 0.6<br/>리보플라빈(mg) : 0.3<br/>비타민C(mg) : 38.2<br/>칼슘(mg) : 246.2<br/>철분(mg) : 4.3,20220426
B10,서울특별시교육청,7010073,당곡고등학교,2,중식,20220420,650.00,친환경현미밥*  <br/>돈등뼈감자탕&수제비*  (5.6.9.10.13.18.)<br/>고추잡채&꽃빵*  (1.2.5.6.10.13.)<br/>고갈비*  (5.6.7.13.)<br/>총각김치*  (9.13.),쌀 : 국내산<br/>김치류 : 국내산<br/>고춧가루(김치류) : 국내산<br/>쇠고기(종류) : 국내산(한우)<br/>돼지고기 : 국내산<br/>닭고기 : 국내산<br/>오리고기 : 국내산<br/>쇠고기 식육가공품 : 국내산<br/>돼지고기 식육가공품 : 국내산<br/>닭고기 식육가공품 : 국내산<br/>오리고기 가공품 : 국내산<br/>낙지 : 국내산<br/>고등어 : 국내산<br/>갈치 : 국내산<br/>오징어 : 국내산<br/>꽃게 : 국내산<br/>참조기 : 국내산<br/>콩 : 국내산,899.7 Kcal,탄수화물(g) : 139.8<br/>단백질(g) : 48.1<br/>지방(g) : 20.0<br/>비타민A(R.E) : 274.5<br/>티아민(mg) : 0.8<br/>리보플라빈(mg) : 1.1<br/>비타민C(mg) : 40.9<br/>칼슘(mg) : 262.7<br/>철분(mg) : 5.7,20220427
B10,서울특별시교육청,7010073,당곡고등학교,2,중식,20220421,670.00,추가밥*  <br/>얼큰닭다리칼국수*  (5.6.9.13.15.18.)<br/>냉이무침*  (5.6.13.)<br/>콘치즈오븐구이*  (1.2.5.6.13.)<br/>겉절이*  (9.13.)<br/>우리쌀식혜*  ,쌀 : 국내산<br/>김치류 : 국내산<br/>고춧가루(김치류) : 국내산<br/>쇠고기(종류) : 국내산(한우)<br/>돼지고기 : 국내산<br/>닭고기 : 국내산<br/>오리고기 : 국내산<br/>쇠고기 식육가공품 : 국내산<br/>돼지고기 식육가공품 : 국내산<br/>닭고기 식육가공품 : 국내산<br/>오리고기 가공품 : 국내산<br/>낙지 : 국내산<br/>고등어 : 국내산<br/>갈치 : 국내산<br/>오징어 : 국내산<br/>꽃게 : 국내산<br/>참조기 : 국내산<br/>콩 : 국내산,858.3 Kcal,탄수화물(g) : 125.6<br/>단백질(g) : 39.0<br/>지방(g) : 23.3<br/>비타민A(R.E) : 266.2<br/>티아민(mg) : 0.4<br/>리보플라빈(mg) : 0.5<br/>비타민C(mg) : 37.4<br/>칼슘(mg) : 416.0<br/>철분(mg) : 5.2,20220428
B10,서울특별시교육청,7010073,당곡고등학교,2,중식,20220422,650.00,달걀팟국*  (1.5.6.9.13.)<br/>우엉조림*  (5.6.13.)<br/>오징어덮밥*  (5.6.13.17.)<br/>가자미까스&어니언크림소스*  (1.2.5.6.15.16.18.)<br/>겉절이*  (9.13.)<br/>바나나생크림와플*  (1.2.5.6.13.),쌀 : 국내산<br/>김치류 : 국내산<br/>고춧가루(김치류) : 국내산<br/>쇠고기(종류) : 국내산(한우)<br/>돼지고기 : 국내산<br/>닭고기 : 국내산<br/>오리고기 : 국내산<br/>쇠고기 식육가공품 : 국내산<br/>돼지고기 식육가공품 : 국내산<br/>닭고기 식육가공품 : 국내산<br/>오리고기 가공품 : 국내산<br/>낙지 : 국내산<br/>고등어 : 국내산<br/>갈치 : 국내산<br/>오징어 : 국내산<br/>꽃게 : 국내산<br/>참조기 : 국내산<br/>콩 : 국내산,994.3 Kcal,탄수화물(g) : 138.3<br/>단백질(g) : 47.3<br/>지방(g) : 31.5<br/>비타민A(R.E) : 372.6<br/>티아민(mg) : 0.6<br/>리보플라빈(mg) : 0.8<br/>비타민C(mg) : 17.6<br/>칼슘(mg) : 344.6<br/>철분(mg) : 4.4,20220429
B10,서울특별시교육청,7010073,당곡고등학교,2,중식,20220425,650.00,친환경현미밥*  <br/>시래기순댓국*  (6.9.10.13.)<br/>고사리나물*  (5.6.)<br/>고추참치야채볶음*  (5.6.9.12.13.)<br/>임연수카레구이*  (2.5.6.12.13.16.18.)<br/>섞박지*  (9.13.)<br/>적포도*  ,쌀 : 국내산<br/>김치류 : 국내산<br/>고춧가루(김치류) : 국내산<br/>쇠고기(종류) : 국내산(한우)<br/>돼지고기 : 국내산<br/>닭고기 : 국내산<br/>오리고기 : 국내산<br/>쇠고기 식육가공품 : 국내산<br/>돼지고기 식육가공품 : 국내산<br/>닭고기 식육가공품 : 국내산<br/>오리고기 가공품 : 국내산<br/>낙지 : 국내산<br/>고등어 : 국내산<br/>갈치 : 국내산<br/>오징어 : 국내산<br/>꽃게 : 국내산<br/>참조기 : 국내산<br/>콩 : 국내산,821.9 Kcal,탄수화물(g) : 135.6<br/>단백질(g) : 32.1<br/>지방(g) : 20.4<br/>비타민A(R.E) : 277.8<br/>티아민(mg) : 0.5<br/>리보플라빈(mg) : 0.6<br/>비타민C(mg) : 36.6<br/>칼슘(mg) : 273.8<br/>철분(mg) : 13.1,20220502
B10,서울특별시교육청,7010073,당곡고등학교,2,중식,20220426,670.00,매콤돈육필라프*  (2.5.6.10.13.)<br/>맑은콩나물국*  (5.6.13.)<br/>부추무침*  (5.6.13.)<br/>모듬감자튀김&케찹*  (5.6.12.)<br/>깍두기*  (9.13.)<br/>비타민젤리*  (10.),쌀 : 국내산<br/>김치류 : 국내산<br/>고춧가루(김치류) : 국내산<br/>쇠고기(종류) : 국내산(한우)<br/>돼지고기 : 국내산<br/>닭고기 : 국내산<br/>오리고기 : 국내산<br/>쇠고기 식육가공품 : 국내산<br/>돼지고기 식육가공품 : 국내산<br/>닭고기 식육가공품 : 국내산<br/>오리고기 가공품 : 국내산<br/>낙지 : 국내산<br/>고등어 : 국내산<br/>갈치 : 국내산<br/>오징어 : 국내산<br/>꽃게 : 국내산<br/>참조기 : 국내산<br/>콩 : 국내산,822.8 Kcal,탄수화물(g) : 138.1<br/>단백질(g) : 26.7<br/>지방(g) : 19.3<br/>비타민A(R.E) : 135.9<br/>티아민(mg) : 0.5<br/>리보플라빈(mg) : 0.5<br/>비타민C(mg) : 31.7<br/>칼슘(mg) : 217.8<br/>철분(mg) : 3.7,20220503
B10,서울특별시교육청,7010073,당곡고등학교,2,중식,20220504,690.00,야채볶음밥*  (2.5.6.13.)<br/>매콤토마토홍합스프*  (5.6.12.13.18.)<br/>돈마호크*  (1.2.5.6.10.13.)<br/>깍두기*  (9.13.)<br/>포도음료*  (5.13.)<br/>할라피뇨&오이피클*  ,쌀 : 국내산<br/>김치류 : 국내산<br/>고춧가루(김치류) : 국내산<br/>쇠고기(종류) : 국내산(한우)<br/>돼지고기 : 국내산<br/>닭고기 : 국내산<br/>오리고기 : 국내산<br/>쇠고기 식육가공품 : 국내산<br/>돼지고기 식육가공품 : 국내산<br/>닭고기 식육가공품 : 국내산<br/>오리고기 가공품 : 국내산<br/>낙지 : 국내산<br/>고등어 : 국내산<br/>갈치 : 국내산<br/>오징어 : 국내산<br/>꽃게 : 국내산<br/>참조기 : 국내산<br/>콩 : 국내산,865.9 Kcal,탄수화물(g) : 126.6<br/>단백질(g) : 34.0<br/>지방(g) : 27.2<br/>비타민A(R.E) : 215.7<br/>티아민(mg) : 0.5<br/>리보플라빈(mg) : 0.7<br/>비타민C(mg) : 31.4<br/>칼슘(mg) : 272.7<br/>철분(mg) : 5.2,20220511
B10,서울특별시교육청,7010073,당곡고등학교,2,중식,20220509,670.00,추가밥*  <br/>고기국수*  (1.5.6.10.13.)<br/>오이무침*  (5.6.13.)<br/>녹두만두구이*  (1.2.5.6.10.16.18.)<br/>겉절이*  (9.13.)<br/>감귤음료*  (5.13.),쌀 : 국내산<br/>김치류 : 국내산<br/>고춧가루(김치류) : 국내산<br/>쇠고기(종류) : 국내산(한우)<br/>돼지고기 : 국내산<br/>닭고기 : 국내산<br/>오리고기 : 국내산<br/>쇠고기 식육가공품 : 국내산<br/>돼지고기 식육가공품 : 국내산<br/>닭고기 식육가공품 : 국내산<br/>오리고기 가공품 : 국내산<br/>낙지 : 국내산<br/>고등어 : 국내산<br/>갈치 : 국내산<br/>오징어 : 국내산<br/>꽃게 : 국내산<br/>참조기 : 국내산<br/>콩 : 국내산,713.6 Kcal,탄수화물(g) : 117.9<br/>단백질(g) : 28.9<br/>지방(g) : 13.7<br/>비타민A(R.E) : 144.0<br/>티아민(mg) : 0.9<br/>리보플라빈(mg) : 0.6<br/>비타민C(mg) : 67.8<br/>칼슘(mg) : 189.5<br/>철분(mg) : 8.3,20220516
B10,서울특별시교육청,7010073,당곡고등학교,2,중식,20220510,650.00,친환경잡곡밥*  (5.)<br/>얼갈이된장국*  (5.6.13.)<br/>매콤돼지갈비찜*  (5.6.10.13.)<br/>고춧잎나물*  (5.6.)<br/>명태살두부전*  (1.5.6.12.)<br/>배추김치*  (9.13.),쌀 : 국내산<br/>김치류 : 국내산<br/>고춧가루(김치류) : 국내산<br/>쇠고기(종류) : 국내산(한우)<br/>돼지고기 : 국내산<br/>닭고기 : 국내산<br/>오리고기 : 국내산<br/>쇠고기 식육가공품 : 국내산<br/>돼지고기 식육가공품 : 국내산<br/>닭고기 식육가공품 : 국내산<br/>오리고기 가공품 : 국내산<br/>낙지 : 국내산<br/>고등어 : 국내산<br/>갈치 : 국내산<br/>오징어 : 국내산<br/>꽃게 : 국내산<br/>참조기 : 국내산<br/>콩 : 국내산,807.3 Kcal,탄수화물(g) : 105.1<br/>단백질(g) : 54.4<br/>지방(g) : 20.6<br/>비타민A(R.E) : 434.4<br/>티아민(mg) : 0.8<br/>리보플라빈(mg) : 1.1<br/>비타민C(mg) : 22.2<br/>칼슘(mg) : 465.6<br/>철분(mg) : 6.3,20220517
B10,서울특별시교육청,7010073,당곡고등학교,2,중식,20220511,650.00,친환경현미밥*  <br/>김치버섯수제비국*  (5.6.9.13.)<br/>파마산고구마감자버터구이*  (2.5.13.)<br/>훈제오리&머스터드*  (1.5.6.13.)<br/>백김치*  (9.13.)<br/>쌈무*  <br/>사과*  ,쌀 : 국내산<br/>김치류 : 국내산<br/>고춧가루(김치류) : 국내산<br/>쇠고기(종류) : 국내산(한우)<br/>돼지고기 : 국내산<br/>닭고기 : 국내산<br/>오리고기 : 국내산<br/>쇠고기 식육가공품 : 국내산<br/>돼지고기 식육가공품 : 국내산<br/>닭고기 식육가공품 : 국내산<br/>오리고기 가공품 : 국내산<br/>낙지 : 국내산<br/>고등어 : 국내산<br/>갈치 : 국내산<br/>오징어 : 국내산<br/>꽃게 : 국내산<br/>참조기 : 국내산<br/>콩 : 국내산,780.6 Kcal,탄수화물(g) : 121.5<br/>단백질(g) : 26.2<br/>지방(g) : 29.5<br/>비타민A(R.E) : 160.7<br/>티아민(mg) : 0.4<br/>리보플라빈(mg) : 0.4<br/>비타민C(mg) : 31.1<br/>칼슘(mg) : 302.0<br/>철분(mg) : 3.7,20220518
B10,서울특별시교육청,7010073,당곡고등학교,2,중식,20220512,670.00,돈육대패김치볶음밥*  (2.5.6.9.10.13.)<br/>달걀팟국*  (1.5.6.9.13.)<br/>애호박새우젓볶음*  (9.13.)<br/>베이컨감자그라탕*  (2.5.6.9.10.12.13.)<br/>깍두기*  (9.13.)<br/>바나나*  ,쌀 : 국내산<br/>김치류 : 국내산<br/>고춧가루(김치류) : 국내산<br/>쇠고기(종류) : 국내산(한우)<br/>돼지고기 : 국내산<br/>닭고기 : 국내산<br/>오리고기 : 국내산<br/>쇠고기 식육가공품 : 국내산<br/>돼지고기 식육가공품 : 국내산<br/>닭고기 식육가공품 : 국내산<br/>오리고기 가공품 : 국내산<br/>낙지 : 국내산<br/>고등어 : 국내산<br/>갈치 : 국내산<br/>오징어 : 국내산<br/>꽃게 : 국내산<br/>참조기 : 국내산<br/>콩 : 국내산,810.2 Kcal,탄수화물(g) : 121.3<br/>단백질(g) : 40.7<br/>지방(g) : 24.7<br/>비타민A(R.E) : 468.7<br/>티아민(mg) : 0.5<br/>리보플라빈(mg) : 1.0<br/>비타민C(mg) : 35.0<br/>칼슘(mg) : 623.7<br/>철분(mg) : 4.5,20220519
B10,서울특별시교육청,7010073,당곡고등학교,2,중식,20220513,610.00,버섯콩나물밥&양념장*  (5.6.16.)<br/>들깨미역국*  (5.6.13.)<br/>꽁치김치조림*  (5.6.9.13.)<br/>깻잎순된장무침*  (5.6.13.18.)<br/>배추김치*  (9.13.)<br/>무조미김*  <br/>쇼콜라빨미까레*  (1.2.5.6.),쌀 : 국내산<br/>김치류 : 국내산<br/>고춧가루(김치류) : 국내산<br/>쇠고기(종류) : 국내산(한우)<br/>돼지고기 : 국내산<br/>닭고기 : 국내산<br/>오리고기 : 국내산<br/>쇠고기 식육가공품 : 국내산<br/>돼지고기 식육가공품 : 국내산<br/>닭고기 식육가공품 : 국내산<br/>오리고기 가공품 : 국내산<br/>낙지 : 국내산<br/>고등어 : 국내산<br/>갈치 : 국내산<br/>오징어 : 국내산<br/>꽃게 : 국내산<br/>참조기 : 국내산<br/>콩 : 국내산,721.3 Kcal,탄수화물(g) : 130.2<br/>단백질(g) : 28.2<br/>지방(g) : 12.9<br/>비타민A(R.E) : 585.9<br/>티아민(mg) : 0.5<br/>리보플라빈(mg) : 1.0<br/>비타민C(mg) : 26.7<br/>칼슘(mg) : 419.0<br/>철분(mg) : 7.7,20220520
B10,서울특별시교육청,7010073,당곡고등학교,2,중식,20220516,680.00,치킨마요덮밥*  (1.5.6.13.)<br/>얼큰김치콩나물국*  (5.6.9.13.)<br/>머위들깨볶음*  (5.6.7.18.)<br/>라면땅핫도그&케찹*  (1.2.5.6.10.12.16.)<br/>깍두기*  (9.13.)<br/>제리뽀*  ,쌀 : 국내산<br/>김치류 : 국내산<br/>고춧가루(김치류) : 국내산<br/>쇠고기(종류) : 국내산(한우)<br/>돼지고기 : 국내산<br/>닭고기 : 국내산<br/>오리고기 : 국내산<br/>쇠고기 식육가공품 : 국내산<br/>돼지고기 식육가공품 : 국내산<br/>닭고기 식육가공품 : 국내산<br/>오리고기 가공품 : 국내산<br/>낙지 : 국내산<br/>고등어 : 국내산<br/>갈치 : 국내산<br/>오징어 : 국내산<br/>꽃게 : 국내산<br/>참조기 : 국내산<br/>콩 : 국내산,815.6 Kcal,탄수화물(g) : 130.7<br/>단백질(g) : 33.2<br/>지방(g) : 21.4<br/>비타민A(R.E) : 369.6<br/>티아민(mg) : 0.5<br/>리보플라빈(mg) : 1.0<br/>비타민C(mg) : 20.2<br/>칼슘(mg) : 325.6<br/>철분(mg) : 5.7,20220523
B10,서울특별시교육청,7010073,당곡고등학교,2,중식,20220517,650.00,친환경현미밥*  <br/>조랭이떡국*  (1.5.6.13.16.)<br/>시금치나물  <br/>도토리묵김치무침*  (3.5.6.9.13.)<br/>닭볶음탕*  (5.6.13.)<br/>겉절이*  (9.13.)<br/>오렌지*  ,쌀 : 국내산<br/>김치류 : 국내산<br/>고춧가루(김치류) : 국내산<br/>쇠고기(종류) : 국내산(한우)<br/>돼지고기 : 국내산<br/>닭고기 : 국내산<br/>오리고기 : 국내산<br/>쇠고기 식육가공품 : 국내산<br/>돼지고기 식육가공품 : 국내산<br/>닭고기 식육가공품 : 국내산<br/>오리고기 가공품 : 국내산<br/>낙지 : 국내산<br/>고등어 : 국내산<br/>갈치 : 국내산<br/>오징어 : 국내산<br/>꽃게 : 국내산<br/>참조기 : 국내산<br/>콩 : 국내산,896.3 Kcal,탄수화물(g) : 151.7<br/>단백질(g) : 42.1<br/>지방(g) : 18.6<br/>비타민A(R.E) : 641.0<br/>티아민(mg) : 0.6<br/>리보플라빈(mg) : 1.1<br/>비타민C(mg) : 52.5<br/>칼슘(mg) : 228.5<br/>철분(mg) : 5.3,20220524
B10,서울특별시교육청,7010073,당곡고등학교,2,중식,20220518,650.00,친환경잡곡밥*  (5.)<br/>부대찌개&라면사리*  (1.2.5.6.9.10.12.13.16.)<br/>돈민찌두부조림*  (5.6.10.13.)<br/>부추무생채*  (1.2.5.6.13.)<br/>가자미카레구이*  (2.5.6.12.13.16.18.)<br/>배추김치*  (9.13.),쌀 : 국내산<br/>김치류 : 국내산<br/>고춧가루(김치류) : 국내산<br/>쇠고기(종류) : 국내산(한우)<br/>돼지고기 : 국내산<br/>닭고기 : 국내산<br/>오리고기 : 국내산<br/>쇠고기 식육가공품 : 국내산<br/>돼지고기 식육가공품 : 국내산<br/>닭고기 식육가공품 : 국내산<br/>오리고기 가공품 : 국내산<br/>낙지 : 국내산<br/>고등어 : 국내산<br/>갈치 : 국내산<br/>오징어 : 국내산<br/>꽃게 : 국내산<br/>참조기 : 국내산<br/>콩 : 국내산,865.0 Kcal,탄수화물(g) : 126.8<br/>단백질(g) : 46.8<br/>지방(g) : 19.4<br/>비타민A(R.E) : 116.2<br/>티아민(mg) : 0.7<br/>리보플라빈(mg) : 1.4<br/>비타민C(mg) : 20.7<br/>칼슘(mg) : 345.0<br/>철분(mg) : 5.4,20220525
B10,서울특별시교육청,7010073,당곡고등학교,2,중식,20220519,680.00,추가밥*  <br/>김치유부우동*  (1.2.5.6.9.13.18.)<br/>열무된장무침*  (5.6.)<br/>블랙새우튀김&타르타르소스*  (1.5.6.9.)<br/>깍두기*  (9.13.)<br/>요구르트*  (2.),쌀 : 국내산<br/>김치류 : 국내산<br/>고춧가루(김치류) : 국내산<br/>쇠고기(종류) : 국내산(한우)<br/>돼지고기 : 국내산<br/>닭고기 : 국내산<br/>오리고기 : 국내산<br/>쇠고기 식육가공품 : 국내산<br/>돼지고기 식육가공품 : 국내산<br/>닭고기 식육가공품 : 국내산<br/>오리고기 가공품 : 국내산<br/>낙지 : 국내산<br/>고등어 : 국내산<br/>갈치 : 국내산<br/>오징어 : 국내산<br/>꽃게 : 국내산<br/>참조기 : 국내산<br/>콩 : 국내산,871.2 Kcal,탄수화물(g) : 122.5<br/>단백질(g) : 43.4<br/>지방(g) : 23.6<br/>비타민A(R.E) : 301.2<br/>티아민(mg) : 0.4<br/>리보플라빈(mg) : 0.6<br/>비타민C(mg) : 21.7<br/>칼슘(mg) : 416.0<br/>철분(mg) : 9.5,20220526
B10,서울특별시교육청,7010073,당곡고등학교,2,중식,20220520,610.00,친환경기장밥*  <br/>바지락콩비지찌개*  (5.6.9.13.18.)<br/>돼지고기메추리알조림*  (1.5.6.10.13.)<br/>톳나물무침*  (13.)<br/>명엽채고추장볶음*  (1.5.6.13.)<br/>깍두기*  (9.13.)<br/>멜론*  ,쌀 : 국내산<br/>김치류 : 국내산<br/>고춧가루(김치류) : 국내산<br/>쇠고기(종류) : 국내산(한우)<br/>돼지고기 : 국내산<br/>닭고기 : 국내산<br/>오리고기 : 국내산<br/>쇠고기 식육가공품 : 국내산<br/>돼지고기 식육가공품 : 국내산<br/>닭고기 식육가공품 : 국내산<br/>오리고기 가공품 : 국내산<br/>낙지 : 국내산<br/>고등어 : 국내산<br/>갈치 : 국내산<br/>오징어 : 국내산<br/>꽃게 : 국내산<br/>참조기 : 국내산<br/>콩 : 국내산,856.9 Kcal,탄수화물(g) : 137.8<br/>단백질(g) : 54.5<br/>지방(g) : 12.2<br/>비타민A(R.E) : 224.1<br/>티아민(mg) : 0.8<br/>리보플라빈(mg) : 1.0<br/>비타민C(mg) : 20.8<br/>칼슘(mg) : 366.2<br/>철분(mg) : 9.9,20220527
B10,서울특별시교육청,7010073,당곡고등학교,2,중식,20220523,690.00,추가밥*  <br/>미트소스스파게티(1/2)*  (1.2.5.6.10.12.13.16.)<br/>투움바파스타(1/2)*  (1.2.5.6.9.10.12.13.15.16.17.18.)<br/>깍두기*  (9.13.)<br/>스틱마늘빵*  (2.5.6.16.)<br/>청포도음료*  <br/>과일모듬샐러드*  (1.2.5.6.12.13.),쌀 : 국내산<br/>김치류 : 국내산<br/>고춧가루(김치류) : 국내산<br/>쇠고기(종류) : 국내산(한우)<br/>돼지고기 : 국내산<br/>닭고기 : 국내산<br/>오리고기 : 국내산<br/>쇠고기 식육가공품 : 국내산<br/>돼지고기 식육가공품 : 국내산<br/>닭고기 식육가공품 : 국내산<br/>오리고기 가공품 : 국내산<br/>낙지 : 국내산<br/>고등어 : 국내산<br/>갈치 : 국내산<br/>오징어 : 국내산<br/>꽃게 : 국내산<br/>참조기 : 국내산<br/>콩 : 국내산,923.6 Kcal,탄수화물(g) : 146.3<br/>단백질(g) : 28.4<br/>지방(g) : 25.0<br/>비타민A(R.E) : 350.3<br/>티아민(mg) : 0.5<br/>리보플라빈(mg) : 0.6<br/>비타민C(mg) : 34.6<br/>칼슘(mg) : 229.4<br/>철분(mg) : 6.6,20220530
B10,서울특별시교육청,7010073,당곡고등학교,2,중식,20220524,670.00,친환경기장밥*  <br/>한우육개장&당면*  (5.6.13.)<br/>쑥갓두부무침*  (5.6.13.)<br/>게맛살스크램블에그*  (1.5.6.8.10.13.)<br/>오징어강정*  (2.5.6.12.13.16.17.)<br/>총각김치*  (9.13.),쌀 : 국내산<br/>김치류 : 국내산<br/>고춧가루(김치류) : 국내산<br/>쇠고기(종류) : 국내산(한우)<br/>돼지고기 : 국내산<br/>닭고기 : 국내산<br/>오리고기 : 국내산<br/>쇠고기 식육가공품 : 국내산<br/>돼지고기 식육가공품 : 국내산<br/>닭고기 식육가공품 : 국내산<br/>오리고기 가공품 : 국내산<br/>낙지 : 국내산<br/>고등어 : 국내산<br/>갈치 : 국내산<br/>오징어 : 국내산<br/>꽃게 : 국내산<br/>참조기 : 국내산<br/>콩 : 국내산,828.9 Kcal,탄수화물(g) : 131.6<br/>단백질(g) : 42.7<br/>지방(g) : 16.9<br/>비타민A(R.E) : 392.2<br/>티아민(mg) : 0.3<br/>리보플라빈(mg) : 0.8<br/>비타민C(mg) : 37.8<br/>칼슘(mg) : 321.1<br/>철분(mg) : 5.8,20220531
B10,서울특별시교육청,7010073,당곡고등학교,2,중식,20220525,700.00,친환경현미밥*  <br/>근대된장국*  (5.6.13.)<br/>돼지고기주물럭*  (5.6.10.12.13.16.18.)<br/>채어묵볶음*  (1.5.6.13.16.18.)<br/>곤드레들깨볶음*  (5.6.7.18.)<br/>배추김치*  (9.13.)<br/>스테비아토마토*  (12.),쌀 : 국내산<br/>김치류 : 국내산<br/>고춧가루(김치류) : 국내산<br/>쇠고기(종류) : 국내산(한우)<br/>돼지고기 : 국내산<br/>닭고기 : 국내산<br/>오리고기 : 국내산<br/>쇠고기 식육가공품 : 국내산<br/>돼지고기 식육가공품 : 국내산<br/>닭고기 식육가공품 : 국내산<br/>오리고기 가공품 : 국내산<br/>낙지 : 국내산<br/>고등어 : 국내산<br/>갈치 : 국내산<br/>오징어 : 국내산<br/>꽃게 : 국내산<br/>참조기 : 국내산<br/>콩 : 국내산,859.9 Kcal,탄수화물(g) : 133.3<br/>단백질(g) : 50.1<br/>지방(g) : 18.8<br/>비타민A(R.E) : 623.6<br/>티아민(mg) : 1.1<br/>리보플라빈(mg) : 1.0<br/>비타민C(mg) : 32.6<br/>칼슘(mg) : 267.7<br/>철분(mg) : 4.7,20220601
B10,서울특별시교육청,7010073,당곡고등학교,2,중식,20220526,690.00,짬뽕국*  (6.9.13.17.18.)<br/>잡채밥*  (2.5.6.7.8.10.13.16.18.)<br/>깐풍기*  (1.2.5.6.10.12.13.15.18.)<br/>배추김치*  (9.13.)<br/>반달단무지*  (18.)<br/>망고스틱*  ,쌀 : 국내산<br/>김치류 : 국내산<br/>고춧가루(김치류) : 국내산<br/>쇠고기(종류) : 국내산(한우)<br/>돼지고기 : 국내산<br/>닭고기 : 국내산<br/>오리고기 : 국내산<br/>쇠고기 식육가공품 : 국내산<br/>돼지고기 식육가공품 : 국내산<br/>닭고기 식육가공품 : 국내산<br/>오리고기 가공품 : 국내산<br/>낙지 : 국내산<br/>고등어 : 국내산<br/>갈치 : 국내산<br/>오징어 : 국내산<br/>꽃게 : 국내산<br/>참조기 : 국내산<br/>콩 : 국내산,804.9 Kcal,탄수화물(g) : 155.0<br/>단백질(g) : 34.9<br/>지방(g) : 8.7<br/>비타민A(R.E) : 495.1<br/>티아민(mg) : 1.0<br/>리보플라빈(mg) : 1.3<br/>비타민C(mg) : 39.0<br/>칼슘(mg) : 279.7<br/>철분(mg) : 8.4,20220602
B10,서울특별시교육청,7010073,당곡고등학교,2,중식,20220527,690.00,친환경잡곡밥*  (5.)<br/>참치김치찌개*  (5.9.13.)<br/>부추무침*  (5.6.13.)<br/>파래김볶음*  (5.13.)<br/>닭살카레볶음*  (2.5.6.12.15.16.18.)<br/>미니츄러스*  (1.2.5.6.)<br/>깍두기*  (9.13.),쌀 : 국내산<br/>김치류 : 국내산<br/>고춧가루(김치류) : 국내산<br/>쇠고기(종류) : 국내산(한우)<br/>돼지고기 : 국내산<br/>닭고기 : 국내산<br/>오리고기 : 국내산<br/>쇠고기 식육가공품 : 국내산<br/>돼지고기 식육가공품 : 국내산<br/>닭고기 식육가공품 : 국내산<br/>오리고기 가공품 : 국내산<br/>낙지 : 국내산<br/>고등어 : 국내산<br/>갈치 : 국내산<br/>오징어 : 국내산<br/>꽃게 : 국내산<br/>참조기 : 국내산<br/>콩 : 국내산,865.6 Kcal,탄수화물(g) : 112.2<br/>단백질(g) : 58.7<br/>지방(g) : 25.4<br/>비타민A(R.E) : 171.2<br/>티아민(mg) : 0.6<br/>리보플라빈(mg) : 0.5<br/>비타민C(mg) : 13.2<br/>칼슘(mg) : 324.2<br/>철분(mg) : 11.7,20220603
B10,서울특별시교육청,7010073,당곡고등학교,2,중식,20220530,700.00,돼지불고기덮밥*  (1.2.5.6.7.10.13.18.)<br/>팽이장국*  (5.6.13.)<br/>굴소스숙주볶음*  (5.6.10.12.13.)<br/>오코노미야끼*  (1.2.5.6.13.16.17.18.)<br/>깍두기*  (9.13.)<br/>적포도*  ,쌀 : 국내산<br/>김치류 : 국내산<br/>고춧가루(김치류) : 국내산<br/>쇠고기(종류) : 국내산(한우)<br/>돼지고기 : 국내산<br/>닭고기 : 국내산<br/>오리고기 : 국내산<br/>쇠고기 식육가공품 : 국내산<br/>돼지고기 식육가공품 : 국내산<br/>닭고기 식육가공품 : 국내산<br/>오리고기 가공품 : 국내산<br/>낙지 : 국내산<br/>고등어 : 국내산<br/>갈치 : 국내산<br/>오징어 : 국내산<br/>꽃게 : 국내산<br/>참조기 : 국내산<br/>콩 : 국내산,856.3 Kcal,탄수화물(g) : 132.8<br/>단백질(g) : 57.9<br/>지방(g) : 14.8<br/>비타민A(R.E) : 312.3<br/>티아민(mg) : 0.9<br/>리보플라빈(mg) : 1.2<br/>비타민C(mg) : 22.9<br/>칼슘(mg) : 247.6<br/>철분(mg) : 6.2,20220606
B10,서울특별시교육청,7010073,당곡고등학교,2,중식,20220531,720.00,친환경잡곡밥*  (5.)<br/>시래기청국장찌개*  (5.6.13.)<br/>제육볶음*  (5.6.10.13.)<br/>배추김치*  (9.13.)<br/>쿠키앤크림아이스크림*  (1.2.5.)<br/>우렁쌈장*  (5.6.13.)<br/>쌈상추*  (5.6.13.),쌀 : 국내산<br/>김치류 : 국내산<br/>고춧가루(김치류) : 국내산<br/>쇠고기(종류) : 국내산(한우)<br/>돼지고기 : 국내산<br/>닭고기 : 국내산<br/>오리고기 : 국내산<br/>쇠고기 식육가공품 : 국내산<br/>돼지고기 식육가공품 : 국내산<br/>닭고기 식육가공품 : 국내산<br/>오리고기 가공품 : 국내산<br/>낙지 : 국내산<br/>고등어 : 국내산<br/>갈치 : 국내산<br/>오징어 : 국내산<br/>꽃게 : 국내산<br/>참조기 : 국내산<br/>콩 : 국내산,845.2 Kcal,탄수화물(g) : 120.4<br/>단백질(g) : 54.6<br/>지방(g) : 20.5<br/>비타민A(R.E) : 395.3<br/>티아민(mg) : 1.3<br/>리보플라빈(mg) : 1.1<br/>비타민C(mg) : 32.3<br/>칼슘(mg) : 938.9<br/>철분(mg) : 12.8,20220607
B10,서울특별시교육청,7010073,당곡고등학교,2,중식,20220602,690.00,추가밥*  <br/>얼큰바지락칼국수*  (5.6.9.13.15.18.)<br/>오이무침*  (5.6.13.)<br/>육전*  (1.2.5.6.10.15.16.)<br/>겉절이*  (9.13.)<br/>쑥바람떡*  ,쌀 : 국내산<br/>김치류 : 국내산<br/>고춧가루(김치류) : 국내산<br/>쇠고기(종류) : 국내산(한우)<br/>돼지고기 : 국내산<br/>닭고기 : 국내산<br/>오리고기 : 국내산<br/>쇠고기 식육가공품 : 국내산<br/>돼지고기 식육가공품 : 국내산<br/>닭고기 식육가공품 : 국내산<br/>오리고기 가공품 : 국내산<br/>낙지 : 국내산<br/>고등어 : 국내산<br/>갈치 : 국내산<br/>오징어 : 국내산<br/>꽃게 : 국내산<br/>참조기 : 국내산<br/>콩 : 국내산,820.2 Kcal,탄수화물(g) : 150.7<br/>단백질(g) : 27.5<br/>지방(g) : 11.6<br/>비타민A(R.E) : 216.0<br/>티아민(mg) : 0.4<br/>리보플라빈(mg) : 0.6<br/>비타민C(mg) : 18.1<br/>칼슘(mg) : 207.5<br/>철분(mg) : 6.0,20220609
B10,서울특별시교육청,7010073,당곡고등학교,2,중식,20220603,670.00,산채비빔밥&약고추장*  (5.6.10.13.)<br/>조랭이떡미역국*  (5.6.13.)<br/>찐두부만두&양념장*  (5.6.)<br/>모듬버섯굴소스볶음*  (5.6.13.18.)<br/>가자미카레구이*  (2.5.6.12.13.16.18.)<br/>깍두기*  (9.13.)<br/>오레오아이스크림*  (1.2.5.),쌀 : 국내산<br/>김치류 : 국내산<br/>고춧가루(김치류) : 국내산<br/>쇠고기(종류) : 국내산(한우)<br/>돼지고기 : 국내산<br/>닭고기 : 국내산<br/>오리고기 : 국내산<br/>쇠고기 식육가공품 : 국내산<br/>돼지고기 식육가공품 : 국내산<br/>닭고기 식육가공품 : 국내산<br/>오리고기 가공품 : 국내산<br/>낙지 : 국내산<br/>고등어 : 국내산<br/>갈치 : 국내산<br/>오징어 : 국내산<br/>꽃게 : 국내산<br/>참조기 : 국내산<br/>콩 : 국내산,866.7 Kcal,탄수화물(g) : 160.1<br/>단백질(g) : 33.9<br/>지방(g) : 14.7<br/>비타민A(R.E) : 414.1<br/>티아민(mg) : 0.4<br/>리보플라빈(mg) : 0.9<br/>비타민C(mg) : 35.5<br/>칼슘(mg) : 219.2<br/>철분(mg) : 4.1,20220610
B10,서울특별시교육청,7010073,당곡고등학교,2,중식,20220607,690.00,인도띠까마살라커리*  (2.5.6.10.13.)<br/>친환경현미밥&난*  (6.)<br/>고춧잎나물*  (5.6.)<br/>바베큐장각오븐구이*  (2.5.6.12.13.15.16.18.)<br/>깍두기*  (9.13.)<br/>요구르트*  (2.),쌀 : 국내산<br/>김치류 : 국내산<br/>고춧가루(김치류) : 국내산<br/>쇠고기(종류) : 국내산(한우)<br/>돼지고기 : 국내산<br/>닭고기 : 국내산<br/>오리고기 : 국내산<br/>쇠고기 식육가공품 : 국내산<br/>돼지고기 식육가공품 : 국내산<br/>닭고기 식육가공품 : 국내산<br/>오리고기 가공품 : 국내산<br/>낙지 : 국내산<br/>고등어 : 국내산<br/>갈치 : 국내산<br/>오징어 : 국내산<br/>꽃게 : 국내산<br/>참조기 : 국내산<br/>콩 : 국내산,826.2 Kcal,탄수화물(g) : 136.8<br/>단백질(g) : 34.7<br/>지방(g) : 17.1<br/>비타민A(R.E) : 334.3<br/>티아민(mg) : 0.4<br/>리보플라빈(mg) : 0.6<br/>비타민C(mg) : 10.9<br/>칼슘(mg) : 337.7<br/>철분(mg) : 3.8,20220614
B10,서울특별시교육청,7010073,당곡고등학교,2,중식,20220608,650.00,친환경잡곡밥*  (5.)<br/>한우무국*  (5.6.13.)<br/>고등어감자조림*  (5.6.7.13.)<br/>취나물무침*  (5.6.13.)<br/>치킨너겟&머스터드*  (5.6.15.)<br/>겉절이*  (9.13.)<br/>고추장  <br/>오렌지*  ,쌀 : 국내산<br/>김치류 : 국내산<br/>고춧가루(김치류) : 국내산<br/>쇠고기(종류) : 국내산(한우)<br/>돼지고기 : 국내산<br/>닭고기 : 국내산<br/>오리고기 : 국내산<br/>쇠고기 식육가공품 : 국내산<br/>돼지고기 식육가공품 : 국내산<br/>닭고기 식육가공품 : 국내산<br/>오리고기 가공품 : 국내산<br/>낙지 : 국내산<br/>고등어 : 국내산<br/>갈치 : 국내산<br/>오징어 : 국내산<br/>꽃게 : 국내산<br/>참조기 : 국내산<br/>콩 : 국내산,830.9 Kcal,탄수화물(g) : 123.3<br/>단백질(g) : 44.2<br/>지방(g) : 26.6<br/>비타민A(R.E) : 368.9<br/>티아민(mg) : 0.6<br/>리보플라빈(mg) : 1.1<br/>비타민C(mg) : 33.8<br/>칼슘(mg) : 378.4<br/>철분(mg) : 6.2,20220615
B10,서울특별시교육청,7010073,당곡고등학교,2,중식,20220609,270.00,추가밥*  <br/>짜장면(1/2)*  (1.2.5.6.10.13.)<br/>얼큰짬뽕(1/2)*  (1.5.6.9.13.17.18.)<br/>반달단무지무침*  <br/>사천탕수육*  (1.2.5.6.10.12.13.15.18.)<br/>배추김치*  (9.13.)<br/>제리뽀*  ,쌀 : 국내산<br/>김치류 : 국내산<br/>고춧가루(김치류) : 국내산<br/>쇠고기(종류) : 국내산(한우)<br/>돼지고기 : 국내산<br/>닭고기 : 국내산<br/>오리고기 : 국내산<br/>쇠고기 식육가공품 : 국내산<br/>돼지고기 식육가공품 : 국내산<br/>닭고기 식육가공품 : 국내산<br/>오리고기 가공품 : 국내산<br/>낙지 : 국내산<br/>고등어 : 국내산<br/>갈치 : 국내산<br/>오징어 : 국내산<br/>꽃게 : 국내산<br/>참조기 : 국내산<br/>콩 : 국내산,857.3 Kcal,탄수화물(g) : 153.5<br/>단백질(g) : 29.1<br/>지방(g) : 19.0<br/>비타민A(R.E) : 281.8<br/>티아민(mg) : 0.4<br/>리보플라빈(mg) : 1.7<br/>비타민C(mg) : 44.2<br/>칼슘(mg) : 419.4<br/>철분(mg) : 9.0,20220616
B10,서울특별시교육청,7010073,당곡고등학교,2,중식,20220610,650.00,친환경흑미밥*  <br/>참치김치찌개*  (5.9.13.)<br/>찜닭&스노우치즈*  (2.5.6.8.13.15.)<br/>투명김치만두*  (1.2.5.6.10.16.18.)<br/>섞박지*  (9.13.)<br/>파프리카쌈장무침*  (5.6.13.16.18.),쌀 : 국내산<br/>김치류 : 국내산<br/>고춧가루(김치류) : 국내산<br/>쇠고기(종류) : 국내산(한우)<br/>돼지고기 : 국내산<br/>닭고기 : 국내산<br/>오리고기 : 국내산<br/>쇠고기 식육가공품 : 국내산<br/>돼지고기 식육가공품 : 국내산<br/>닭고기 식육가공품 : 국내산<br/>오리고기 가공품 : 국내산<br/>낙지 : 국내산<br/>고등어 : 국내산<br/>갈치 : 국내산<br/>오징어 : 국내산<br/>꽃게 : 국내산<br/>참조기 : 국내산<br/>콩 : 국내산,930.4 Kcal,탄수화물(g) : 137.1<br/>단백질(g) : 48.4<br/>지방(g) : 23.3<br/>비타민A(R.E) : 307.8<br/>티아민(mg) : 0.7<br/>리보플라빈(mg) : 0.9<br/>비타민C(mg) : 45.9<br/>칼슘(mg) : 339.7<br/>철분(mg) : 16.8,20220617
B10,서울특별시교육청,7010073,당곡고등학교,2,중식,20220613,690.00,추가밥*  <br/>꼬지어묵우동*  (1.2.5.6.9.13.16.18.)<br/>초코칩파이*  (1.2.5.6.)<br/>미니돈까스&파채소스*  (1.2.5.6.10.13.16.18.)<br/>깍두기*  (9.13.)<br/>오이고추쌈장무침*  (5.6.13.),쌀 : 국내산<br/>김치류 : 국내산<br/>고춧가루(김치류) : 국내산<br/>쇠고기(종류) : 국내산(한우)<br/>돼지고기 : 국내산<br/>닭고기 : 국내산<br/>오리고기 : 국내산<br/>쇠고기 식육가공품 : 국내산<br/>돼지고기 식육가공품 : 국내산<br/>닭고기 식육가공품 : 국내산<br/>오리고기 가공품 : 국내산<br/>낙지 : 국내산<br/>고등어 : 국내산<br/>갈치 : 국내산<br/>오징어 : 국내산<br/>꽃게 : 국내산<br/>참조기 : 국내산<br/>콩 : 국내산,896.1 Kcal,탄수화물(g) : 138.8<br/>단백질(g) : 37.4<br/>지방(g) : 21.3<br/>비타민A(R.E) : 274.2<br/>티아민(mg) : 0.8<br/>리보플라빈(mg) : 0.5<br/>비타민C(mg) : 39.6<br/>칼슘(mg) : 299.0<br/>철분(mg) : 16.7,20220620
B10,서울특별시교육청,7010073,당곡고등학교,2,중식,20220614,650.00,친환경잡곡밥*  (5.)<br/>맑은콩나물국*  (5.6.13.)<br/>매콤닭김치찜*  (9.13.15.)<br/>매콤닭김치찜*  <br/>깻잎순된장무침*  (5.6.13.18.)<br/>파래김볶음*  (5.13.)<br/>열무김치*  (9.13.)<br/>멜론*  ,쌀 : 국내산<br/>김치류 : 국내산<br/>고춧가루(김치류) : 국내산<br/>쇠고기(종류) : 국내산(한우)<br/>돼지고기 : 국내산<br/>닭고기 : 국내산<br/>오리고기 : 국내산<br/>쇠고기 식육가공품 : 국내산<br/>돼지고기 식육가공품 : 국내산<br/>닭고기 식육가공품 : 국내산<br/>오리고기 가공품 : 국내산<br/>낙지 : 국내산<br/>고등어 : 국내산<br/>갈치 : 국내산<br/>오징어 : 국내산<br/>꽃게 : 국내산<br/>참조기 : 국내산<br/>콩 : 국내산,676.1 Kcal,탄수화물(g) : 121.2<br/>단백질(g) : 33.8<br/>지방(g) : 10.7<br/>비타민A(R.E) : 606.4<br/>티아민(mg) : 0.6<br/>리보플라빈(mg) : 1.0<br/>비타민C(mg) : 21.6<br/>칼슘(mg) : 332.3<br/>철분(mg) : 4.5,20220621
B10,서울특별시교육청,7010073,당곡고등학교,2,중식,20220615,650.00,친환경현미밥*  <br/>호박감자된장수제비*  (5.6.7.13.18.)<br/>제육볶음*  (5.6.10.13.)<br/>배추김치*  (9.13.)<br/>콘샐러드*  (1.5.13.)<br/>쌈상추&쌈장&파채무침*  (5.6.13.),쌀 : 국내산<br/>김치류 : 국내산<br/>고춧가루(김치류) : 국내산<br/>쇠고기(종류) : 국내산(한우)<br/>돼지고기 : 국내산<br/>닭고기 : 국내산<br/>오리고기 : 국내산<br/>쇠고기 식육가공품 : 국내산<br/>돼지고기 식육가공품 : 국내산<br/>닭고기 식육가공품 : 국내산<br/>오리고기 가공품 : 국내산<br/>낙지 : 국내산<br/>고등어 : 국내산<br/>갈치 : 국내산<br/>오징어 : 국내산<br/>꽃게 : 국내산<br/>참조기 : 국내산<br/>콩 : 국내산,797.7 Kcal,탄수화물(g) : 123.9<br/>단백질(g) : 49.8<br/>지방(g) : 14.2<br/>비타민A(R.E) : 232.8<br/>티아민(mg) : 1.0<br/>리보플라빈(mg) : 1.0<br/>비타민C(mg) : 36.2<br/>칼슘(mg) : 280.5<br/>철분(mg) : 4.6,20220622
B10,서울특별시교육청,7010073,당곡고등학교,2,중식,20220616,690.00,중국식해물스프*  (5.6.7.9.13.17.18.)<br/>청경채된장무침*  (5.6.)<br/>마파두부덮밥*  (5.6.10.12.13.)<br/>배추김치*  (9.13.)<br/>반달단무지*  (18.)<br/>적포도*  <br/>유린기*  (2.4.5.6.15.),쌀 : 국내산<br/>김치류 : 국내산<br/>고춧가루(김치류) : 국내산<br/>쇠고기(종류) : 국내산(한우)<br/>돼지고기 : 국내산<br/>닭고기 : 국내산<br/>오리고기 : 국내산<br/>쇠고기 식육가공품 : 국내산<br/>돼지고기 식육가공품 : 국내산<br/>닭고기 식육가공품 : 국내산<br/>오리고기 가공품 : 국내산<br/>낙지 : 국내산<br/>고등어 : 국내산<br/>갈치 : 국내산<br/>오징어 : 국내산<br/>꽃게 : 국내산<br/>참조기 : 국내산<br/>콩 : 국내산,769.9 Kcal,탄수화물(g) : 130.6<br/>단백질(g) : 51.2<br/>지방(g) : 10.7<br/>비타민A(R.E) : 239.7<br/>티아민(mg) : 0.7<br/>리보플라빈(mg) : 0.5<br/>비타민C(mg) : 61.4<br/>칼슘(mg) : 308.6<br/>철분(mg) : 14.7,20220623
B10,서울특별시교육청,7010073,당곡고등학교,2,중식,20220617,650.00,친환경차수수밥*  <br/>얼큰김치콩나물국*  (5.6.9.13.)<br/>LA돼지갈비찜*  (5.6.10.16.)<br/>고사리나물*  (5.6.)<br/>버섯잡채*  (5.6.)<br/>깍두기*  (9.13.)<br/>딸기찹쌀떡*  (2.5.10.),쌀 : 국내산<br/>김치류 : 국내산<br/>고춧가루(김치류) : 국내산<br/>쇠고기(종류) : 국내산(한우)<br/>돼지고기 : 국내산<br/>닭고기 : 국내산<br/>오리고기 : 국내산<br/>쇠고기 식육가공품 : 국내산<br/>돼지고기 식육가공품 : 국내산<br/>닭고기 식육가공품 : 국내산<br/>오리고기 가공품 : 국내산<br/>낙지 : 국내산<br/>고등어 : 국내산<br/>갈치 : 국내산<br/>오징어 : 국내산<br/>꽃게 : 국내산<br/>참조기 : 국내산<br/>콩 : 국내산,893.8 Kcal,탄수화물(g) : 159.0<br/>단백질(g) : 36.1<br/>지방(g) : 14.2<br/>비타민A(R.E) : 121.1<br/>티아민(mg) : 0.7<br/>리보플라빈(mg) : 1.0<br/>비타민C(mg) : 8.3<br/>칼슘(mg) : 252.7<br/>철분(mg) : 4.1,20220624
B10,서울특별시교육청,7010073,당곡고등학교,2,중식,20220620,690.00,김가루볶음밥*  (1.2.5.6.10.13.15.)<br/>쑥갓어묵국*  (1.5.6.13.)<br/>깍두기*  (9.13.)<br/>매실음료*  <br/>국수로제떡볶이*  (1.2.5.6.12.13.18.)<br/>스틱단무지*  ,쌀 : 국내산<br/>김치류 : 국내산<br/>고춧가루(김치류) : 국내산<br/>쇠고기(종류) : 국내산(한우)<br/>돼지고기 : 국내산<br/>닭고기 : 국내산<br/>오리고기 : 국내산<br/>쇠고기 식육가공품 : 국내산<br/>돼지고기 식육가공품 : 국내산<br/>닭고기 식육가공품 : 국내산<br/>오리고기 가공품 : 국내산<br/>낙지 : 국내산<br/>고등어 : 국내산<br/>갈치 : 국내산<br/>오징어 : 국내산<br/>꽃게 : 국내산<br/>참조기 : 국내산<br/>콩 : 국내산,912.6 Kcal,탄수화물(g) : 159.9<br/>단백질(g) : 33.8<br/>지방(g) : 21.9<br/>비타민A(R.E) : 547.3<br/>티아민(mg) : 0.3<br/>리보플라빈(mg) : 1.1<br/>비타민C(mg) : 38.2<br/>칼슘(mg) : 299.8<br/>철분(mg) : 5.3,20220627
B10,서울특별시교육청,7010073,당곡고등학교,2,중식,20220621,650.00,친환경현미밥*  <br/>부대찌개&라면사리*  (1.2.5.6.9.10.12.13.16.)<br/>방풍나물무침*  (5.6.13.)<br/>방풍나물무침*  <br/>야채참치마요*  (1.5.6.8.9.12.13.)<br/>고추장임연수구이*  (5.6.13.)<br/>총각김치*  (9.13.)<br/>무조미김*  ,쌀 : 국내산<br/>김치류 : 국내산<br/>고춧가루(김치류) : 국내산<br/>쇠고기(종류) : 국내산(한우)<br/>돼지고기 : 국내산<br/>닭고기 : 국내산<br/>오리고기 : 국내산<br/>쇠고기 식육가공품 : 국내산<br/>돼지고기 식육가공품 : 국내산<br/>닭고기 식육가공품 : 국내산<br/>오리고기 가공품 : 국내산<br/>낙지 : 국내산<br/>고등어 : 국내산<br/>갈치 : 국내산<br/>오징어 : 국내산<br/>꽃게 : 국내산<br/>참조기 : 국내산<br/>콩 : 국내산,873.7 Kcal,탄수화물(g) : 132.3<br/>단백질(g) : 42.5<br/>지방(g) : 21.9<br/>비타민A(R.E) : 337.4<br/>티아민(mg) : 0.5<br/>리보플라빈(mg) : 1.0<br/>비타민C(mg) : 30.7<br/>칼슘(mg) : 369.2<br/>철분(mg) : 8.8,20220628
B10,서울특별시교육청,7010073,당곡고등학교,2,중식,20220622,650.00,친환경잡곡밥*  (5.)<br/>사골떡국*  (1.5.6.7.13.16.18.)<br/>꽈리고추감자조림*  (5.6.13.)<br/>비름나물고추장무침*  (5.6.13.)<br/>불닭&스노우치즈*  (2.5.6.13.15.)<br/>배추김치*  (9.13.)<br/>사과*  ,쌀 : 국내산<br/>김치류 : 국내산<br/>고춧가루(김치류) : 국내산<br/>쇠고기(종류) : 국내산(한우)<br/>돼지고기 : 국내산<br/>닭고기 : 국내산<br/>오리고기 : 국내산<br/>쇠고기 식육가공품 : 국내산<br/>돼지고기 식육가공품 : 국내산<br/>닭고기 식육가공품 : 국내산<br/>오리고기 가공품 : 국내산<br/>낙지 : 국내산<br/>고등어 : 국내산<br/>갈치 : 국내산<br/>오징어 : 국내산<br/>꽃게 : 국내산<br/>참조기 : 국내산<br/>콩 : 국내산,961.0 Kcal,탄수화물(g) : 162.3<br/>단백질(g) : 57.5<br/>지방(g) : 14.3<br/>비타민A(R.E) : 515.9<br/>티아민(mg) : 0.6<br/>리보플라빈(mg) : 1.0<br/>비타민C(mg) : 21.8<br/>칼슘(mg) : 263.7<br/>철분(mg) : 4.4,20220629
B10,서울특별시교육청,7010073,당곡고등학교,2,중식,20220623,690.00,추가밥*  <br/>한우쌀국수*  (5.6.13.16.)<br/>시금치굴소스볶음*  (5.6.13.18.)<br/>시금치굴소스볶음*  <br/>새우짜조&스위트칠리소스*  (5.6.9.12.13.)<br/>겉절이*  (9.13.)<br/>망고스틱*  ,쌀 : 국내산<br/>김치류 : 국내산<br/>고춧가루(김치류) : 국내산<br/>쇠고기(종류) : 국내산(한우)<br/>돼지고기 : 국내산<br/>닭고기 : 국내산<br/>오리고기 : 국내산<br/>쇠고기 식육가공품 : 국내산<br/>돼지고기 식육가공품 : 국내산<br/>닭고기 식육가공품 : 국내산<br/>오리고기 가공품 : 국내산<br/>낙지 : 국내산<br/>고등어 : 국내산<br/>갈치 : 국내산<br/>오징어 : 국내산<br/>꽃게 : 국내산<br/>참조기 : 국내산<br/>콩 : 국내산,396.0 Kcal,탄수화물(g) : 75.1<br/>단백질(g) : 20.4<br/>지방(g) : 3.7<br/>비타민A(R.E) : 416.1<br/>티아민(mg) : 0.2<br/>리보플라빈(mg) : 0.3<br/>비타민C(mg) : 35.5<br/>칼슘(mg) : 217.5<br/>철분(mg) : 5.2,20220630
B10,서울특별시교육청,7010073,당곡고등학교,2,중식,20220624,650.00,친환경잡곡밥*  (5.)<br/>근대된장국*  (5.6.13.)<br/>동부묵숙주김가루무침*  (5.6.13.)<br/>돼지고기고추장오븐구이*  (5.6.10.13.)<br/>배추김치*  (9.13.)<br/>떠먹는초코바나나아이스크림*  (1.2.5.)<br/>쌈깻잎&쌈장*  (5.6.13.),쌀 : 국내산<br/>김치류 : 국내산<br/>고춧가루(김치류) : 국내산<br/>돼지고기 : 국내산,1058.0 Kcal,탄수화물(g) : 143.1<br/>단백질(g) : 57.3<br/>지방(g) : 33.1<br/>비타민A(R.E) : 934.1<br/>티아민(mg) : 1.4<br/>리보플라빈(mg) : 1.5<br/>비타민C(mg) : 18.9<br/>칼슘(mg) : 456.5<br/>철분(mg) : 6.0,20220701
B10,서울특별시교육청,7010073,당곡고등학교,2,중식,20220627,690.00,미트소스스파게티*  (1.2.5.6.10.12.13.16.)<br/>수제또띠아소시지롤*  (1.2.5.6.10.12.13.15.16.)<br/>양송이스프*  (2.5.6.13.)<br/>쑥갓두부무침*  (5.6.13.)<br/>포도음료*  (5.13.)<br/>할라피뇨&오이피클*  ,쌀 : 국내산<br/>김치류 : 국내산<br/>고춧가루(김치류) : 국내산<br/>돼지고기 : 국내산<br/>돼지고기 식육가공품 : 국내산<br/>두부 : 수입,923.7 Kcal,탄수화물(g) : 175.7<br/>단백질(g) : 31.0<br/>지방(g) : 18.4<br/>비타민A(R.E) : 311.3<br/>티아민(mg) : 0.4<br/>리보플라빈(mg) : 0.9<br/>비타민C(mg) : 43.8<br/>칼슘(mg) : 267.6<br/>철분(mg) : 3.4,20220704
B10,서울특별시교육청,7010073,당곡고등학교,2,중식,20220628,690.00,친환경현미밥*  <br/>얼큰감자수제비국*  (5.6.13.)<br/>도토리묵무침*  (5.6.13.)<br/>가지된장소스무침*  (5.6.13.)<br/>대패삼겹살야채오븐구이*  (5.6.10.13.)<br/>겉절이*  (9.13.)<br/>비타민음료*  ,쌀 : 국내산<br/>김치류 : 국내산<br/>고춧가루(김치류) : 국내산<br/>돼지고기 : 국내산<br/>낙지 : 국내산,804.8 Kcal,탄수화물(g) : 108.7<br/>단백질(g) : 42.4<br/>지방(g) : 25.8<br/>비타민A(R.E) : 209.3<br/>티아민(mg) : 1.0<br/>리보플라빈(mg) : 0.5<br/>비타민C(mg) : 22.5<br/>칼슘(mg) : 210.9<br/>철분(mg) : 3.3,20220705
B10,서울특별시교육청,7010073,당곡고등학교,2,중식,20220706,740.00,칼슘강화밥  <br/>북어미역국  (5.6.13.)<br/>매운갈비떡찜  (5.6.10.13.)<br/>숙주나물무침  <br/>새송이버섯전  (1.5.6.13.)<br/>배추김치  (9.13.)<br/>바닐라아이스크림  (1.2.),쌀 : 국내산<br/>김치류 : 국내산<br/>고춧가루(김치류) : 국내산<br/>돼지고기 : 국내산<br/>명태 수산가공품 : 러시아,886.8 Kcal,탄수화물(g) : 123.9<br/>단백질(g) : 44.5<br/>지방(g) : 23.8<br/>비타민A(R.E) : 247.4<br/>티아민(mg) : 0.8<br/>리보플라빈(mg) : 0.9<br/>비타민C(mg) : 9.1<br/>칼슘(mg) : 287.2<br/>철분(mg) : 3.6,20220713
B10,서울특별시교육청,7010073,당곡고등학교,2,중식,20220707,760.00,김가루밥  (13.)<br/>신전떡볶이  (1.2.5.6.13.)<br/>어묵튀김  (1.5.6.)<br/>김말이  (1.5.6.)<br/>배추김치  (9.13.)<br/>과일맛음료  (2.)<br/>양배추샐러드&사우전D  (1.2.5.6.13.),쌀 : 국내산<br/>김치류 : 국내산<br/>고춧가루(김치류) : 국내산<br/>쇠고기(종류) : 국내산(한우)<br/>돼지고기 : 국내산<br/>닭고기 : 국내산<br/>오리고기 : 국내산<br/>쇠고기 식육가공품 : 국내산<br/>돼지고기 식육가공품 : 국내산<br/>닭고기 식육가공품 : 국내산<br/>오리고기 가공품 : 국내산<br/>비고 : 어묵:수입,863.5 Kcal,탄수화물(g) : 160.1<br/>단백질(g) : 22.6<br/>지방(g) : 15.3<br/>비타민A(R.E) : 104.7<br/>티아민(mg) : 0.1<br/>리보플라빈(mg) : 0.2<br/>비타민C(mg) : 13.1<br/>칼슘(mg) : 132.4<br/>철분(mg) : 2.8,20220714
B10,서울특별시교육청,7010073,당곡고등학교,2,중식,20220708,760.00,해쉬브라운피자  (1.2.5.6.10.12.13.15.16.)<br/>맑은순두부국  (5.13.)<br/>오징어덮밥  (5.6.13.17.)<br/>배추김치  (9.13.)<br/>후룻볼  (11.),쌀 : 국내산<br/>김치류 : 국내산<br/>고춧가루(김치류) : 국내산<br/>돼지고기 식육가공품 : 국내산<br/>오징어 : 국내산<br/>두부 : 수입,812.1 Kcal,탄수화물(g) : 124.2<br/>단백질(g) : 53.9<br/>지방(g) : 19.4<br/>비타민A(R.E) : 559.3<br/>티아민(mg) : 0.7<br/>리보플라빈(mg) : 0.6<br/>비타민C(mg) : 24.7<br/>칼슘(mg) : 394.3<br/>철분(mg) : 4.4,20220715
B10,서울특별시교육청,7010073,당곡고등학교,2,중식,20220711,760.00,친환경잡곡밥  (5.)<br/>복주머니장국  (1.5.6.10.13.)<br/>카레감자채볶음  (2.5.6.13.16.)<br/>돈육김치볶음  (5.6.9.10.13.)<br/>깍두기  (9.13.)<br/>상추&쌈장  (5.6.13.)<br/>수박  <br/>양배추쌈(자율)  ,쌀 : 국내산<br/>김치류 : 국내산<br/>고춧가루(김치류) : 국내산<br/>돼지고기 : 국내산<br/>두부 : 수입<br/>비고 : 어묵:수입,667.8 Kcal,탄수화물(g) : 96.9<br/>단백질(g) : 43.4<br/>지방(g) : 9.4<br/>비타민A(R.E) : 178.4<br/>티아민(mg) : 0.7<br/>리보플라빈(mg) : 0.7<br/>비타민C(mg) : 18.3<br/>칼슘(mg) : 275.6<br/>철분(mg) : 7.5,20220718
B10,서울특별시교육청,7010073,당곡고등학교,2,중식,20220712,760.00,칼슘강화밥  <br/>닭곰탕  (5.8.13.15.)<br/>야채비빔만두  (1.5.6.10.15.16.18.)<br/>삼치데리야끼  (5.6.13.)<br/>배추김치  (9.13.)<br/>포도맛음료  (5.13.),쌀 : 국내산<br/>김치류 : 국내산<br/>고춧가루(김치류) : 국내산<br/>닭고기 : 국내산<br/>돼지고기 식육가공품 : 국내산<br/>비고 : 삼치:국내산,725.8 Kcal,탄수화물(g) : 114.8<br/>단백질(g) : 42.3<br/>지방(g) : 13.9<br/>비타민A(R.E) : 180.8<br/>티아민(mg) : 0.4<br/>리보플라빈(mg) : 0.6<br/>비타민C(mg) : 10.6<br/>칼슘(mg) : 168.2<br/>철분(mg) : 2.8,20220719
B10,서울특별시교육청,7010073,당곡고등학교,2,중식,20220713,760.00,돈까스덮밥(중)  (1.5.6.9.10.13.)<br/>고명장국  (1.5.6.9.13.)<br/>매운어묵꼬치(소스)  (1.2.5.6.13.18.)<br/>숙주나물무침  <br/>배추김치  (9.13.)<br/>얼려먹는주스  ,쌀 : 국내산<br/>김치류 : 국내산<br/>고춧가루(김치류) : 국내산<br/>돼지고기 식육가공품 : 국내산<br/>낙지 : 국내산<br/>비고 : 어묵:수입,863.2 Kcal,탄수화물(g) : 119.1<br/>단백질(g) : 29.8<br/>지방(g) : 30.2<br/>비타민A(R.E) : 164.4<br/>티아민(mg) : 0.3<br/>리보플라빈(mg) : 0.5<br/>비타민C(mg) : 9.7<br/>칼슘(mg) : 267.4<br/>철분(mg) : 4.4,20220720
B10,서울특별시교육청,7010073,당곡고등학교,2,중식,20220714,730.00,친환경현미밥  <br/>순두부찌개  (5.6.9.10.13.)<br/>춘장찜닭  (2.5.6.13.15.18.)<br/>오이생채  (13.)<br/>핫도그  (1.2.5.6.10.12.13.)<br/>배추김치  (9.13.)<br/>조각파인애플  ,쌀 : 국내산<br/>김치류 : 국내산<br/>고춧가루(김치류) : 국내산<br/>돼지고기 : 국내산<br/>닭고기 : 국내산<br/>돼지고기 식육가공품 : 국내산<br/>두부 : 수입,714.8 Kcal,탄수화물(g) : 108.5<br/>단백질(g) : 49.6<br/>지방(g) : 11.3<br/>비타민A(R.E) : 272.3<br/>티아민(mg) : 0.6<br/>리보플라빈(mg) : 0.7<br/>비타민C(mg) : 32.1<br/>칼슘(mg) : 261.8<br/>철분(mg) : 5.1,20220720
B10,서울특별시교육청,7010073,당곡고등학교,2,중식,20220715,760.00,참치야채비빔밥  (5.6.13.)<br/>팽이장국  (5.6.13.)<br/>달걀찜  (1.)<br/>오징어&양파튀김  (1.5.6.13.)<br/>배추김치  (9.13.)<br/>아이스망고  ,쌀 : 국내산<br/>김치류 : 국내산<br/>고춧가루(김치류) : 국내산<br/>오징어 수산가공품 : <br/>비고 : 참치:원양,750.0 Kcal,탄수화물(g) : 95.5<br/>단백질(g) : 31.2<br/>지방(g) : 25.0<br/>비타민A(R.E) : 371.1<br/>티아민(mg) : 0.5<br/>리보플라빈(mg) : 0.7<br/>비타민C(mg) : 10.1<br/>칼슘(mg) : 265.7<br/>철분(mg) : 9.7,20220722
B10,서울특별시교육청,7010073,당곡고등학교,2,중식,20220718,760.00,김치덮밥  (5.9.13.)<br/>파송송달걀국  (1.13.)<br/>오리훈제&머스터드  (1.5.13.)<br/>깍두기  (9.13.)<br/>후레쉬업(레몬&라임)  <br/>치킨무  <br/>양배추샐러드  (1.2.5.6.13.),쌀 : 국내산<br/>김치류 : 국내산<br/>고춧가루(김치류) : 국내산<br/>닭고기 : 국내산,899.5 Kcal,탄수화물(g) : 116.4<br/>단백질(g) : 34.3<br/>지방(g) : 36.0<br/>비타민A(R.E) : 96.5<br/>티아민(mg) : 0.5<br/>리보플라빈(mg) : 0.6<br/>비타민C(mg) : 36.8<br/>칼슘(mg) : 241.1<br/>철분(mg) : 5.2,20220725
B10,서울특별시교육청,7010073,당곡고등학교,2,중식,20220719,70.00,추가밥  <br/>잔치국수  (1.5.6.13.)<br/>배추겉절이  (13.)<br/>돈육간장불고기  (5.6.10.13.)<br/>조각파인애플  <br/>달콤한토마토  (12.13.),쌀 : 국내산<br/>김치류 : 국내산<br/>고춧가루(김치류) : 국내산<br/>돼지고기 : 국내산,1556.1 Kcal,탄수화물(g) : 268.7<br/>단백질(g) : 80.6<br/>지방(g) : 19.7<br/>비타민A(R.E) : 515.4<br/>티아민(mg) : 1.3<br/>리보플라빈(mg) : 2.1<br/>비타민C(mg) : 70.1<br/>칼슘(mg) : 505.8<br/>철분(mg) : 8.2,20220726
B10,서울특별시교육청,7010073,당곡고등학교,2,중식,20220816,760.00,칼슘강화밥  <br/>소고기버섯매운탕  (5.6.13.16.)<br/>돈사태떡찜  (5.6.10.13.)<br/>진미채고추장볶음  (5.6.13.17.)<br/>배추김치  (9.13.)<br/>보리건빵  (2.5.6.),쌀 : 국내산<br/>김치류 : 국내산<br/>고춧가루(김치류) : 국내산<br/>쇠고기(종류) : 국내산(한우)<br/>돼지고기 : 국내산<br/>오징어 수산가공품 : 진미채:페루,828.0 Kcal,탄수화물(g) : 121.1<br/>단백질(g) : 50.9<br/>지방(g) : 19.8<br/>비타민A(R.E) : 239.5<br/>티아민(mg) : 1.0<br/>리보플라빈(mg) : 1.1<br/>비타민C(mg) : 9.8<br/>칼슘(mg) : 161.7<br/>철분(mg) : 4.8,20220823
B10,서울특별시교육청,7010073,당곡고등학교,2,중식,20220817,760.00,카레라이스  (2.5.6.10.13.)<br/>미소국  (5.6.13.)<br/>실곤약야채무침  (5.6.13.)<br/>배추김치  (9.13.)<br/>닭고기퀘사디아  (2.5.6.10.12.13.15.16.18.),쌀 : 국내산<br/>김치류 : 국내산<br/>고춧가루(김치류) : 국내산<br/>돼지고기 : 국내산<br/>닭고기 : 국내산<br/>두부 : 두부:수입,763.3 Kcal,탄수화물(g) : 140.5<br/>단백질(g) : 35.8<br/>지방(g) : 12.1<br/>비타민A(R.E) : 422.1<br/>티아민(mg) : 0.6<br/>리보플라빈(mg) : 0.5<br/>비타민C(mg) : 12.8<br/>칼슘(mg) : 389.0<br/>철분(mg) : 8.7,20220824
B10,서울특별시교육청,7010073,당곡고등학교,2,중식,20220818,760.00,달걀간장밥  (1.5.6.)<br/>참치김치찌개  (5.9.13.)<br/>비름나물초무침  (5.6.13.)<br/>닭꼬치&양념소스  (2.5.6.12.13.)<br/>깍두기  (9.13.)<br/>딸기우유빙수  (2.5.11.13.),쌀 : 국내산<br/>김치류 : 국내산<br/>고춧가루(김치류) : 국내산<br/>닭고기 식육가공품 : 국내산<br/>두부 : 수입<br/>비고 : 참치:원양,886.5 Kcal,탄수화물(g) : 135.7<br/>단백질(g) : 37.2<br/>지방(g) : 19.2<br/>비타민A(R.E) : 187.0<br/>티아민(mg) : 0.3<br/>리보플라빈(mg) : 0.9<br/>비타민C(mg) : 38.4<br/>칼슘(mg) : 351.9<br/>철분(mg) : 8.1,20220825
B10,서울특별시교육청,7010073,당곡고등학교,2,중식,20220819,760.00,돈육콩나물밥/양념장  (5.6.10.13.16.)<br/>오징어무국  (13.17.)<br/>야채달걀찜  (1.9.13.)<br/>칠리만두강정  (1.5.6.12.13.)<br/>배식용김  (13.)<br/>배추김치  (9.13.),쌀 : 국내산<br/>김치류 : 국내산<br/>고춧가루(김치류) : 국내산<br/>돼지고기 : 국내산<br/>돼지고기 식육가공품 : 국내산<br/>오징어 : 국내산,718.6 Kcal,탄수화물(g) : 98.3<br/>단백질(g) : 40.6<br/>지방(g) : 20.0<br/>비타민A(R.E) : 346.7<br/>티아민(mg) : 0.4<br/>리보플라빈(mg) : 0.9<br/>비타민C(mg) : 12.8<br/>칼슘(mg) : 197.6<br/>철분(mg) : 4.0,20220826
B10,서울특별시교육청,7010073,당곡고등학교,2,중식,20220822,760.00,칼슘강화밥  <br/>돈육감자탕  (5.6.10.13.16.)<br/>꽈리고추메추리알조림  (1.5.6.13.)<br/>사과치커리생채  (13.)<br/>생선까스&콘소스   (1.5.6.13.)<br/>석박지  (9.13.)<br/>과일맛젤리  (2.4.5.10.11.),쌀 : 국내산<br/>김치류 : 국내산<br/>고춧가루(김치류) : 국내산<br/>돼지고기 : 국내산<br/>명태 수산가공품 : 러시아,829.8 Kcal,탄수화물(g) : 106.5<br/>단백질(g) : 36.7<br/>지방(g) : 32.4<br/>비타민A(R.E) : 311.9<br/>티아민(mg) : 0.7<br/>리보플라빈(mg) : 1.1<br/>비타민C(mg) : 21.5<br/>칼슘(mg) : 244.8<br/>철분(mg) : 6.1,20220829
B10,서울특별시교육청,7010073,당곡고등학교,2,중식,20220823,760.00,친환경흑미밥  <br/>돈육고추장찌개  (5.6.10.13.)<br/>단호박묵무침  (5.6.13.)<br/>제육볶음  (5.6.10.13.)<br/>배추김치  (9.13.)<br/>상추&쌈장  (5.6.13.)<br/>키위&사과주스  (13.),쌀 : 국내산<br/>김치류 : 국내산<br/>고춧가루(김치류) : 국내산<br/>돼지고기 : 국내산<br/>두부 : 수입,785.4 Kcal,탄수화물(g) : 101.8<br/>단백질(g) : 48.3<br/>지방(g) : 12.2<br/>비타민A(R.E) : 369.9<br/>티아민(mg) : 1.1<br/>리보플라빈(mg) : 0.9<br/>비타민C(mg) : 33.6<br/>칼슘(mg) : 225.4<br/>철분(mg) : 9.6,20220830
B10,서울특별시교육청,7010073,당곡고등학교,2,중식,20220824,760.00,추가밥  <br/>해물짬뽕  (1.5.6.9.13.17.18.)<br/>교자만두찜&양념장  (1.5.6.10.13.)<br/>단무지무침  <br/>배추겉절이  (13.)<br/>적포도*  ,쌀 : 국내산<br/>김치류 : 국내산<br/>고춧가루(김치류) : 국내산<br/>돼지고기 식육가공품 : 국내산<br/>오징어 : 국내산<br/>비고 : 홍합:국내산/ 새우:베트남,820.7 Kcal,탄수화물(g) : 124.3<br/>단백질(g) : 32.5<br/>지방(g) : 23.6<br/>비타민A(R.E) : 186.5<br/>티아민(mg) : 0.9<br/>리보플라빈(mg) : 1.9<br/>비타민C(mg) : 12.5<br/>칼슘(mg) : 338.3<br/>철분(mg) : 13.7,20220831
B10,서울특별시교육청,7010073,당곡고등학교,2,중식,20220825,760.00,친환경보리밥  <br/>볼어묵국  (1.5.6.13.)<br/>청경채겉절이s  (13.)<br/>닭갈비  (5.6.15.)<br/>츄러스맛탕  (1.2.5.6.13.)<br/>배식용김  (13.)<br/>배추김치  (9.13.)<br/>조각파인애플  ,쌀 : 국내산<br/>김치류 : 국내산<br/>고춧가루(김치류) : 국내산<br/>닭고기 : 국내산<br/>비고 : 어묵:수입,874.4 Kcal,탄수화물(g) : 146.0<br/>단백질(g) : 46.3<br/>지방(g) : 18.7<br/>비타민A(R.E) : 434.2<br/>티아민(mg) : 0.6<br/>리보플라빈(mg) : 0.5<br/>비타민C(mg) : 45.2<br/>칼슘(mg) : 251.8<br/>철분(mg) : 3.9,20220901
B10,서울특별시교육청,7010073,당곡고등학교,2,중식,20220826,760.00,그린오므라이스  (1.2.5.6.10.12.13.)<br/>얼큰콩나물국  (5.13.)<br/>골뱅이야채무침  (5.6.13.17.)<br/>두부까스&케찹  (1.5.6.12.)<br/>배추김치  (9.13.)<br/>바바리안도넛  (1.2.5.6.13.),쌀 : 국내산<br/>김치류 : 국내산<br/>고춧가루(김치류) : 국내산<br/>두부 : 두부:수입<br/>비고 : 골뱅이:수입,776.2 Kcal,탄수화물(g) : 115.7<br/>단백질(g) : 34.0<br/>지방(g) : 19.0<br/>비타민A(R.E) : 356.5<br/>티아민(mg) : 0.3<br/>리보플라빈(mg) : 0.6<br/>비타민C(mg) : 15.6<br/>칼슘(mg) : 265.9<br/>철분(mg) : 5.0,20220902
B10,서울특별시교육청,7010073,당곡고등학교,2,중식,20220829,760.00,칼슘강화밥  <br/>조랭이떡국/김가루  (1.5.6.13.)<br/>연두부&양념장  (5.6.13.)<br/>콩나물무침  (5.)<br/>치즈불닭  (2.5.6.13.15.)<br/>배추김치  (9.13.)<br/>사과  ,쌀 : 국내산<br/>김치류 : 국내산<br/>고춧가루(김치류) : 국내산<br/>쇠고기(종류) : 국내산(한우)<br/>닭고기 : 국내산<br/>두부 : 국내산,882.5 Kcal,탄수화물(g) : 133.7<br/>단백질(g) : 46.3<br/>지방(g) : 22.0<br/>비타민A(R.E) : 396.6<br/>티아민(mg) : 0.6<br/>리보플라빈(mg) : 0.6<br/>비타민C(mg) : 13.3<br/>칼슘(mg) : 317.1<br/>철분(mg) : 4.7,20220905
B10,서울특별시교육청,7010073,당곡고등학교,2,중식,20220830,760.00,친환경현미밥  <br/>햄찌개  (2.5.6.9.10.13.)<br/>청포묵김가루무침  (5.13.)<br/>동그랑땡  (1.2.5.6.10.)<br/>가자미순살튀김  (5.6.13.)<br/>깍두기  (9.13.)<br/>겨자장  (5.6.13.)<br/>달콤한토마토  (12.13.),쌀 : 국내산<br/>김치류 : 국내산<br/>고춧가루(김치류) : 국내산<br/>돼지고기 : 국내산<br/>돼지고기 식육가공품 : 국내산<br/>두부 : 수입<br/>비고 : 가자미:미국,680.4 Kcal,탄수화물(g) : 94.1<br/>단백질(g) : 45.1<br/>지방(g) : 15.0<br/>비타민A(R.E) : 238.7<br/>티아민(mg) : 0.7<br/>리보플라빈(mg) : 0.6<br/>비타민C(mg) : 17.1<br/>칼슘(mg) : 204.1<br/>철분(mg) : 7.6,20220906
B10,서울특별시교육청,7010073,당곡고등학교,2,중식,20220831,760.00,깍두기볶음밥  (5.6.9.13.)<br/>어묵우동(소)  (1.5.6.9.13.)<br/>마늘쫑무침  (5.6.13.)<br/>왕떡갈비&소스  (1.5.6.10.13.)<br/>배추김치  (9.13.)<br/>짜먹는젤리  ,쌀 : 국내산<br/>김치류 : 국내산<br/>고춧가루(김치류) : 국내산<br/>돼지고기 식육가공품 : 국내산<br/>두부 : 수입<br/>비고 : 어묵:수입,858.1 Kcal,탄수화물(g) : 137.6<br/>단백질(g) : 31.4<br/>지방(g) : 22.7<br/>비타민A(R.E) : 372.1<br/>티아민(mg) : 0.7<br/>리보플라빈(mg) : 0.5<br/>비타민C(mg) : 28.8<br/>칼슘(mg) : 263.5<br/>철분(mg) : 4.4,20220907
B10,서울특별시교육청,7010073,당곡고등학교,2,중식,20220901,750.00,친환경잡곡밥  (5.)<br/>얼큰어묵국  (1.5.6.7.13.18.)<br/>고구마치즈돈까스&소스  (1.2.5.6.10.12.13.)<br/>알감자버터구이  (2.5.13.)<br/>깍두기  (9.13.)<br/>요구르트*  (2.)<br/>양배추샐러드(키위D)  (1.5.6.13.),쌀 : 국내산<br/>김치류 : 국내산<br/>고춧가루(김치류) : 국내산<br/>돼지고기 식육가공품 : 국내산<br/>비고 : 어묵:수입,870.1 Kcal,탄수화물(g) : 117.2<br/>단백질(g) : 35.0<br/>지방(g) : 30.6<br/>비타민A(R.E) : 70.5<br/>티아민(mg) : 0.5<br/>리보플라빈(mg) : 0.5<br/>비타민C(mg) : 14.0<br/>칼슘(mg) : 388.4<br/>철분(mg) : 2.8,20220908
B10,서울특별시교육청,7010073,당곡고등학교,2,중식,20220902,750.00,친환경흑미밥  <br/>얼갈이된장국  (5.6.13.)<br/>오이부추무침  (13.)<br/>콩나물불고기  (5.6.10.13.)<br/>메추리알카레조림  (1.2.5.6.13.15.)<br/>배추김치  (9.13.)<br/>달밤라떼  (2.),쌀 : 국내산<br/>김치류 : 국내산<br/>고춧가루(김치류) : 국내산<br/>돼지고기 : 국내산<br/>비고 : 메추리알:국산,704.2 Kcal,탄수화물(g) : 101.6<br/>단백질(g) : 47.5<br/>지방(g) : 15.5<br/>비타민A(R.E) : 400.5<br/>티아민(mg) : 1.0<br/>리보플라빈(mg) : 1.0<br/>비타민C(mg) : 18.1<br/>칼슘(mg) : 262.0<br/>철분(mg) : 7.4,20220909
B10,서울특별시교육청,7010073,당곡고등학교,2,중식,20220905,765.00,팽이장국  (5.6.13.)<br/>코울슬로s  (1.2.5.6.12.13.)<br/>제육덮밥  (5.6.9.10.13.)<br/>궁채나물들깨볶음  (5.)<br/>회오리감자  (5.6.13.)<br/>배추김치  (9.13.)<br/>귤  ,쌀 : 국내산<br/>김치류 : 국내산<br/>고춧가루(김치류) : 국내산<br/>돼지고기 : 국내산,638.9 Kcal,탄수화물(g) : 106.0<br/>단백질(g) : 38.6<br/>지방(g) : 11.5<br/>비타민A(R.E) : 251.0<br/>티아민(mg) : 0.8<br/>리보플라빈(mg) : 0.6<br/>비타민C(mg) : 55.4<br/>칼슘(mg) : 160.5<br/>철분(mg) : 7.6,20220912
B10,서울특별시교육청,7010073,당곡고등학교,2,중식,20220906,750.00,친환경현미밥  <br/>닭개장  (1.5.6.15.)<br/>얼갈이겉절이  (13.)<br/>비엔나떡야채볶음  (1.2.5.6.10.12.13.)<br/>삼치데리야끼  (5.6.13.)<br/>배추김치  (9.13.)<br/>더티초코크로와상  (1.2.5.6.13.),쌀 : 국내산<br/>김치류 : 국내산<br/>고춧가루(김치류) : 국내산<br/>닭고기 : 국내산<br/>돼지고기 식육가공품 : 국내산<br/>닭고기 식육가공품 : 국내산<br/>비고 : 삼치:국산,768.2 Kcal,탄수화물(g) : 109.5<br/>단백질(g) : 41.3<br/>지방(g) : 18.8<br/>비타민A(R.E) : 269.8<br/>티아민(mg) : 0.5<br/>리보플라빈(mg) : 0.8<br/>비타민C(mg) : 32.8<br/>칼슘(mg) : 188.5<br/>철분(mg) : 3.4,20220913
B10,서울특별시교육청,7010073,당곡고등학교,2,중식,20220907,750.00,스파게티  (1.2.5.6.10.12.13.)<br/>조각피자  (1.2.5.6.12.13.16.)<br/>배추김치  (9.13.)<br/>후레쉬업(레몬&라임)  <br/>페스츄리감자스프  (2.5.6.16.18.)<br/>오이피클  (13.)<br/>토마토카프레제  (2.5.6.12.13.),김치류 : 국내산<br/>고춧가루(김치류) : 국내산<br/>돼지고기 : 국내산<br/>돼지고기 식육가공품 : 국내산,1071.3 Kcal,탄수화물(g) : 202.3<br/>단백질(g) : 30.5<br/>지방(g) : 18.4<br/>비타민A(R.E) : 308.6<br/>티아민(mg) : 0.3<br/>리보플라빈(mg) : 0.6<br/>비타민C(mg) : 19.2<br/>칼슘(mg) : 448.5<br/>철분(mg) : 5.8,20220914
B10,서울특별시교육청,7010073,당곡고등학교,2,중식,20220908,750.00,칼슘강화밥  <br/>얼큰동태탕  (5.6.13.)<br/>돈사태떡찜  (5.6.10.13.)<br/>버섯잡채  (5.6.8.13.)<br/>크랜베리멸치볶음  (5.6.13.)<br/>배추김치  (9.13.)<br/>배*  ,쌀 : 국내산<br/>김치류 : 국내산<br/>고춧가루(김치류) : 국내산<br/>돼지고기 : 국내산<br/>명태 : 러시아<br/>비고 : 멸치:국산,736.1 Kcal,탄수화물(g) : 116.0<br/>단백질(g) : 42.9<br/>지방(g) : 13.5<br/>비타민A(R.E) : 152.6<br/>티아민(mg) : 0.8<br/>리보플라빈(mg) : 0.9<br/>비타민C(mg) : 11.6<br/>칼슘(mg) : 199.0<br/>철분(mg) : 6.0,20220915
B10,서울특별시교육청,7010073,당곡고등학교,2,중식,20220913,750.00,칼슘강화밥  <br/>김치만두국  (1.5.6.10.13.18.)<br/>매콤어두부전  (1.5.6.12.13.)<br/>찜닭(납작당면)_정육  (5.6.13.15.)<br/>애호박볶음  (5.9.13.)<br/>배추김치  (9.13.)<br/>과일맛젤리  (2.4.5.10.11.),쌀 : 국내산<br/>김치류 : 국내산<br/>고춧가루(김치류) : 국내산<br/>닭고기 : 국내산<br/>돼지고기 식육가공품 : 국내산<br/>비고 : 어두부전(연육):베트남산,685.5 Kcal,탄수화물(g) : 110.5<br/>단백질(g) : 44.6<br/>지방(g) : 8.5<br/>비타민A(R.E) : 245.9<br/>티아민(mg) : 0.6<br/>리보플라빈(mg) : 0.8<br/>비타민C(mg) : 11.8<br/>칼슘(mg) : 157.0<br/>철분(mg) : 8.8,20220920
B10,서울특별시교육청,7010073,당곡고등학교,2,중식,20220914,750.00,친환경보리밥  <br/>막국수  (3.5.6.)<br/>우렁된장찌개  (5.6.13.)<br/>마늘보쌈  (5.6.10.12.13.)<br/>보쌈김치  (9.13.)<br/>우리쌀식혜  <br/>양파장아찌  (6.12.13.18.),쌀 : 국내산<br/>김치류 : 국내산<br/>고춧가루(김치류) : 국내산<br/>돼지고기 : 국내산<br/>두부 : 수입<br/>비고 : 우렁:국산,828.0 Kcal,탄수화물(g) : 111.0<br/>단백질(g) : 57.4<br/>지방(g) : 20.3<br/>비타민A(R.E) : 160.6<br/>티아민(mg) : 1.5<br/>리보플라빈(mg) : 0.5<br/>비타민C(mg) : 16.5<br/>칼슘(mg) : 326.5<br/>철분(mg) : 10.0,20220921
B10,서울특별시교육청,7010073,당곡고등학교,2,중식,20220915,750.00,친환경보리밥  <br/>맑은콩나물국  (5.13.)<br/>낙지볶음&소면  (5.6.13.)<br/>감자전/부추전  (1.5.6.)<br/>도시락김  (13.)<br/>총각김치  (9.13.)<br/>아이스망고  ,쌀 : 국내산<br/>김치류 : 국내산<br/>고춧가루(김치류) : 국내산<br/>낙지 : 중국산,608.5 Kcal,탄수화물(g) : 102.2<br/>단백질(g) : 29.9<br/>지방(g) : 8.3<br/>비타민A(R.E) : 318.8<br/>티아민(mg) : 0.3<br/>리보플라빈(mg) : 0.4<br/>비타민C(mg) : 10.0<br/>칼슘(mg) : 184.1<br/>철분(mg) : 4.4,20220922
B10,서울특별시교육청,7010073,당곡고등학교,2,중식,20220916,750.00,자장밥  (1.2.5.6.10.13.16.)<br/>순두부짬뽕국  (5.6.9.13.17.18.)<br/>반달단무지  <br/>가지나물  (5.6.)<br/>라이스볼깐쇼새우  (1.5.6.9.12.13.)<br/>배추김치  (9.13.)<br/>오렌지*  ,쌀 : 국내산<br/>김치류 : 국내산<br/>고춧가루(김치류) : 국내산<br/>돼지고기 : 국내산<br/>오징어 : 국내산<br/>비고 : 깐쇼새우:베트남/ 건홍합:국산,829.3 Kcal,탄수화물(g) : 124.0<br/>단백질(g) : 31.6<br/>지방(g) : 24.6<br/>비타민A(R.E) : 361.3<br/>티아민(mg) : 0.4<br/>리보플라빈(mg) : 0.6<br/>비타민C(mg) : 36.1<br/>칼슘(mg) : 268.0<br/>철분(mg) : 7.1,20220923
B10,서울특별시교육청,7010073,당곡고등학교,2,중식,20220919,765.00,칼슘강화밥  <br/>설렁탕  (5.6.13.16.)<br/>부추무침  (13.)<br/>오리불고기  (5.6.13.)<br/>하트맛살전  (1.5.6.8.)<br/>석박지  (9.13.)<br/>적포도*  ,쌀 : 국내산<br/>김치류 : 국내산<br/>고춧가루(김치류) : 국내산<br/>오리고기 : 국내산<br/>비고 : 맛살연육:수입,764.7 Kcal,탄수화물(g) : 109.8<br/>단백질(g) : 30.6<br/>지방(g) : 24.3<br/>비타민A(R.E) : 274.9<br/>티아민(mg) : 0.5<br/>리보플라빈(mg) : 0.5<br/>비타민C(mg) : 8.5<br/>칼슘(mg) : 194.9<br/>철분(mg) : 5.0,20220926
B10,서울특별시교육청,7010073,당곡고등학교,2,중식,20220920,750.00,친환경잡곡밥  (5.)<br/>사골미역국  (5.6.13.16.)<br/>연근조림  (5.6.13.)<br/>오징어초무침(무x/부찬)  (5.6.13.16.17.)<br/>고구마함박&소스  (1.2.5.6.10.12.13.15.16.)<br/>배추김치  (9.13.)<br/>짜먹는요구르트  (2.),쌀 : 국내산<br/>김치류 : 국내산<br/>고춧가루(김치류) : 국내산<br/>쇠고기 식육가공품 : 국내산<br/>돼지고기 식육가공품 : 국내산<br/>오징어 : 국내산,759.8 Kcal,탄수화물(g) : 106.0<br/>단백질(g) : 39.8<br/>지방(g) : 21.8<br/>비타민A(R.E) : 106.2<br/>티아민(mg) : 0.4<br/>리보플라빈(mg) : 0.7<br/>비타민C(mg) : 13.7<br/>칼슘(mg) : 357.4<br/>철분(mg) : 3.9,20220927
B10,서울특별시교육청,7010073,당곡고등학교,2,중식,20220921,750.00,후리가케밥  (1.5.9.13.)<br/>온메밀국수  (3.5.6.13.)<br/>국물떡볶이  (1.2.5.6.13.)<br/>김말이&야채튀김  (1.5.6.)<br/>배추김치  (9.13.)<br/>사과음료*  (5.13.),쌀 : 국내산<br/>김치류 : 국내산<br/>고춧가루(김치류) : 국내산<br/>비고 : 어묵:수입,835.2 Kcal,탄수화물(g) : 158.6<br/>단백질(g) : 15.9<br/>지방(g) : 17.9<br/>비타민A(R.E) : 326.2<br/>티아민(mg) : 0.3<br/>리보플라빈(mg) : 0.5<br/>비타민C(mg) : 43.0<br/>칼슘(mg) : 157.2<br/>철분(mg) : 8.3,20220928
B10,서울특별시교육청,7010073,당곡고등학교,2,중식,20220922,750.00,추가밥  <br/>소시지핫도그  (1.2.5.6.10.12.13.15.16.)<br/>영양닭죽  (13.15.)<br/>매콤콩나물무침  (5.)<br/>감자튀김&케찹  (5.6.12.)<br/>배추김치  (9.13.)<br/>조각파인애플  ,쌀 : 국내산<br/>김치류 : 국내산<br/>고춧가루(김치류) : 국내산<br/>닭고기 : 국내산<br/>닭고기 식육가공품 : 국내산,677.1 Kcal,탄수화물(g) : 87.9<br/>단백질(g) : 27.5<br/>지방(g) : 18.7<br/>비타민A(R.E) : 147.2<br/>티아민(mg) : 0.4<br/>리보플라빈(mg) : 0.3<br/>비타민C(mg) : 41.2<br/>칼슘(mg) : 141.5<br/>철분(mg) : 3.9,20220929
B10,서울특별시교육청,7010073,당곡고등학교,2,중식,20220923,750.00,친환경칼슘기장밥  <br/>참치김치찌개  (5.9.13.)<br/>명엽채볶음  (5.6.13.)<br/>치킨까스&머스터드  (1.2.5.6.15.18.)<br/>도시락김  (13.)<br/>총각김치  (9.13.)<br/>고구마샐러드(완)  (1.5.6.7.)<br/>딸기푸딩*  (5.),쌀 : 국내산<br/>김치류 : 국내산<br/>고춧가루(김치류) : 국내산<br/>닭고기 식육가공품 : 국내산<br/>두부 : 수입<br/>비고 : 명엽채:베트남,756.0 Kcal,탄수화물(g) : 98.1<br/>단백질(g) : 30.5<br/>지방(g) : 29.2<br/>비타민A(R.E) : 131.3<br/>티아민(mg) : 0.6<br/>리보플라빈(mg) : 0.6<br/>비타민C(mg) : 15.5<br/>칼슘(mg) : 214.7<br/>철분(mg) : 8.8,20220930
B10,서울특별시교육청,7010073,당곡고등학교,2,중식,20220926,765.00,친환경현미밥  <br/>순대국  (6.10.13.16.)<br/>달걀장조림  (1.5.6.13.)<br/>시금치나물  <br/>가자미순살튀김  (5.6.13.)<br/>석박지  (9.13.)<br/>뿌링클도너츠  (1.2.5.6.13.),쌀 : 국내산<br/>김치류 : 국내산<br/>고춧가루(김치류) : 국내산<br/>돼지고기 : 국내산<br/>돼지고기 식육가공품 : 국내산<br/>비고 : 가자미:러시아,811.5 Kcal,탄수화물(g) : 85.9<br/>단백질(g) : 45.2<br/>지방(g) : 19.4<br/>비타민A(R.E) : 328.2<br/>티아민(mg) : 0.6<br/>리보플라빈(mg) : 1.2<br/>비타민C(mg) : 15.0<br/>칼슘(mg) : 203.5<br/>철분(mg) : 7.1,20221003
B10,서울특별시교육청,7010073,당곡고등학교,2,중식,20220927,750.00,베이컨김치볶음밥  (2.5.6.9.10.13.18.)<br/>미소국  (5.6.13.)<br/>바베큐폭찹  (5.6.10.12.13.)<br/>펜네파스타  (1.5.6.12.13.)<br/>깍두기  (9.13.)<br/>미니사과  <br/>양상추샐러드(흑임자D)  (5.12.13.),쌀 : 국내산<br/>김치류 : 국내산<br/>고춧가루(김치류) : 국내산<br/>돼지고기 : 국내산<br/>돼지고기 식육가공품 : 국내산<br/>두부 : 러시아,781.8 Kcal,탄수화물(g) : 112.6<br/>단백질(g) : 35.0<br/>지방(g) : 21.7<br/>비타민A(R.E) : 124.0<br/>티아민(mg) : 0.7<br/>리보플라빈(mg) : 0.5<br/>비타민C(mg) : 32.6<br/>칼슘(mg) : 182.4<br/>철분(mg) : 7.1,20221004
B10,서울특별시교육청,7010073,당곡고등학교,2,중식,20220928,750.00,카레라이스  (2.5.6.10.13.)<br/>파송송달걀국  (1.13.)<br/>매운어묵꼬치(소스)  (1.2.5.6.13.18.)<br/>반달단무지  <br/>탕수육&후르츠소스   (1.5.6.10.11.12.13.)<br/>배추김치  (9.13.)<br/>과일맛음료  (2.),쌀 : 국내산<br/>김치류 : 국내산<br/>고춧가루(김치류) : 국내산<br/>돼지고기 : 국내산<br/>돼지고기 식육가공품 : 국내산<br/>비고 : 어묵:수입,883.4 Kcal,탄수화물(g) : 152.9<br/>단백질(g) : 32.7<br/>지방(g) : 18.7<br/>비타민A(R.E) : 230.3<br/>티아민(mg) : 0.4<br/>리보플라빈(mg) : 0.5<br/>비타민C(mg) : 10.8<br/>칼슘(mg) : 186.6<br/>철분(mg) : 11.9,20221005
B10,서울특별시교육청,7010073,당곡고등학교,2,중식,20220929,750.00,친환경차수수밥  <br/>들깨수제비  (5.6.)<br/>일식달걀찜  (1.5.6.13.)<br/>깻잎지  (13.)<br/>돈육고추장불고기  (5.6.10.13.)<br/>배추김치  (9.13.)<br/>메론*  ,쌀 : 국내산<br/>김치류 : 국내산<br/>고춧가루(김치류) : 국내산<br/>돼지고기 : 국내산,644.8 Kcal,탄수화물(g) : 95.2<br/>단백질(g) : 45.1<br/>지방(g) : 13.0<br/>비타민A(R.E) : 292.6<br/>티아민(mg) : 0.8<br/>리보플라빈(mg) : 1.0<br/>비타민C(mg) : 10.8<br/>칼슘(mg) : 219.4<br/>철분(mg) : 4.7,20221006
B10,서울특별시교육청,7010073,당곡고등학교,2,중식,20220930,750.00,친환경현미밥  <br/>북어국  (1.13.)<br/>물만두&양념장  (1.2.5.6.9.10.15.16.18.)<br/>닭갈비  (5.6.15.)<br/>배추김치  (9.13.)<br/>오이지무침  (13.)<br/>미니핫도그&케찹  (1.2.5.6.10.12.15.18.),쌀 : 국내산<br/>김치류 : 국내산<br/>고춧가루(김치류) : 국내산<br/>닭고기 : 국내산<br/>돼지고기 식육가공품 : 국내산<br/>닭고기 식육가공품 : 국내산,764.6 Kcal,탄수화물(g) : 115.2<br/>단백질(g) : 42.1<br/>지방(g) : 19.5<br/>비타민A(R.E) : 320.5<br/>티아민(mg) : 0.8<br/>리보플라빈(mg) : 0.7<br/>비타민C(mg) : 11.6<br/>칼슘(mg) : 188.6<br/>철분(mg) : 6.2,20221007
B10,서울특별시교육청,7010073,당곡고등학교,2,중식,20221004,755.00,칼슘강화기장밥  <br/>쇠고기미역국  (5.6.13.16.)<br/>콩나물무침  (5.)<br/>눈꽃치즈불닭  (2.5.6.13.15.)<br/>츄러스맛탕  (1.2.5.6.13.)<br/>배추김치  (9.13.)<br/>초코스모어타르트  (1.2.5.6.13.16.),쌀 : 국내산<br/>김치류 : 국내산<br/>고춧가루(김치류) : 국내산<br/>쇠고기(종류) : 국내산(한우)<br/>닭고기 : 국내산,841.3 Kcal,탄수화물(g) : 127.0<br/>단백질(g) : 40.3<br/>지방(g) : 24.0<br/>비타민A(R.E) : 315.4<br/>티아민(mg) : 0.5<br/>리보플라빈(mg) : 0.4<br/>비타민C(mg) : 11.8<br/>칼슘(mg) : 249.1<br/>철분(mg) : 3.4,20221011
B10,서울특별시교육청,7010073,당곡고등학교,2,중식,20221005,755.00,달걀볶음밥  (1.5.6.13.18.)<br/>마라탕  (1.2.5.6.12.13.16.18.)<br/>반달단무지  <br/>닭고기꿔바로우&소스  (1.2.5.6.11.12.13.15.16.18.)<br/>배추김치  (9.13.)<br/>골드키위  ,쌀 : 국내산<br/>김치류 : 국내산<br/>고춧가루(김치류) : 국내산<br/>쇠고기(종류) : 국내산(한우)<br/>닭고기 식육가공품 : 국내산<br/>두부 : 수입<br/>비고 : 어묵연육:수입,874.1 Kcal,탄수화물(g) : 127.0<br/>단백질(g) : 36.4<br/>지방(g) : 26.7<br/>비타민A(R.E) : 87.6<br/>티아민(mg) : 0.3<br/>리보플라빈(mg) : 0.5<br/>비타민C(mg) : 56.1<br/>칼슘(mg) : 170.3<br/>철분(mg) : 4.7,20221012
B10,서울특별시교육청,7010073,당곡고등학교,2,중식,20221006,755.00,친환경현미밥  <br/>스팸돈육짜글이  (1.2.5.6.10.13.15.16.)<br/>고등어무조림  (5.6.7.13.)<br/>골뱅이야채무침  (5.6.13.17.)<br/>분홍소시지전  (1.2.5.6.10.15.16.)<br/>총각김치  (9.13.)<br/>요거밀  (2.5.6.),쌀 : 국내산<br/>김치류 : 국내산<br/>고춧가루(김치류) : 국내산<br/>돼지고기 : 국내산<br/>돼지고기 식육가공품 : 국내산<br/>고등어 : 국내산<br/>비고 : 분홍소시지연육:수입/ 골뱅이:영국,815.3 Kcal,탄수화물(g) : 110.6<br/>단백질(g) : 47.8<br/>지방(g) : 22.4<br/>비타민A(R.E) : 356.1<br/>티아민(mg) : 0.5<br/>리보플라빈(mg) : 1.1<br/>비타민C(mg) : 18.8<br/>칼슘(mg) : 260.0<br/>철분(mg) : 4.1,20221013
B10,서울특별시교육청,7010073,당곡고등학교,2,중식,20221007,755.00,친환경잡곡밥  (5.)<br/>우리쌀초코케이크  (1.2.5.6.10.)<br/>참치김치찌개  (5.6.7.9.13.18.)<br/>실곤약야채무침(초)  (5.6.13.)<br/>코울슬로s  (1.2.5.6.12.13.)<br/>더블치즈스테이크&소스  (1.2.5.6.10.12.13.15.16.)<br/>깍두기  (9.13.),쌀 : 국내산<br/>김치류 : 국내산<br/>고춧가루(김치류) : 국내산<br/>쇠고기 식육가공품 : 국내산<br/>두부 : 수입<br/>비고 : 참치:원양,713.3 Kcal,탄수화물(g) : 99.2<br/>단백질(g) : 32.1<br/>지방(g) : 23.7<br/>비타민A(R.E) : 204.0<br/>티아민(mg) : 0.5<br/>리보플라빈(mg) : 0.4<br/>비타민C(mg) : 15.1<br/>칼슘(mg) : 251.1<br/>철분(mg) : 7.8,20221014
B10,서울특별시교육청,7010073,당곡고등학교,2,중식,20221011,755.00,칼슘강화기장밥  <br/>두부된장찌개  (5.6.13.)<br/>도토리묵무침  (5.6.13.)<br/>한우불고기  (5.6.13.16.)<br/>지짐꽃전  (2.5.6.13.)<br/>파김치  (9.13.)<br/>애플망고주스  (11.13.),쌀 : 국내산<br/>김치류 : 국내산<br/>고춧가루(김치류) : 국내산<br/>쇠고기(종류) : 국내산(한우)<br/>두부 : 수입,664.7 Kcal,탄수화물(g) : 88.7<br/>단백질(g) : 37.5<br/>지방(g) : 19.1<br/>비타민A(R.E) : 168.1<br/>티아민(mg) : 0.3<br/>리보플라빈(mg) : 0.4<br/>비타민C(mg) : 22.4<br/>칼슘(mg) : 198.3<br/>철분(mg) : 10.6,20221018
B10,서울특별시교육청,7010073,당곡고등학교,2,중식,20221012,755.00,친환경현미밥  <br/>장각삼계탕  (13.15.)<br/>오이고추된장무침  (5.6.13.)<br/>야채비빔만두  (1.5.6.10.15.16.18.)<br/>명엽채볶음  (5.6.13.)<br/>석박지  (9.13.)<br/>포도방토키위  (12.),쌀 : 국내산<br/>김치류 : 국내산<br/>고춧가루(김치류) : 국내산<br/>닭고기 : 국내산<br/>돼지고기 식육가공품 : 국내산<br/>명태 수산가공품 : 러시아,685.3 Kcal,탄수화물(g) : 102.0<br/>단백질(g) : 35.3<br/>지방(g) : 18.5<br/>비타민A(R.E) : 258.8<br/>티아민(mg) : 0.3<br/>리보플라빈(mg) : 0.3<br/>비타민C(mg) : 34.9<br/>칼슘(mg) : 114.6<br/>철분(mg) : 4.0,20221019
B10,서울특별시교육청,7010073,당곡고등학교,2,중식,20221020,755.00,스팸마요덮밥  (1.2.5.6.10.13.15.18.)<br/>고명유부국  (1.5.6.9.13.)<br/>반달단무지  <br/>신전st떡볶이  (1.2.5.6.13.)<br/>오징어튀김&유자와사비소스  (1.5.6.17.)<br/>배추김치  (9.13.),쌀 : 국내산<br/>김치류 : 국내산<br/>고춧가루(김치류) : 국내산<br/>돼지고기 식육가공품 : 국내산<br/>오징어 수산가공품 : 페루<br/>두부 : 유부:수입<br/>비고 : 어묵연육:수입,852.0 Kcal,탄수화물(g) : 102.1<br/>단백질(g) : 34.1<br/>지방(g) : 30.7<br/>비타민A(R.E) : 83.2<br/>티아민(mg) : 0.8<br/>리보플라빈(mg) : 0.5<br/>비타민C(mg) : 12.4<br/>칼슘(mg) : 156.6<br/>철분(mg) : 4.2,20221027
B10,서울특별시교육청,7010073,당곡고등학교,2,중식,20221021,755.00,김가루밥  (13.)<br/>비빔국수  (5.6.9.13.)<br/>볼어묵국  (1.5.6.13.)<br/>식물성함박스테이크&소스  (1.2.5.6.12.13.)<br/>배추김치  (9.13.)<br/>연근양상추샐러드(흑임자D)  (1.5.6.12.13.),쌀 : 국내산<br/>김치류 : 국내산<br/>고춧가루(김치류) : 국내산<br/>비고 : 어묵연육:수입,879.0 Kcal,탄수화물(g) : 124.9<br/>단백질(g) : 31.7<br/>지방(g) : 30.4<br/>비타민A(R.E) : 323.1<br/>티아민(mg) : 0.5<br/>리보플라빈(mg) : 0.6<br/>비타민C(mg) : 16.2<br/>칼슘(mg) : 268.3<br/>철분(mg) : 4.7,20221028
B10,서울특별시교육청,7010073,당곡고등학교,2,중식,20221024,528.00,칼슘강화기장밥  <br/>얼갈이된장국  (5.6.13.)<br/>콩나물파채무침  (5.)<br/>삼겹살구이  (10.13.)<br/>배추김치  (9.13.)<br/>수제양파고추장아찌  (6.12.13.18.)<br/>조각파인애플  ,쌀 : 국내산<br/>김치류 : 국내산<br/>고춧가루(김치류) : 국내산<br/>돼지고기 : 국내산,706.9 Kcal,탄수화물(g) : 67.7<br/>단백질(g) : 43.8<br/>지방(g) : 30.2<br/>비타민A(R.E) : 138.5<br/>티아민(mg) : 1.2<br/>리보플라빈(mg) : 0.5<br/>비타민C(mg) : 34.1<br/>칼슘(mg) : 236.8<br/>철분(mg) : 5.2,20221031
B10,서울특별시교육청,7010073,당곡고등학교,2,중식,20221025,260.00,친환경흑미밥  <br/>돈육감자탕  (5.6.10.13.16.)<br/>꽈리고추메추리알조림  (1.5.6.13.)<br/>유린가자미  (3.5.6.13.15.)<br/>어묵바&머스터드  (1.2.5.6.8.)<br/>석박지  (9.13.)<br/>액상요거트  (2.),쌀 : 국내산<br/>김치류 : 국내산<br/>고춧가루(김치류) : 국내산,828.0 Kcal,탄수화물(g) : 122.0<br/>단백질(g) : 48.4<br/>지방(g) : 17.4<br/>비타민A(R.E) : 261.6<br/>티아민(mg) : 0.6<br/>리보플라빈(mg) : 0.9<br/>비타민C(mg) : 23.5<br/>칼슘(mg) : 329.8<br/>철분(mg) : 5.2,20221101
B10,서울특별시교육청,7010073,당곡고등학교,2,중식,20221026,260.00,추가후리가케밥  (1.5.9.13.)<br/>김치파스타  (1.2.5.6.9.10.13.15.16.)<br/>삼색피클  (13.18.)<br/>시리얼/흰우유  (2.5.6.13.)<br/>미니콘치즈피자  (1.2.6.)<br/>토마토카프레제  (2.5.6.12.13.),쌀 : 국내산<br/>김치류 : 국내산<br/>고춧가루(김치류) : 국내산<br/>돼지고기 식육가공품 : 국내산,1076.2 Kcal,탄수화물(g) : 166.4<br/>단백질(g) : 40.1<br/>지방(g) : 30.0<br/>비타민A(R.E) : 1714.7<br/>티아민(mg) : 3.2<br/>리보플라빈(mg) : 2.0<br/>비타민C(mg) : 155.1<br/>칼슘(mg) : 611.0<br/>철분(mg) : 7.2,20221102
B10,서울특별시교육청,7010073,당곡고등학교,2,중식,20221027,755.00,단호박카레라이스  (2.5.6.10.13.)<br/>몬테크리스토샌드위치  (1.2.5.6.10.13.)<br/>파송송달걀국  (1.13.)<br/>연근조림  (5.6.13.)<br/>고춧잎나물(초)  (5.6.13.)<br/>배추김치  (9.13.),쌀 : 국내산<br/>김치류 : 국내산<br/>고춧가루(김치류) : 국내산<br/>돼지고기 : 국내산<br/>돼지고기 식육가공품 : 국내산,690.9 Kcal,탄수화물(g) : 123.8<br/>단백질(g) : 30.9<br/>지방(g) : 13.4<br/>비타민A(R.E) : 643.3<br/>티아민(mg) : 0.5<br/>리보플라빈(mg) : 1.0<br/>비타민C(mg) : 27.1<br/>칼슘(mg) : 281.0<br/>철분(mg) : 5.6,20221103
B10,서울특별시교육청,7010073,당곡고등학교,2,중식,20221028,755.00,친환경현미밥  <br/>연포탕  (5.13.)<br/>오이부추무침  (13.)<br/>닭갈비(고구마x)  (2.5.6.15.)<br/>생선까스&치폴레소스  (1.2.5.6.9.12.16.)<br/>배추김치  (9.13.),쌀 : 국내산<br/>김치류 : 국내산<br/>고춧가루(김치류) : 국내산<br/>닭고기 : 국내산<br/>낙지 : 중국산<br/>두부 : 수입<br/>비고 : 가자미:미국산,762.2 Kcal,탄수화물(g) : 95.4<br/>단백질(g) : 43.3<br/>지방(g) : 26.3<br/>비타민A(R.E) : 336.7<br/>티아민(mg) : 0.5<br/>리보플라빈(mg) : 0.4<br/>비타민C(mg) : 17.4<br/>칼슘(mg) : 229.0<br/>철분(mg) : 6.2,20221104
B10,서울특별시교육청,7010073,당곡고등학교,2,중식,20221031,770.00,칼슘강화기장밥  <br/>쇠고기무국  (13.16.)<br/>순살해물아귀찜   (5.6.9.13.)<br/>깻잎나물  (5.13.)<br/>김치메밀전병   (2.3.5.6.)<br/>배추김치  (9.13.)<br/>초코라떼  (2.),쌀 : 국내산<br/>김치류 : 국내산<br/>고춧가루(김치류) : 국내산<br/>쇠고기(종류) : 국내산(한우)<br/>돼지고기 식육가공품 : 국내산<br/>아귀 : 수입<br/>두부 : 수입<br/>비고 : 홍합:국산,661.2 Kcal,탄수화물(g) : 101.5<br/>단백질(g) : 34.8<br/>지방(g) : 16.0<br/>비타민A(R.E) : 448.3<br/>티아민(mg) : 0.5<br/>리보플라빈(mg) : 0.5<br/>비타민C(mg) : 11.1<br/>칼슘(mg) : 303.8<br/>철분(mg) : 6.2,20221107
B10,서울특별시교육청,7010073,당곡고등학교,2,중식,20221101,750.00,추가밥  <br/>김치어묵우동(대)  (1.5.6.9.13.)<br/>고구마순들깨볶음s  (5.)<br/>닭꼬치&허니머스터드  (1.2.5.6.13.)<br/>깍두기  (9.13.)<br/>감말랭이야채샐러드  (1.2.5.6.13.),쌀 : 국내산<br/>김치류 : 국내산<br/>고춧가루(김치류) : 국내산<br/>닭고기 식육가공품 : 국내산<br/>비고 : 어묵연육:수입,757.3 Kcal,탄수화물(g) : 149.6<br/>단백질(g) : 20.2<br/>지방(g) : 9.0<br/>비타민A(R.E) : 98.4<br/>티아민(mg) : 0.3<br/>리보플라빈(mg) : 0.2<br/>비타민C(mg) : 24.5<br/>칼슘(mg) : 208.4<br/>철분(mg) : 2.6,20221108
B10,서울특별시교육청,7010073,당곡고등학교,2,중식,20221102,750.00,순살양념치밥  (5.6.12.13.15.)<br/>고명유부국  (1.5.6.9.13.)<br/>브로콜리무침  <br/>밤함박스테이크&소스  (1.5.6.10.12.13.16.)<br/>배추김치  (9.13.)<br/>콘치즈버터구이  (1.2.5.13.)<br/>바나나  ,쌀 : 국내산<br/>김치류 : 국내산<br/>고춧가루(김치류) : 국내산<br/>닭고기 : 국내산<br/>쇠고기 식육가공품 : 국내산<br/>돼지고기 식육가공품 : 국내산<br/>두부 : 유부:수입,834.1 Kcal,탄수화물(g) : 77.7<br/>단백질(g) : 57.8<br/>지방(g) : 36.2<br/>비타민A(R.E) : 192.5<br/>티아민(mg) : 0.7<br/>리보플라빈(mg) : 0.5<br/>비타민C(mg) : 24.6<br/>칼슘(mg) : 355.9<br/>철분(mg) : 4.1,20221109
B10,서울특별시교육청,7010073,당곡고등학교,2,중식,20221103,750.00,친환경칼슘기장밥  <br/>감자찌개  (5.6.)<br/>꽁치무조림c  (5.6.13.)<br/>콩나물무침  (5.)<br/>온두부&김치볶음  (5.9.13.)<br/>미트볼데리야끼볶음  (1.2.5.6.10.13.16.18.)<br/>에그타르트  (1.2.5.6.16.),쌀 : 국내산<br/>김치류 : 국내산<br/>고춧가루(김치류) : 국내산<br/>돼지고기 식육가공품 : 국내산<br/>비고 : 꽁치:수입,948.0 Kcal,탄수화물(g) : 110.6<br/>단백질(g) : 35.2<br/>지방(g) : 44.4<br/>비타민A(R.E) : 237.6<br/>티아민(mg) : 0.4<br/>리보플라빈(mg) : 0.6<br/>비타민C(mg) : 13.5<br/>칼슘(mg) : 267.7<br/>철분(mg) : 5.4,20221110
B10,서울특별시교육청,7010073,당곡고등학교,2,중식,20221104,750.00,친환경현미밥  <br/>배추된장국  (5.6.13.)<br/>팥단호박찜  (1.2.6.13.)<br/>무생채  (13.)<br/>돼지불백  (5.6.10.12.13.)<br/>총각김치  (9.13.)<br/>상추&쌈장  (5.6.13.),쌀 : 국내산<br/>김치류 : 국내산<br/>고춧가루(김치류) : 국내산<br/>돼지고기 : 국내산,683.9 Kcal,탄수화물(g) : 100.1<br/>단백질(g) : 50.4<br/>지방(g) : 10.8<br/>비타민A(R.E) : 424.6<br/>티아민(mg) : 0.9<br/>리보플라빈(mg) : 1.2<br/>비타민C(mg) : 18.1<br/>칼슘(mg) : 265.1<br/>철분(mg) : 5.4,20221111
B10,서울특별시교육청,7010073,당곡고등학교,2,중식,20221107,765.00,칼슘강화기장밥  <br/>참치김치찌개  (5.6.7.9.13.18.)<br/>숙주나물무침  <br/>제육볶음(고기)s  (5.6.10.13.)<br/>야채달걀말이  (1.5.)<br/>총각김치  (9.13.)<br/>조각파인애플  ,쌀 : 국내산<br/>김치류 : 국내산<br/>고춧가루(김치류) : 국내산<br/>돼지고기 : 국내산<br/>두부 : 수입<br/>비고 : 참치:원양산,679.6 Kcal,탄수화물(g) : 83.7<br/>단백질(g) : 53.6<br/>지방(g) : 17.0<br/>비타민A(R.E) : 400.8<br/>티아민(mg) : 0.9<br/>리보플라빈(mg) : 1.2<br/>비타민C(mg) : 24.9<br/>칼슘(mg) : 217.4<br/>철분(mg) : 8.7,20221114
B10,서울특별시교육청,7010073,당곡고등학교,2,중식,20221108,750.00,친환경잡곡밥  (5.)<br/>햄찌개  (2.5.6.9.10.13.)<br/>청경채&두반장소스  (5.6.12.13.18.)<br/>닭카레볶음s  (2.5.6.13.15.)<br/>애호박새우젓볶음  (5.9.13.)<br/>배추김치  (9.13.)<br/>오레오마카롱  (1.2.5.6.),쌀 : 국내산<br/>김치류 : 국내산<br/>고춧가루(김치류) : 국내산<br/>닭고기 : 국내산<br/>돼지고기 식육가공품 : 국내산<br/>두부 : 수입<br/>비고 : 새우젓:국산,625.7 Kcal,탄수화물(g) : 92.3<br/>단백질(g) : 48.1<br/>지방(g) : 10.0<br/>비타민A(R.E) : 325.3<br/>티아민(mg) : 0.7<br/>리보플라빈(mg) : 0.5<br/>비타민C(mg) : 15.0<br/>칼슘(mg) : 222.6<br/>철분(mg) : 7.2,20221115
B10,서울특별시교육청,7010073,당곡고등학교,2,중식,20221109,750.00,밥버거  (1.2.5.6.9.10.13.)<br/>고명장국  (1.5.6.9.13.)<br/>사과  <br/>떡볶이(메추리알/어묵)  (1.2.5.6.13.)<br/>롱김말이  (1.5.6.)<br/>배추김치  (9.13.),쌀 : 국내산<br/>김치류 : 국내산<br/>고춧가루(김치류) : 국내산<br/>돼지고기 식육가공품 : 국내산<br/>비고 : 참치:원양산/ 어묵연육:수입,896.2 Kcal,탄수화물(g) : 130.2<br/>단백질(g) : 31.6<br/>지방(g) : 32.2<br/>비타민A(R.E) : 434.6<br/>티아민(mg) : 0.5<br/>리보플라빈(mg) : 0.7<br/>비타민C(mg) : 24.4<br/>칼슘(mg) : 173.5<br/>철분(mg) : 12.2,20221116
B10,서울특별시교육청,7010073,당곡고등학교,2,중식,20221110,750.00,친환경차수수밥  <br/>육개장  (1.16.)<br/>궁채나물들깨볶음  (5.)<br/>팝콘치킨&양념소스  (1.5.6.12.13.15.)<br/>고등어양념구이  (5.6.7.13.)<br/>배추김치  (9.13.)<br/>샤인머스캣야쿠르트  (2.),쌀 : 국내산<br/>김치류 : 국내산<br/>고춧가루(김치류) : 국내산<br/>쇠고기(종류) : 국내산(한우)<br/>닭고기 식육가공품 : 국내산<br/>고등어 : 국내산,795.5 Kcal,탄수화물(g) : 92.2<br/>단백질(g) : 45.8<br/>지방(g) : 29.5<br/>비타민A(R.E) : 312.8<br/>티아민(mg) : 0.5<br/>리보플라빈(mg) : 1.2<br/>비타민C(mg) : 12.2<br/>칼슘(mg) : 280.8<br/>철분(mg) : 4.8,20221117
B10,서울특별시교육청,7010073,당곡고등학교,2,중식,20221111,750.00,전복영양밥  (2.13.18.)<br/>아욱된장국  (5.6.13.)<br/>쫄면야채무침  (5.6.13.)<br/>떡갈비&영양부추무침  (5.6.10.13.16.)<br/>배추김치  (9.13.)<br/>수능간식  (1.2.4.5.6.13.),쌀 : 국내산<br/>김치류 : 국내산<br/>고춧가루(김치류) : 국내산<br/>쇠고기 식육가공품 : 국내산<br/>돼지고기 식육가공품 : 국내산<br/>비고 : 전복내장:국산/ 피전복:국산/ 전복살:필리핀,852.4 Kcal,탄수화물(g) : 129.0<br/>단백질(g) : 36.7<br/>지방(g) : 20.8<br/>비타민A(R.E) : 250.6<br/>티아민(mg) : 0.6<br/>리보플라빈(mg) : 0.5<br/>비타민C(mg) : 15.5<br/>칼슘(mg) : 282.8<br/>철분(mg) : 13.5,20221118
B10,서울특별시교육청,7010073,당곡고등학교,2,중식,20221114,570.00,짬뽕국  (5.6.9.13.17.18.)<br/>꼬들단무지무침  <br/>마파두부덮밥  (5.6.10.12.13.)<br/>훈제연어스테이크&소스  (1.2.5.6.13.)<br/>배추김치  (9.13.)<br/>찹쌀호떡&아이스크림  (1.2.4.5.6.),쌀 : 국내산<br/>김치류 : 국내산<br/>고춧가루(김치류) : 국내산<br/>오징어 : 국내산<br/>두부 : 수입<br/>비고 : 연어:미국/ 홍합:국산,1041.3 Kcal,탄수화물(g) : 129.0<br/>단백질(g) : 50.2<br/>지방(g) : 40.8<br/>비타민A(R.E) : 459.9<br/>티아민(mg) : 0.7<br/>리보플라빈(mg) : 0.6<br/>비타민C(mg) : 18.0<br/>칼슘(mg) : 248.4<br/>철분(mg) : 20.5,20221121
B10,서울특별시교육청,7010073,당곡고등학교,2,중식,20221115,570.00,추가밥  <br/>돈코츠라멘   (1.2.5.6.10.13.15.16.18.)<br/>교자만두찜&양념장  (1.5.6.10.13.16.18.)<br/>시금치나물  <br/>김치전  (1.5.6.9.13.)<br/>깍두기  (9.13.)<br/>허니버터아몬드  (2.5.6.13.),쌀 : 국내산<br/>김치류 : 국내산<br/>고춧가루(김치류) : 국내산<br/>돼지고기 : 국내산<br/>돼지고기 식육가공품 : 국내산,929.0 Kcal,탄수화물(g) : 123.2<br/>단백질(g) : 38.3<br/>지방(g) : 30.5<br/>비타민A(R.E) : 394.6<br/>티아민(mg) : 1.4<br/>리보플라빈(mg) : 1.2<br/>비타민C(mg) : 22.4<br/>칼슘(mg) : 374.9<br/>철분(mg) : 11.6,20221122
B10,서울특별시교육청,7010073,당곡고등학교,2,중식,20221118,570.00,칼슘강화기장밥  <br/>돈육감자탕  (5.6.10.13.16.)<br/>청경채겉절이s  (13.)<br/>납작만두&야채무침  (5.6.)<br/>순대야채볶음s  (5.6.10.13.)<br/>석박지  (9.13.)<br/>골드키위  ,쌀 : 국내산<br/>김치류 : 국내산<br/>고춧가루(김치류) : 국내산<br/>돼지고기 : 국내산<br/>돼지고기 식육가공품 : 국내산,864.3 Kcal,탄수화물(g) : 150.4<br/>단백질(g) : 30.4<br/>지방(g) : 22.8<br/>비타민A(R.E) : 703.6<br/>티아민(mg) : 0.8<br/>리보플라빈(mg) : 0.8<br/>비타민C(mg) : 70.6<br/>칼슘(mg) : 283.9<br/>철분(mg) : 9.5,20221125
B10,서울특별시교육청,7010073,당곡고등학교,2,중식,20221121,520.00,칼슘강화기장밥  <br/>버섯크림뇨끼  (1.2.5.6.13.17.)<br/>모닝빵  (1.2.5.6.13.)<br/>홍합탕  (5.13.)<br/>도토리묵&양념장  (5.6.13.)<br/>등심돈가스&브라운  (1.2.5.6.10.12.13.)<br/>총각김치  (9.13.),쌀 : 국내산<br/>김치류 : 국내산<br/>고춧가루(김치류) : 국내산<br/>돼지고기 식육가공품 : 국내산<br/>비고 : 홍합-국산,934.5 Kcal,탄수화물(g) : 96.9<br/>단백질(g) : 34.9<br/>지방(g) : 46.5<br/>비타민A(R.E) : 118.7<br/>티아민(mg) : 0.7<br/>리보플라빈(mg) : 0.5<br/>비타민C(mg) : 7.5<br/>칼슘(mg) : 222.2<br/>철분(mg) : 3.2,20221128
B10,서울특별시교육청,7010073,당곡고등학교,2,중식,20221122,520.00,추가밥  <br/>한우쌀국수*  (5.6.13.16.)<br/>버섯굴소스볶음  (5.6.13.18.)<br/>스프링롤&칠리s  (1.5.6.12.13.)<br/>배추김치  (9.13.)<br/>아이스망고  <br/>양배추샐러드&사우전D  (1.2.5.6.13.),쌀 : 국내산<br/>김치류 : 국내산<br/>고춧가루(김치류) : 국내산<br/>쇠고기(종류) : 국내산(한우),869.6 Kcal,탄수화물(g) : 134.1<br/>단백질(g) : 27.8<br/>지방(g) : 17.0<br/>비타민A(R.E) : 42.3<br/>티아민(mg) : 0.8<br/>리보플라빈(mg) : 0.4<br/>비타민C(mg) : 24.8<br/>칼슘(mg) : 166.4<br/>철분(mg) : 4.2,20221129
B10,서울특별시교육청,7010073,당곡고등학교,2,중식,20221123,520.00,칼슘강화기장밥  <br/>쇠고기무국  (13.16.)<br/>달걀장조림  (1.5.6.13.)<br/>얼갈이된장무침  (5.6.13.)<br/>닭볶음탕  (5.6.13.15.)<br/>배추김치  (9.13.)<br/>초코쿠키  (1.2.5.6.),쌀 : 국내산<br/>김치류 : 국내산<br/>고춧가루(김치류) : 국내산<br/>쇠고기(종류) : 국내산(한우)<br/>닭고기 : 국내산,837.5 Kcal,탄수화물(g) : 118.5<br/>단백질(g) : 57.6<br/>지방(g) : 18.6<br/>비타민A(R.E) : 451.5<br/>티아민(mg) : 0.6<br/>리보플라빈(mg) : 1.3<br/>비타민C(mg) : 17.5<br/>칼슘(mg) : 220.7<br/>철분(mg) : 5.8,20221130
B10,서울특별시교육청,7010073,당곡고등학교,2,중식,20221124,520.00,쭈꾸미야채비빔밥  (5.6.13.)<br/>맑은순두부국  (5.13.)<br/>연근조림  (5.6.13.)<br/>달걀찜  (1.)<br/>햄에그샌드위치  (1.2.5.6.10.13.)<br/>배추김치  (9.13.)<br/>조미김*  ,쌀 : 국내산<br/>김치류 : 국내산<br/>고춧가루(김치류) : 국내산<br/>돼지고기 식육가공품 : 국내산<br/>주꾸미 : 베트남,784.5 Kcal,탄수화물(g) : 108.4<br/>단백질(g) : 42.6<br/>지방(g) : 26.0<br/>비타민A(R.E) : 413.5<br/>티아민(mg) : 0.7<br/>리보플라빈(mg) : 1.0<br/>비타민C(mg) : 22.4<br/>칼슘(mg) : 270.7<br/>철분(mg) : 6.6,20221201
B10,서울특별시교육청,7010073,당곡고등학교,2,중식,20221125,520.00,친환경흑미밥  <br/>얼큰한우시래기국  (5.6.16.)<br/>매운어묵볶음  (1.5.6.13.)<br/>가자미순살튀김  (5.6.13.)<br/>배추김치  (9.13.)<br/>브로콜리&쌈다시마&초장  (5.6.)<br/>귤  ,쌀 : 국내산<br/>김치류 : 국내산<br/>고춧가루(김치류) : 국내산<br/>쇠고기(종류) : 국내산(한우)<br/>비고 : 어묵-어육수입/ 가자미-미국,683.0 Kcal,탄수화물(g) : 116.0<br/>단백질(g) : 35.0<br/>지방(g) : 14.9<br/>비타민A(R.E) : 429.9<br/>티아민(mg) : 0.5<br/>리보플라빈(mg) : 0.5<br/>비타민C(mg) : 52.5<br/>칼슘(mg) : 242.9<br/>철분(mg) : 4.4,20221202
B10,서울특별시교육청,7010073,당곡고등학교,2,중식,20221128,520.00,나물비빔밥*고추장  (5.6.13.)<br/>파송송달걀국  (1.13.)<br/>근대된장무침(자율)  (5.6.)<br/>식물성런천미트  (5.6.12.)<br/>고등어카레구이  (2.5.6.7.13.)<br/>배추김치  (9.13.)<br/>슈크림만쥬  (1.2.5.6.),쌀 : 국내산<br/>김치류 : 국내산<br/>고춧가루(김치류) : 국내산<br/>돼지고기 식육가공품 : 국내산<br/>비고 : 삼치-국산,751.1 Kcal,탄수화물(g) : 99.1<br/>단백질(g) : 41.7<br/>지방(g) : 21.9<br/>비타민A(R.E) : 509.1<br/>티아민(mg) : 0.8<br/>리보플라빈(mg) : 0.9<br/>비타민C(mg) : 11.5<br/>칼슘(mg) : 249.9<br/>철분(mg) : 5.3,20221205
B10,서울특별시교육청,7010073,당곡고등학교,2,중식,20221129,520.00,칼슘강화기장밥  <br/>오징어무국  (13.17.)<br/>돈사태김치찜  (5.6.9.10.13.)<br/>건새우마늘쫑볶음  (5.6.9.13.)<br/>소시지야채볶음  (2.5.6.10.12.13.)<br/>총각김치  (9.13.)<br/>초코우유  (2.),쌀 : 국내산<br/>김치류 : 국내산<br/>고춧가루(김치류) : 국내산<br/>돼지고기 : 국내산<br/>돼지고기 식육가공품 : 국내산<br/>오징어 : 국내산<br/>비고 : 건새우-국산,879.9 Kcal,탄수화물(g) : 100.5<br/>단백질(g) : 58.3<br/>지방(g) : 28.2<br/>비타민A(R.E) : 200.9<br/>티아민(mg) : 1.0<br/>리보플라빈(mg) : 1.2<br/>비타민C(mg) : 43.5<br/>칼슘(mg) : 257.3<br/>철분(mg) : 4.3,20221206
B10,서울특별시교육청,7010073,당곡고등학교,2,중식,20221130,520.00,고추참치소보로덮밥  (1.5.6.9.12.13.)<br/>들깨무채국  (5.6.)<br/>두부조림  (5.6.13.)<br/>새우감자치즈  (1.2.5.9.)<br/>배추김치  (9.13.)<br/>열대과일샐러드  (1.2.5.6.13.16.),쌀 : 국내산<br/>김치류 : 국내산<br/>고춧가루(김치류) : 국내산<br/>비고 : 참치-원양산/ 새우-에콰도르,816.4 Kcal,탄수화물(g) : 85.4<br/>단백질(g) : 41.8<br/>지방(g) : 36.3<br/>비타민A(R.E) : 526.2<br/>티아민(mg) : 0.3<br/>리보플라빈(mg) : 0.8<br/>비타민C(mg) : 27.6<br/>칼슘(mg) : 352.5<br/>철분(mg) : 6.7,20221207
B10,서울특별시교육청,7010073,당곡고등학교,2,중식,20221201,520.00,친환경현미밥  <br/>쇠고기미역국  (5.6.13.16.)<br/>돼지갈비찜(LA)  (5.6.10.13.16.18.)<br/>버섯잡채  (5.6.8.13.)<br/>지짐꽃전  (2.5.6.13.)<br/>배추김치  (9.13.)<br/>경주십원빵  (1.2.5.6.),쌀 : 국내산<br/>김치류 : 국내산<br/>고춧가루(김치류) : 국내산<br/>쇠고기(종류) : 국내산(한우)<br/>돼지고기 : 국내산,905.7 Kcal,탄수화물(g) : 130.1<br/>단백질(g) : 40.6<br/>지방(g) : 26.0<br/>비타민A(R.E) : 271.6<br/>티아민(mg) : 0.8<br/>리보플라빈(mg) : 1.1<br/>비타민C(mg) : 13.1<br/>칼슘(mg) : 217.3<br/>철분(mg) : 4.6,20221208
B10,서울특별시교육청,7010073,당곡고등학교,2,중식,20221202,520.00,추가밥  <br/>고명유부국  (1.5.6.9.13.)<br/>고구마치즈돈까스&소스  (1.2.5.6.10.12.13.)<br/>오지치즈후라이  (1.2.5.6.10.12.13.)<br/>깍두기  (9.13.)<br/>귤  <br/>양배추샐러드&사우전D  (1.2.5.6.13.),쌀 : 국내산<br/>김치류 : 국내산<br/>고춧가루(김치류) : 국내산<br/>돼지고기 식육가공품 : 국내산,821.1 Kcal,탄수화물(g) : 72.3<br/>단백질(g) : 26.7<br/>지방(g) : 49.5<br/>비타민A(R.E) : 51.0<br/>티아민(mg) : 0.4<br/>리보플라빈(mg) : 0.4<br/>비타민C(mg) : 52.1<br/>칼슘(mg) : 494.6<br/>철분(mg) : 2.8,20221209
B10,서울특별시교육청,7010073,당곡고등학교,2,중식,20221205,520.00,로제스파게티  (1.2.5.6.12.13.)<br/>양송이스프  (2.5.6.13.)<br/>삼색피클  (13.18.)<br/>짜먹는요거트  (2.)<br/>양상추샐러드(발사믹D)  (5.6.12.13.)<br/>치킨스낵랩  (1.2.5.6.15.16.18.),쌀 : 국내산<br/>김치류 : 국내산<br/>고춧가루(김치류) : 국내산<br/>쇠고기(종류) : 국내산(한우)<br/>닭고기 식육가공품 : 국내산,1120.2 Kcal,탄수화물(g) : 162.5<br/>단백질(g) : 35.2<br/>지방(g) : 41.7<br/>비타민A(R.E) : 308.8<br/>티아민(mg) : 0.7<br/>리보플라빈(mg) : 0.6<br/>비타민C(mg) : 20.9<br/>칼슘(mg) : 147.2<br/>철분(mg) : 4.5,20221212
B10,서울특별시교육청,7010073,당곡고등학교,2,중식,20221206,520.00,새우야채볶음밥  (2.5.6.9.10.13.)<br/>미소국  (5.6.13.)<br/>불닭팽이버섯  (5.6.13.)<br/>수제장각치킨  (2.5.6.13.15.)<br/>배추김치  (9.13.)<br/>사과맛음료  <br/>치킨무  ,쌀 : 국내산<br/>김치류 : 국내산<br/>고춧가루(김치류) : 국내산<br/>닭고기 식육가공품 : 국내산<br/>두부 : 수입<br/>비고 : 새우:베트남,770.9 Kcal,탄수화물(g) : 120.7<br/>단백질(g) : 36.6<br/>지방(g) : 16.9<br/>비타민A(R.E) : 175.9<br/>티아민(mg) : 0.4<br/>리보플라빈(mg) : 0.4<br/>비타민C(mg) : 51.5<br/>칼슘(mg) : 229.0<br/>철분(mg) : 9.5,20221213
B10,서울특별시교육청,7010073,당곡고등학교,2,중식,20221207,520.00,칼슘강화기장밥  <br/>돼지갈비탕  (5.8.10.16.)<br/>견과류멸치볶음  (4.5.6.13.)<br/>떡갈비&소스  (1.2.5.6.10.12.13.16.)<br/>석박지  (9.13.)<br/>오이지무침  (13.)<br/>대파크림치즈베이글  (1.2.5.6.),쌀 : 국내산<br/>김치류 : 국내산<br/>고춧가루(김치류) : 국내산<br/>돼지고기 : 국내산<br/>쇠고기 식육가공품 : 국내산<br/>돼지고기 식육가공품 : 국내산<br/>비고 : 멸치:국내산,867.9 Kcal,탄수화물(g) : 103.9<br/>단백질(g) : 41.2<br/>지방(g) : 31.7<br/>비타민A(R.E) : 121.6<br/>티아민(mg) : 0.9<br/>리보플라빈(mg) : 0.5<br/>비타민C(mg) : 2.8<br/>칼슘(mg) : 200.3<br/>철분(mg) : 5.2,20221214
B10,서울특별시교육청,7010073,당곡고등학교,2,중식,20221215,520.00,친환경칼슘기장밥  <br/>순두부찌개  (5.6.9.10.13.)<br/>훈제오리구이  (1.5.13.)<br/>부추무침  (13.)<br/>김치메밀전병   (2.3.5.6.)<br/>총각김치  (9.13.)<br/>무쌈  <br/>아이스망고  ,쌀 : 국내산<br/>김치류 : 국내산<br/>고춧가루(김치류) : 국내산<br/>돼지고기 : 국내산<br/>돼지고기 식육가공품 : 국내산<br/>오리고기 가공품 : 국내산<br/>두부 : 수입,847.9 Kcal,탄수화물(g) : 73.4<br/>단백질(g) : 40.6<br/>지방(g) : 38.3<br/>비타민A(R.E) : 70.7<br/>티아민(mg) : 0.6<br/>리보플라빈(mg) : 0.5<br/>비타민C(mg) : 27.8<br/>칼슘(mg) : 222.3<br/>철분(mg) : 5.6,20221222
B10,서울특별시교육청,7010073,당곡고등학교,2,중식,20221216,520.00,콩나물밥/양념장  (5.6.13.16.)<br/>팽이장국  (5.6.13.)<br/>비건만두야채무침  (1.5.6.10.15.16.18.)<br/>낙지야채볶음  (5.6.13.)<br/>배추김치  (9.13.)<br/>포도방토파인애플  (12.),쌀 : 국내산<br/>김치류 : 국내산<br/>고춧가루(김치류) : 국내산<br/>낙지 : 중국,717.5 Kcal,탄수화물(g) : 122.2<br/>단백질(g) : 36.7<br/>지방(g) : 11.1<br/>비타민A(R.E) : 427.9<br/>티아민(mg) : 0.4<br/>리보플라빈(mg) : 0.4<br/>비타민C(mg) : 18.2<br/>칼슘(mg) : 239.9<br/>철분(mg) : 8.9,20221223
B10,서울특별시교육청,7010073,당곡고등학교,2,중식,20221219,520.00,칼슘강화기장밥  <br/>감자찌개  (5.6.)<br/>찜닭(-감자)  (5.6.13.15.)<br/>사과치커리생채  (13.)<br/>진미채고추장볶음  (5.6.13.17.)<br/>동치미  (9.13.)<br/>군고구마  ,쌀 : 국내산<br/>김치류 : 국내산<br/>고춧가루(김치류) : 국내산<br/>닭고기 식육가공품 : 국내산<br/>오징어 수산가공품 : 페루,772.7 Kcal,탄수화물(g) : 121.9<br/>단백질(g) : 58.1<br/>지방(g) : 12.5<br/>비타민A(R.E) : 461.1<br/>티아민(mg) : 0.6<br/>리보플라빈(mg) : 1.0<br/>비타민C(mg) : 11.6<br/>칼슘(mg) : 162.2<br/>철분(mg) : 5.1,20221226
B10,서울특별시교육청,7010073,당곡고등학교,2,중식,20221220,520.00,친환경보리밥  <br/>콩비지찌개  (5.9.10.13.)<br/>도토리묵무침  (5.6.13.)<br/>돼지불백  (5.6.10.12.13.)<br/>떡꼬치&매콤소스s  (5.6.12.13.)<br/>총각김치  (9.13.)<br/>아이스홍시  ,쌀 : 국내산<br/>김치류 : 국내산<br/>고춧가루(김치류) : 국내산<br/>돼지고기 : 국내산<br/>두부 : 콩비지:국산,880.9 Kcal,탄수화물(g) : 149.7<br/>단백질(g) : 54.7<br/>지방(g) : 10.6<br/>비타민A(R.E) : 291.5<br/>티아민(mg) : 1.0<br/>리보플라빈(mg) : 1.0<br/>비타민C(mg) : 8.0<br/>칼슘(mg) : 208.8<br/>철분(mg) : 5.7,20221227
B10,서울특별시교육청,7010073,당곡고등학교,2,중식,20221221,520.00,자장소스&중화면  (1.2.5.6.10.13.16.)<br/>짬뽕국  (5.6.9.13.17.18.)<br/>반달단무지  <br/>청경채&두반장소스  (5.6.12.13.18.)<br/>꿔바로우&소스  (1.2.5.6.10.13.16.18.)<br/>배추김치  (9.13.)<br/>조각파인애플  ,쌀 : 국내산<br/>김치류 : 국내산<br/>고춧가루(김치류) : 국내산,800.7 Kcal,탄수화물(g) : 130.9<br/>단백질(g) : 30.7<br/>지방(g) : 20.6<br/>비타민A(R.E) : 331.1<br/>티아민(mg) : 0.4<br/>리보플라빈(mg) : 1.5<br/>비타민C(mg) : 44.1<br/>칼슘(mg) : 302.7<br/>철분(mg) : 10.9,20221228
B10,서울특별시교육청,7010073,당곡고등학교,2,중식,20221222,520.00,친환경칼슘기장밥  <br/>설렁탕  (5.6.13.16.)<br/>달걀찜  (1.)<br/>골뱅이소면무침  (5.6.13.17.)<br/>삼치데리야끼  (5.6.13.)<br/>석박지  (9.13.)<br/>미니붕어빵  (1.2.5.6.),쌀 : 국내산<br/>김치류 : 국내산<br/>고춧가루(김치류) : 국내산<br/>쇠고기(종류) : 국내산(한우)<br/>쇠고기 식육가공품 : 국내산<br/>비고 : 삼치:국산/ 골뱅이:독일,839.7 Kcal,탄수화물(g) : 129.7<br/>단백질(g) : 45.9<br/>지방(g) : 16.7<br/>비타민A(R.E) : 361.6<br/>티아민(mg) : 0.4<br/>리보플라빈(mg) : 0.6<br/>비타민C(mg) : 5.5<br/>칼슘(mg) : 186.9<br/>철분(mg) : 4.3,20221229
B10,서울특별시교육청,7010073,당곡고등학교,2,중식,20221223,520.00,네모김밥  (1.2.5.6.9.10.13.15.16.)<br/>잔치국수  (1.5.6.13.)<br/>브로콜리무침  <br/>매운어묵볶음  (1.5.6.13.)<br/>배추김치  (9.13.)<br/>성탄케이크  (1.2.5.6.10.),쌀 : 국내산<br/>김치류 : 국내산<br/>고춧가루(김치류) : 국내산<br/>돼지고기 식육가공품 : 국내산<br/>비고 : 어묵:수입,846.5 Kcal,탄수화물(g) : 132.9<br/>단백질(g) : 32.6<br/>지방(g) : 18.7<br/>비타민A(R.E) : 265.3<br/>티아민(mg) : 0.3<br/>리보플라빈(mg) : 0.4<br/>비타민C(mg) : 18.6<br/>칼슘(mg) : 287.5<br/>철분(mg) : 4.0,20221230
B10,서울특별시교육청,7010073,당곡고등학교,2,중식,20221226,520.00,우렁강된장비빔밥  (5.6.13.16.)<br/>순대국  (6.10.13.16.)<br/>시금치나물  <br/>간고등어구이  (5.6.7.13.)<br/>소시지떡말이&강정소스  (2.5.6.10.12.13.16.)<br/>배추김치  (9.13.)<br/>레드향  ,쌀 : 국내산<br/>김치류 : 국내산<br/>고춧가루(김치류) : 국내산<br/>돼지고기 : 국내산<br/>돼지고기 식육가공품 : 국내산<br/>고등어 : 국내산<br/>두부 : 수입<br/>비고 : 우렁:국산,893.5 Kcal,탄수화물(g) : 126.1<br/>단백질(g) : 45.1<br/>지방(g) : 25.1<br/>비타민A(R.E) : 538.7<br/>티아민(mg) : 1.0<br/>리보플라빈(mg) : 1.0<br/>비타민C(mg) : 142.4<br/>칼슘(mg) : 380.3<br/>철분(mg) : 8.2,20230102
B10,서울특별시교육청,7010073,당곡고등학교,2,중식,20221227,520.00,추가밥  <br/>김치어묵우동(대)  (1.5.6.9.13.)<br/>감자샐러드  (1.5.13.)<br/>LA갈비s  (5.6.10.13.)<br/>파닭꼬치&양념소스  (5.6.12.15.)<br/>깍두기  (9.13.)<br/>요거톡  (2.6.),쌀 : 국내산<br/>김치류 : 국내산<br/>고춧가루(김치류) : 국내산<br/>닭고기 식육가공품 : 국내산<br/>비고 : 어묵:국내산,1134.8 Kcal,탄수화물(g) : 137.0<br/>단백질(g) : 50.5<br/>지방(g) : 42.3<br/>비타민A(R.E) : 248.4<br/>티아민(mg) : 1.1<br/>리보플라빈(mg) : 0.9<br/>비타민C(mg) : 12.3<br/>칼슘(mg) : 279.0<br/>철분(mg) : 13.1,20230103
B10,서울특별시교육청,7010073,당곡고등학교,2,중식,20230206,520.00,친환경칼슘기장밥  <br/>북어국  (1.13.)<br/>시금치나물  <br/>닭갈비  (5.6.15.)<br/>두부탕수  (1.5.6.12.13.)<br/>배추김치  (9.13.)<br/>한라봉주스  (13.),쌀 : 국내산<br/>김치류 : 국내산<br/>고춧가루(김치류) : 국내산<br/>닭고기 : 국내산<br/>명태 수산가공품 : 러시아<br/>두부 : 국내산,876.5 Kcal,탄수화물(g) : 132.0<br/>단백질(g) : 46.1<br/>지방(g) : 23.7<br/>비타민A(R.E) : 602.0<br/>티아민(mg) : 0.7<br/>리보플라빈(mg) : 0.6<br/>비타민C(mg) : 29.2<br/>칼슘(mg) : 196.8<br/>철분(mg) : 10.3,20230213
B10,서울특별시교육청,7010073,당곡고등학교,2,중식,20230207,520.00,달걀간장밥  (1.5.6.)<br/>김치국  (9.13.)<br/>콩나물무침  (5.)<br/>제육볶음  (5.6.10.13.)<br/>치즈감자채전  (2.5.13.)<br/>배추김치  (9.13.)<br/>딸기  ,쌀 : 국내산<br/>김치류 : 국내산<br/>고춧가루(김치류) : 국내산<br/>돼지고기 : 국내산,743.4 Kcal,탄수화물(g) : 104.0<br/>단백질(g) : 52.2<br/>지방(g) : 18.9<br/>비타민A(R.E) : 426.1<br/>티아민(mg) : 0.9<br/>리보플라빈(mg) : 1.5<br/>비타민C(mg) : 69.7<br/>칼슘(mg) : 363.4<br/>철분(mg) : 5.4,20230214
B10,서울특별시교육청,7010073,당곡고등학교,2,중식,20230208,520.00,추가밥  <br/>마라탕  (1.2.5.6.12.13.16.18.)<br/>청경채&두반장소스  (5.6.12.13.18.)<br/>고추만두  (1.2.5.6.9.10.15.16.)<br/>배추김치  (9.13.)<br/>연유꽃빵  (2.5.6.13.)<br/>샤인머스캣야쿠르트  (2.),쌀 : 국내산<br/>김치류 : 국내산<br/>고춧가루(김치류) : 국내산<br/>쇠고기(종류) : 국내산(한우)<br/>돼지고기 식육가공품 : 국내산,938.7 Kcal,탄수화물(g) : 156.8<br/>단백질(g) : 25.6<br/>지방(g) : 25.0<br/>비타민A(R.E) : 135.6<br/>티아민(mg) : 0.2<br/>리보플라빈(mg) : 0.4<br/>비타민C(mg) : 12.9<br/>칼슘(mg) : 221.2<br/>철분(mg) : 3.6,20230215
B10,서울특별시교육청,7010073,당곡고등학교,2,중식,20230303,798.00,베이컨김치볶음밥  (2.5.6.9.10.13.18.)<br/>팽이버섯된장국  (5.6.13.)<br/>치킨까스&머스터드  (1.2.5.6.15.18.)<br/>배추김치  (9.13.)<br/>딸기  <br/>치즈양상추샐러드(발사믹D)  (1.2.5.6.12.13.),쌀 : 국내산<br/>김치류 : 국내산<br/>고춧가루(김치류) : 국내산<br/>돼지고기 식육가공품 : 국내산<br/>닭고기 식육가공품 : 국내산<br/>두부 : 수입,761.7 Kcal,탄수화물(g) : 101.8<br/>단백질(g) : 36.3<br/>지방(g) : 26.7<br/>비타민A(R.E) : 134.9<br/>티아민(mg) : 1.5<br/>리보플라빈(mg) : 1.2<br/>비타민C(mg) : 70.2<br/>칼슘(mg) : 206.4<br/>철분(mg) : 12.8,20230310
B10,서울특별시교육청,7010073,당곡고등학교,2,중식,20230306,798.00,친환경칼슘기장밥  <br/>쇠고기미역국  (5.6.13.16.)<br/>매운갈비찜  (5.6.10.13.)<br/>버섯잡채  (5.6.8.13.)<br/>참나물사과무침  (13.)<br/>배추김치  (9.13.)<br/>민트초코쿠키  (1.2.5.6.),쌀 : 국내산<br/>김치류 : 국내산<br/>고춧가루(김치류) : 국내산<br/>쇠고기(종류) : 국내산(한우)<br/>돼지고기 : 국내산,907.2 Kcal,탄수화물(g) : 142.2<br/>단백질(g) : 36.5<br/>지방(g) : 23.3<br/>비타민A(R.E) : 316.9<br/>티아민(mg) : 0.7<br/>리보플라빈(mg) : 0.6<br/>비타민C(mg) : 13.4<br/>칼슘(mg) : 213.5<br/>철분(mg) : 4.4,20230313
B10,서울특별시교육청,7010073,당곡고등학교,2,중식,20230307,798.00,친환경보리밥  <br/>북어국  (1.13.)<br/>오이도라지초무침  (5.6.13.)<br/>닭볶음탕  (5.6.13.15.)<br/>동그랑땡&케첩  (1.2.5.6.10.12.15.16.18.)<br/>배추김치  (9.13.)<br/>플레인요거트  (2.),쌀 : 국내산<br/>김치류 : 국내산<br/>고춧가루(김치류) : 국내산<br/>닭고기 : 국내산<br/>돼지고기 식육가공품 : 국내산<br/>명태 수산가공품 : 러시아<br/>두부 : 수입,727.0 Kcal,탄수화물(g) : 90.5<br/>단백질(g) : 63.9<br/>지방(g) : 15.2<br/>비타민A(R.E) : 465.8<br/>티아민(mg) : 0.7<br/>리보플라빈(mg) : 0.7<br/>비타민C(mg) : 12.9<br/>칼슘(mg) : 262.8<br/>철분(mg) : 6.3,20230314
B10,서울특별시교육청,7010073,당곡고등학교,2,중식,20230308,798.00,참치마요구운주먹밥  (1.2.5.6.16.)<br/>볼어묵국  (1.5.6.7.13.18.)<br/>근대된장무침(자율)  (5.6.)<br/>모듬튀김&케첩  (1.2.5.6.9.10.12.13.16.18.)<br/>배추김치  (9.13.)<br/>자몽허니블랙티  <br/>로제떡볶이  (1.2.5.6.10.13.15.16.18.),쌀 : 국내산<br/>김치류 : 국내산<br/>고춧가루(김치류) : 국내산<br/>돼지고기 식육가공품 : 국내산<br/>비고 : 어묵:수입/ 참치:원양/ 새우:베트남,931.4 Kcal,탄수화물(g) : 145.9<br/>단백질(g) : 27.2<br/>지방(g) : 27.9<br/>비타민A(R.E) : 215.7<br/>티아민(mg) : 0.6<br/>리보플라빈(mg) : 0.5<br/>비타민C(mg) : 49.0<br/>칼슘(mg) : 321.4<br/>철분(mg) : 10.6,20230315
B10,서울특별시교육청,7010073,당곡고등학교,2,중식,20230309,798.00,친환경흑미밥  <br/>들깨수제비  (5.6.)<br/>교자만두찜&양념장  (1.5.6.10.13.16.18.)<br/>매콤달걀조림  (1.2.5.6.13.18.)<br/>녹두전  (1.5.6.10.13.)<br/>석박지  (9.13.)<br/>붕어떡&연유시럽  (2.13.),쌀 : 국내산<br/>김치류 : 국내산<br/>고춧가루(김치류) : 국내산<br/>돼지고기 식육가공품 : 국내산,849.1 Kcal,탄수화물(g) : 125.8<br/>단백질(g) : 33.9<br/>지방(g) : 23.0<br/>비타민A(R.E) : 202.0<br/>티아민(mg) : 0.9<br/>리보플라빈(mg) : 1.1<br/>비타민C(mg) : 3.9<br/>칼슘(mg) : 291.6<br/>철분(mg) : 12.0,20230316
B10,서울특별시교육청,7010073,당곡고등학교,2,중식,20230310,798.00,추가밥  <br/>제주고기국수  (1.2.5.6.10.13.15.16.)<br/>매생이전&양념장  (5.6.13.)<br/>우도땅콩멸치볶음  (4.5.6.13.)<br/>갈치구이  (5.6.13.)<br/>배추김치  (9.13.)<br/>감귤유과  (5.13.)<br/>한라봉  ,쌀 : 국내산<br/>김치류 : 국내산<br/>고춧가루(김치류) : 국내산<br/>돼지고기 : 국내산<br/>갈치 : 세네갈,843.2 Kcal,탄수화물(g) : 134.7<br/>단백질(g) : 37.4<br/>지방(g) : 16.0<br/>비타민A(R.E) : 80.7<br/>티아민(mg) : 0.4<br/>리보플라빈(mg) : 0.6<br/>비타민C(mg) : 47.8<br/>칼슘(mg) : 290.1<br/>철분(mg) : 5.7,20230317
B10,서울특별시교육청,7010073,당곡고등학교,2,중식,20230313,798.00,칼슘강화기장밥  <br/>조랭이떡국/김가루  (1.5.6.13.)<br/>돌나물초회  (5.6.13.)<br/>사과  <br/>오리주물럭  (5.6.13.)<br/>부쳐먹는햄전  (1.2.5.6.10.12.)<br/>배추김치  (9.13.),쌀 : 국내산<br/>김치류 : 국내산<br/>고춧가루(김치류) : 국내산<br/>오리고기 : 국내산<br/>돼지고기 식육가공품 : 국내산,773.8 Kcal,탄수화물(g) : 115.7<br/>단백질(g) : 28.7<br/>지방(g) : 24.0<br/>비타민A(R.E) : 280.7<br/>티아민(mg) : 0.8<br/>리보플라빈(mg) : 0.5<br/>비타민C(mg) : 27.4<br/>칼슘(mg) : 145.9<br/>철분(mg) : 4.0,20230320
B10,서울특별시교육청,7010073,당곡고등학교,2,중식,20230314,798.00,짬뽕국  (5.6.9.13.17.18.)<br/>레몬크림깐쇼새우  (1.2.5.6.9.13.15.)<br/>청경채&두반장소스  (5.6.12.13.18.)<br/>마파두부덮밥  (5.6.10.12.13.)<br/>배추김치  (9.13.)<br/>포도  ,쌀 : 국내산<br/>김치류 : 국내산<br/>고춧가루(김치류) : 국내산<br/>돼지고기 : 국내산<br/>오징어 : 국내산<br/>두부 : 두부:수입<br/>비고 : 홍합:국산/새우: 베트남,642.2 Kcal,탄수화물(g) : 89.5<br/>단백질(g) : 29.6<br/>지방(g) : 22.4<br/>비타민A(R.E) : 1934.1<br/>티아민(mg) : 0.5<br/>리보플라빈(mg) : 0.4<br/>비타민C(mg) : 24.4<br/>칼슘(mg) : 243.6<br/>철분(mg) : 17.3,20230321
B10,서울특별시교육청,7010073,당곡고등학교,2,중식,20230315,798.00,친환경차수수밥  <br/>육개장  (1.16.)<br/>알감자조림  (5.6.13.)<br/>도토리묵무침  (5.6.13.)<br/>유린가자미  (3.5.6.13.15.)<br/>석박지  (9.13.)<br/>요거트음료  ,쌀 : 국내산<br/>김치류 : 국내산<br/>고춧가루(김치류) : 국내산<br/>쇠고기(종류) : 국내산(한우)<br/>비고 : 가자미:미국,800.4 Kcal,탄수화물(g) : 146.6<br/>단백질(g) : 36.6<br/>지방(g) : 11.0<br/>비타민A(R.E) : 190.4<br/>티아민(mg) : 0.5<br/>리보플라빈(mg) : 0.7<br/>비타민C(mg) : 31.4<br/>칼슘(mg) : 237.9<br/>철분(mg) : 4.5,20230322
B10,서울특별시교육청,7010073,당곡고등학교,2,중식,20230316,798.00,친환경잡곡밥  (5.)<br/>물떡어묵국  (1.5.6.7.13.18.)<br/>봄동나물  (5.6.13.)<br/>치즈불닭  (2.5.6.13.15.)<br/>오꼬노미야끼  (1.2.5.6.10.12.13.)<br/>배추김치  (9.13.)<br/>모닝마늘빵  (1.2.5.6.13.),쌀 : 국내산<br/>김치류 : 국내산<br/>고춧가루(김치류) : 국내산<br/>닭고기 : 국내산<br/>오징어 : 국내산<br/>비고 : 어묵:수입,912.3 Kcal,탄수화물(g) : 136.2<br/>단백질(g) : 51.3<br/>지방(g) : 22.0<br/>비타민A(R.E) : 454.1<br/>티아민(mg) : 0.5<br/>리보플라빈(mg) : 0.8<br/>비타민C(mg) : 24.8<br/>칼슘(mg) : 350.5<br/>철분(mg) : 3.9,20230323
B10,서울특별시교육청,7010073,당곡고등학교,2,중식,20230317,798.00,카레라이스  (2.5.6.10.13.)<br/>미소국  (5.6.13.)<br/>타워함박스테이크  (1.2.5.6.10.12.13.15.16.)<br/>배추김치  (9.13.)<br/>오렌지망고주스  <br/>귤샐러드(발사믹D)  (5.6.12.13.),쌀 : 국내산<br/>김치류 : 국내산<br/>고춧가루(김치류) : 국내산<br/>돼지고기 : 국내산<br/>돼지고기 식육가공품 : 국내산<br/>두부 : 수입,886.5 Kcal,탄수화물(g) : 125.4<br/>단백질(g) : 37.5<br/>지방(g) : 30.0<br/>비타민A(R.E) : 339.8<br/>티아민(mg) : 0.7<br/>리보플라빈(mg) : 0.6<br/>비타민C(mg) : 34.8<br/>칼슘(mg) : 335.5<br/>철분(mg) : 10.0,20230324
B10,서울특별시교육청,7010073,당곡고등학교,2,중식,20230320,798.00,칼슘강화기장밥  <br/>콩나물김치국  (5.9.13.)<br/>양배추쌈/쌈장  (5.6.13.)<br/>연두부&양념장  (5.6.13.)<br/>무생채  (13.)<br/>돼지불백  (5.6.10.12.13.)<br/>미니슈크림파이  (1.2.5.6.),쌀 : 국내산<br/>김치류 : 국내산<br/>고춧가루(김치류) : 국내산<br/>돼지고기 : 국내산<br/>두부 : 국내산,833.1 Kcal,탄수화물(g) : 123.2<br/>단백질(g) : 51.4<br/>지방(g) : 12.5<br/>비타민A(R.E) : 89.8<br/>티아민(mg) : 0.9<br/>리보플라빈(mg) : 0.8<br/>비타민C(mg) : 16.0<br/>칼슘(mg) : 250.1<br/>철분(mg) : 4.7,20230327
B10,서울특별시교육청,7010073,당곡고등학교,2,중식,20230321,798.00,참치김치덮밥  (5.9.13.)<br/>유부된장국  (5.6.13.)<br/>스크램블드에그  (1.5.13.)<br/>깍두기  (9.13.)<br/>또띠아피자  (2.5.6.10.12.13.)<br/>양배추샐러드&사우전D  (1.2.5.6.13.),쌀 : 국내산<br/>김치류 : 국내산<br/>고춧가루(김치류) : 국내산<br/>돼지고기 식육가공품 : 국내산<br/>비고 : 참치:원양,783.9 Kcal,탄수화물(g) : 104.9<br/>단백질(g) : 37.5<br/>지방(g) : 22.9<br/>비타민A(R.E) : 159.5<br/>티아민(mg) : 0.5<br/>리보플라빈(mg) : 0.6<br/>비타민C(mg) : 12.1<br/>칼슘(mg) : 460.1<br/>철분(mg) : 5.6,20230328
B10,서울특별시교육청,7010073,당곡고등학교,2,중식,20230322,798.00,친환경보리밥  <br/>햄찌개  (2.5.6.9.10.13.)<br/>돈육메추리알조림  (1.5.6.10.13.)<br/>진미채고추장볶음  (5.6.13.17.)<br/>삼치데리야끼  (5.6.13.)<br/>콘치즈크루아상  (1.2.5.6.10.12.13.)<br/>백김치  (9.13.),쌀 : 국내산<br/>김치류 : 국내산<br/>고춧가루(김치류) : 국내산<br/>돼지고기 : 국내산<br/>돼지고기 식육가공품 : 국내산<br/>비고 : 삼치:국산,931.7 Kcal,탄수화물(g) : 92.0<br/>단백질(g) : 61.3<br/>지방(g) : 35.3<br/>비타민A(R.E) : 104.9<br/>티아민(mg) : 0.7<br/>리보플라빈(mg) : 0.7<br/>비타민C(mg) : 11.2<br/>칼슘(mg) : 332.2<br/>철분(mg) : 6.6,20230329
B10,서울특별시교육청,7010073,당곡고등학교,2,중식,20230323,798.00,친환경현미밥  <br/>비빔국수  (2.5.6.9.13.16.18.)<br/>시금치된장국  (5.6.9.13.)<br/>보쌈  (5.6.10.)<br/>무말랭이장아찌  (13.)<br/>배추김치  (9.13.)<br/>우리쌀식혜*  ,쌀 : 국내산<br/>김치류 : 국내산<br/>고춧가루(김치류) : 국내산<br/>돼지고기 : 국내산,795.3 Kcal,탄수화물(g) : 106.7<br/>단백질(g) : 53.0<br/>지방(g) : 19.1<br/>비타민A(R.E) : 453.1<br/>티아민(mg) : 1.4<br/>리보플라빈(mg) : 0.6<br/>비타민C(mg) : 20.5<br/>칼슘(mg) : 210.5<br/>철분(mg) : 9.6,20230330
B10,서울특별시교육청,7010073,당곡고등학교,2,중식,20230324,798.00,추가밥  <br/>김치어묵우동(대)  (1.5.6.9.13.)<br/>새송이버섯전  (1.5.6.13.)<br/>올방개묵김치무침  (9.)<br/>파채닭강정  (1.2.5.6.12.)<br/>깍두기  (9.13.)<br/>토마토  (12.),쌀 : 국내산<br/>김치류 : 국내산<br/>고춧가루(김치류) : 국내산<br/>닭고기 식육가공품 : 국내산<br/>비고 : 어묵:수입,792.2 Kcal,탄수화물(g) : 136.3<br/>단백질(g) : 30.9<br/>지방(g) : 13.0<br/>비타민A(R.E) : 119.0<br/>티아민(mg) : 0.4<br/>리보플라빈(mg) : 0.4<br/>비타민C(mg) : 13.7<br/>칼슘(mg) : 199.8<br/>철분(mg) : 3.3,20230331
B10,서울특별시교육청,7010073,당곡고등학교,2,중식,20230327,798.00,칼슘강화기장밥  <br/>얼갈이된장국  (5.6.13.)<br/>야채달걀찜  (1.9.13.)<br/>콩나물무침  (5.)<br/>대패삼겹고추장볶음  (5.6.10.13.)<br/>배추김치  (9.13.)<br/>후렌치파이  (1.2.5.6.),쌀 : 국내산<br/>김치류 : 국내산<br/>고춧가루(김치류) : 국내산<br/>돼지고기 : 국내산,810.3 Kcal,탄수화물(g) : 100.3<br/>단백질(g) : 40.1<br/>지방(g) : 29.9<br/>비타민A(R.E) : 343.7<br/>티아민(mg) : 0.9<br/>리보플라빈(mg) : 0.9<br/>비타민C(mg) : 11.7<br/>칼슘(mg) : 246.7<br/>철분(mg) : 5.0,20230403
B10,서울특별시교육청,7010073,당곡고등학교,2,중식,20230328,798.00,감자옹심이  (1.5.6.13.17.)<br/>풋마늘오징어무침  (5.6.13.17.)<br/>곤드레나물밥&양념장  (5.6.13.)<br/>코다리강정  (1.5.6.12.13.)<br/>배추김치  (9.13.)<br/>조각파인애플  ,쌀 : 국내산<br/>김치류 : 국내산<br/>고춧가루(김치류) : 국내산<br/>오징어 : 국내산<br/>명태 수산가공품 : 러시아,773.4 Kcal,탄수화물(g) : 132.8<br/>단백질(g) : 37.3<br/>지방(g) : 10.6<br/>비타민A(R.E) : 220.6<br/>티아민(mg) : 0.3<br/>리보플라빈(mg) : 0.3<br/>비타민C(mg) : 26.1<br/>칼슘(mg) : 270.4<br/>철분(mg) : 3.9,20230404
B10,서울특별시교육청,7010073,당곡고등학교,2,중식,20230329,798.00,새우야채볶음밥  (2.5.6.9.10.13.)<br/>들깨무채국  (5.6.)<br/>오이달래무침  (13.)<br/>도시락김  (13.)<br/>배추김치  (9.13.)<br/>레몬맛젤리  <br/>치킨스낵랩  (1.2.5.6.15.16.18.),쌀 : 국내산<br/>김치류 : 국내산<br/>고춧가루(김치류) : 국내산<br/>닭고기 식육가공품 : 국내산<br/>비고 : 새우:베트남,782.9 Kcal,탄수화물(g) : 145.3<br/>단백질(g) : 26.6<br/>지방(g) : 13.5<br/>비타민A(R.E) : 243.9<br/>티아민(mg) : 0.6<br/>리보플라빈(mg) : 0.3<br/>비타민C(mg) : 25.1<br/>칼슘(mg) : 157.9<br/>철분(mg) : 3.9,20230405
B10,서울특별시교육청,7010073,당곡고등학교,2,중식,20230330,798.00,친환경잡곡밥  (5.)<br/>돈육감자탕  (5.6.10.13.16.)<br/>두부조림(돈육다짐)  (5.6.10.13.)<br/>찜닭(납작당면)_정육  (5.6.13.15.)<br/>오이고추된장무침  (5.6.13.)<br/>사과  <br/>석박지  (9.13.),쌀 : 국내산<br/>김치류 : 국내산<br/>고춧가루(김치류) : 국내산<br/>돼지고기 : 국내산<br/>닭고기 : 국내산<br/>두부 : 수입,798.3 Kcal,탄수화물(g) : 124.0<br/>단백질(g) : 55.6<br/>지방(g) : 12.6<br/>비타민A(R.E) : 415.6<br/>티아민(mg) : 0.9<br/>리보플라빈(mg) : 1.1<br/>비타민C(mg) : 20.6<br/>칼슘(mg) : 210.2<br/>철분(mg) : 6.3,20230406
B10,서울특별시교육청,7010073,당곡고등학교,2,중식,20230331,798.00,추가밥  <br/>스파게티  (1.2.5.6.10.12.13.)<br/>온두부&김치볶음  (5.9.13.)<br/>자두맛음료  (2.5.)<br/>오이피클  (13.)<br/>돈까스샐러드(허니소스)  (1.5.6.10.13.),쌀 : 국내산<br/>김치류 : 국내산<br/>고춧가루(김치류) : 국내산<br/>돼지고기 : 국내산<br/>돼지고기 식육가공품 : 국내산,863.1 Kcal,탄수화물(g) : 154.4<br/>단백질(g) : 29.7<br/>지방(g) : 20.3<br/>비타민A(R.E) : 281.9<br/>티아민(mg) : 0.3<br/>리보플라빈(mg) : 0.5<br/>비타민C(mg) : 103.1<br/>칼슘(mg) : 276.5<br/>철분(mg) : 4.4,20230407
B10,서울특별시교육청,7010073,당곡고등학교,2,중식,20230403,797.00,칼슘강화기장밥  <br/>북어미역국  (5.6.13.)<br/>양배추쌈/쌈장  (5.6.13.)<br/>돈육고추장불고기  (5.6.10.13.)<br/>배추김치  (9.13.)<br/>꿀떡  (5.13.)<br/>단호박샐러드(완)  (1.5.6.),쌀 : 국내산<br/>김치류 : 국내산<br/>고춧가루(김치류) : 국내산<br/>명태 : 러시아,827.6 Kcal,탄수화물(g) : 126.8<br/>단백질(g) : 49.7<br/>지방(g) : 15.4<br/>비타민A(R.E) : 257.1<br/>티아민(mg) : 0.9<br/>리보플라빈(mg) : 0.8<br/>비타민C(mg) : 29.6<br/>칼슘(mg) : 177.4<br/>철분(mg) : 4.0,20230410
B10,서울특별시교육청,7010073,당곡고등학교,2,중식,20230404,797.00,콩나물밥/양념장  (5.6.13.16.)<br/>해물순두부찌개  (5.6.9.13.17.18.)<br/>깻잎지  (13.)<br/>망고야채샐러드  (1.2.5.6.12.13.)<br/>생선까스&콘소스   (1.5.6.13.)<br/>배추김치  (9.13.),쌀 : 국내산<br/>김치류 : 국내산<br/>고춧가루(김치류) : 국내산<br/>오징어 : 국내산<br/>명태 수산가공품 : 러시아,747.2 Kcal,탄수화물(g) : 102.4<br/>단백질(g) : 30.9<br/>지방(g) : 27.0<br/>비타민A(R.E) : 208.7<br/>티아민(mg) : 0.5<br/>리보플라빈(mg) : 0.4<br/>비타민C(mg) : 14.0<br/>칼슘(mg) : 245.4<br/>철분(mg) : 5.4,20230411
B10,서울특별시교육청,7010073,당곡고등학교,2,중식,20230405,797.00,친환경현미밥  <br/>우거지해장국  (5.6.16.)<br/>찜닭(납작당면)_정육  (5.6.13.15.)<br/>오이부추무침  (13.)<br/>오징어김치전(완)  (1.2.5.6.17.)<br/>배추김치  (9.13.)<br/>케이크  (1.2.5.6.),쌀 : 국내산<br/>김치류 : 국내산<br/>고춧가루(김치류) : 국내산<br/>쇠고기(종류) : 국내산(육우)<br/>닭고기 : 국내산<br/>오징어 : 국내산,790.9 Kcal,탄수화물(g) : 112.5<br/>단백질(g) : 49.2<br/>지방(g) : 10.2<br/>비타민A(R.E) : 260.4<br/>티아민(mg) : 0.7<br/>리보플라빈(mg) : 1.0<br/>비타민C(mg) : 16.2<br/>칼슘(mg) : 207.1<br/>철분(mg) : 5.8,20230412
B10,서울특별시교육청,7010073,당곡고등학교,2,중식,20230406,797.00,친환경보리밥  <br/>고기/김치만두국  (1.5.6.10.13.16.18.)<br/>두부쑥갓나물  (5.)<br/>햄어묵볶음  (1.2.5.6.10.13.15.16.)<br/>고등어양념구이  (5.6.7.13.)<br/>총각김치  (9.13.)<br/>생크림크로플  (1.2.5.6.),쌀 : 국내산<br/>김치류 : 국내산<br/>고춧가루(김치류) : 국내산<br/>돼지고기 식육가공품 : 국내산<br/>고등어 : 국내산<br/>두부 : 수입<br/>비고 : 어묵: 어육수입,800.1 Kcal,탄수화물(g) : 111.6<br/>단백질(g) : 36.9<br/>지방(g) : 24.5<br/>비타민A(R.E) : 326.2<br/>티아민(mg) : 0.8<br/>리보플라빈(mg) : 0.7<br/>비타민C(mg) : 7.8<br/>칼슘(mg) : 212.7<br/>철분(mg) : 12.8,20230413
B10,서울특별시교육청,7010073,당곡고등학교,2,중식,20230407,797.00,김가루밥  (13.)<br/>미니우동  (1.2.5.6.9.13.)<br/>꼬들단무지무침  <br/>옹심이떡볶이  (1.2.5.6.13.17.)<br/>김말이  (1.5.6.)<br/>배추김치  (9.13.)<br/>청포도*  ,쌀 : 국내산<br/>김치류 : 국내산<br/>고춧가루(김치류) : 국내산<br/>비고 : 어묵: 어육수입,871.3 Kcal,탄수화물(g) : 148.0<br/>단백질(g) : 19.2<br/>지방(g) : 22.6<br/>비타민A(R.E) : 181.3<br/>티아민(mg) : 0.3<br/>리보플라빈(mg) : 0.4<br/>비타민C(mg) : 19.2<br/>칼슘(mg) : 191.0<br/>철분(mg) : 10.6,20230414
B10,서울특별시교육청,7010073,당곡고등학교,2,중식,20230410,797.00,칼슘강화기장밥  <br/>우렁된장찌개  (5.6.13.)<br/>보쌈  (5.6.10.)<br/>콩나물무침  (5.)<br/>비빔당면  (1.5.6.8.13.)<br/>보쌈김치  (9.13.)<br/>쌈장  <br/>키위  ,쌀 : 국내산<br/>김치류 : 국내산<br/>고춧가루(김치류) : 국내산<br/>돼지고기 : 국내산<br/>두부 : 수입<br/>비고 : 우렁살 : 국내산,784.4 Kcal,탄수화물(g) : 115.3<br/>단백질(g) : 58.6<br/>지방(g) : 13.7<br/>비타민A(R.E) : 353.4<br/>티아민(mg) : 1.3<br/>리보플라빈(mg) : 1.0<br/>비타민C(mg) : 48.4<br/>칼슘(mg) : 398.1<br/>철분(mg) : 10.9,20230417
B10,서울특별시교육청,7010073,당곡고등학교,2,중식,20230411,797.00,고추참치볶음밥  (1.5.6.9.12.13.)<br/>팽이버섯된장국  (5.6.13.)<br/>미나리초무침  (5.6.13.)<br/>건새우마늘쫑볶음  (5.6.9.13.)<br/>스크램블드에그  (1.5.13.)<br/>빌소시지구이&머스타드s  (1.2.5.6.10.13.)<br/>배추김치  (9.13.),쌀 : 국내산<br/>김치류 : 국내산<br/>고춧가루(김치류) : 국내산<br/>돼지고기 식육가공품 : 국내산<br/>두부 : 수입<br/>비고 : 참치:원양산/ 건새우:국내산,722.3 Kcal,탄수화물(g) : 101.5<br/>단백질(g) : 40.9<br/>지방(g) : 21.2<br/>비타민A(R.E) : 380.7<br/>티아민(mg) : 0.4<br/>리보플라빈(mg) : 0.7<br/>비타민C(mg) : 15.1<br/>칼슘(mg) : 314.7<br/>철분(mg) : 10.0,20230418
B10,서울특별시교육청,7010073,당곡고등학교,2,중식,20230412,797.00,카레라이스  (2.5.6.10.13.)<br/>파송송달걀국  (1.13.)<br/>실곤약야채무침(초)  (5.6.13.)<br/>장각구이  (2.5.6.12.13.15.18.)<br/>배추김치  (9.13.)<br/>토마토카프레제  (2.5.6.12.13.),쌀 : 국내산<br/>김치류 : 국내산<br/>고춧가루(김치류) : 국내산<br/>돼지고기 : 국내산<br/>닭고기 : 국내산,646.9 Kcal,탄수화물(g) : 87.8<br/>단백질(g) : 40.1<br/>지방(g) : 20.8<br/>비타민A(R.E) : 345.8<br/>티아민(mg) : 0.4<br/>리보플라빈(mg) : 0.5<br/>비타민C(mg) : 17.0<br/>칼슘(mg) : 388.9<br/>철분(mg) : 4.5,20230419
B10,서울특별시교육청,7010073,당곡고등학교,2,중식,20230413,797.00,친환경잡곡밥  (5.)<br/>닭곰탕  (5.8.13.15.)<br/>두부조림  (5.6.13.)<br/>궁채나물들깨볶음  (5.)<br/>가자미순살튀김  (5.6.13.)<br/>석박지  (9.13.)<br/>도너츠  (2.5.6.),쌀 : 국내산<br/>김치류 : 국내산<br/>고춧가루(김치류) : 국내산<br/>닭고기 : 국내산<br/>두부 : 수입<br/>비고 : 가자미: 미국산,741.0 Kcal,탄수화물(g) : 98.6<br/>단백질(g) : 46.8<br/>지방(g) : 17.7<br/>비타민A(R.E) : 55.7<br/>티아민(mg) : 0.4<br/>리보플라빈(mg) : 0.8<br/>비타민C(mg) : 5.9<br/>칼슘(mg) : 202.8<br/>철분(mg) : 4.1,20230420
B10,서울특별시교육청,7010073,당곡고등학교,2,중식,20230414,797.00,추가밥  <br/>자장면  (1.2.5.6.10.13.)<br/>짬뽕국  (5.6.9.13.17.18.)<br/>짜사이무침  (5.6.13.)<br/>탕수육&후르츠소스   (1.5.6.10.11.12.13.)<br/>배추김치  (9.13.)<br/>조각파인애플  ,쌀 : 국내산<br/>김치류 : 국내산<br/>고춧가루(김치류) : 국내산<br/>돼지고기 : 국내산<br/>돼지고기 식육가공품 : 국내산<br/>오징어 : 국내산<br/>비고 : 홍합 : 국내산,876.8 Kcal,탄수화물(g) : 143.6<br/>단백질(g) : 32.5<br/>지방(g) : 23.7<br/>비타민A(R.E) : 302.4<br/>티아민(mg) : 0.5<br/>리보플라빈(mg) : 1.9<br/>비타민C(mg) : 54.0<br/>칼슘(mg) : 314.8<br/>철분(mg) : 10.9,20230421
B10,서울특별시교육청,7010073,당곡고등학교,2,중식,20230417,797.00,칼슘강화기장밥  <br/>순대국  (6.10.13.16.)<br/>청경채나물  <br/>볶음낙지소면  (5.6.9.13.)<br/>동그랑땡&케첩  (1.2.5.6.10.12.15.16.18.)<br/>배추김치  (9.13.)<br/>오렌지  ,쌀 : 국내산<br/>김치류 : 국내산<br/>고춧가루(김치류) : 국내산<br/>돼지고기 : 국내산<br/>돼지고기 식육가공품 : 국내산<br/>낙지 : 베트남,805.6 Kcal,탄수화물(g) : 117.2<br/>단백질(g) : 48.0<br/>지방(g) : 16.6<br/>비타민A(R.E) : 311.1<br/>티아민(mg) : 0.7<br/>리보플라빈(mg) : 0.9<br/>비타민C(mg) : 39.8<br/>칼슘(mg) : 228.4<br/>철분(mg) : 8.7,20230424
B10,서울특별시교육청,7010073,당곡고등학교,2,중식,20230418,797.00,깍두기볶음밥  (5.6.9.13.)<br/>미소국  (5.6.13.)<br/>브로컬리/오징어숙회&초장  (5.6.13.)<br/>온두부&김치볶음  (5.9.13.)<br/>회오리감자  (5.6.13.)<br/>조각메론  ,쌀 : 국내산<br/>김치류 : 국내산<br/>고춧가루(김치류) : 국내산<br/>오징어 : 국내산<br/>두부 : 수입,628.8 Kcal,탄수화물(g) : 101.6<br/>단백질(g) : 38.0<br/>지방(g) : 12.5<br/>비타민A(R.E) : 280.3<br/>티아민(mg) : 0.3<br/>리보플라빈(mg) : 0.5<br/>비타민C(mg) : 22.2<br/>칼슘(mg) : 234.1<br/>철분(mg) : 8.5,20230425
B10,서울특별시교육청,7010073,당곡고등학교,2,중식,20230419,797.00,친환경흑미밥  <br/>얼큰동태탕  (5.6.13.)<br/>단호박묵무침  (5.6.13.)<br/>제육볶음  (5.6.10.13.)<br/>고구마치즈고로케  (1.5.6.10.13.)<br/>배추김치  (9.13.)<br/>샐러드주스  ,쌀 : 국내산<br/>김치류 : 국내산<br/>고춧가루(김치류) : 국내산<br/>돼지고기 : 국내산<br/>명태 : 국내산<br/>두부 : 수입,709.5 Kcal,탄수화물(g) : 100.1<br/>단백질(g) : 46.8<br/>지방(g) : 9.2<br/>비타민A(R.E) : 759.7<br/>티아민(mg) : 0.8<br/>리보플라빈(mg) : 0.7<br/>비타민C(mg) : 15.9<br/>칼슘(mg) : 248.4<br/>철분(mg) : 6.6,20230426
B10,서울특별시교육청,7010073,당곡고등학교,2,중식,20230420,797.00,순살양념치밥  (5.6.12.13.15.)<br/>고명유부국  (1.5.6.9.13.)<br/>시금치나물  <br/>매운어묵볶음  (1.5.6.13.)<br/>떡갈비&소스  (1.2.5.6.7.10.12.13.)<br/>배추김치  (9.13.),쌀 : 국내산<br/>김치류 : 국내산<br/>고춧가루(김치류) : 국내산<br/>닭고기 : 국내산<br/>돼지고기 식육가공품 : 국내산<br/>비고 : 어묵: 어육수입,844.5 Kcal,탄수화물(g) : 90.9<br/>단백질(g) : 62.2<br/>지방(g) : 29.5<br/>비타민A(R.E) : 496.6<br/>티아민(mg) : 0.8<br/>리보플라빈(mg) : 0.4<br/>비타민C(mg) : 19.4<br/>칼슘(mg) : 213.5<br/>철분(mg) : 4.8,20230427
B10,서울특별시교육청,7010073,당곡고등학교,2,중식,20230428,797.00,친환경흑미밥  <br/>김치파스타  (1.2.5.6.9.10.13.15.16.)<br/>얼큰콩나물국  (5.13.)<br/>달걀찜  (1.)<br/>미니돈가스&파채  (1.2.5.6.10.12.13.)<br/>깍두기  (9.13.)<br/>후레쉬업(레몬&라임)  ,쌀 : 국내산<br/>김치류 : 국내산<br/>고춧가루(김치류) : 국내산<br/>돼지고기 식육가공품 : 국내산,973.7 Kcal,탄수화물(g) : 158.5<br/>단백질(g) : 40.1<br/>지방(g) : 17.7<br/>비타민A(R.E) : 133.8<br/>티아민(mg) : 0.8<br/>리보플라빈(mg) : 0.5<br/>비타민C(mg) : 23.1<br/>칼슘(mg) : 207.8<br/>철분(mg) : 5.5,20230505
B10,서울특별시교육청,7010073,당곡고등학교,2,중식,20230502,555.00,치킨버거  (1.2.5.6.12.13.15.)<br/>나쵸샐러드  (1.2.5.6.12.13.)<br/>감자버터구이  (2.13.)<br/>삼색피클  (13.18.)<br/>시리얼/흰우유  (2.5.6.13.),쌀 : 국내산<br/>김치류 : 국내산<br/>고춧가루(김치류) : 국내산<br/>닭고기 식육가공품 : 국내산,725.9 Kcal,탄수화물(g) : 89.5<br/>단백질(g) : 27.6<br/>지방(g) : 33.3<br/>비타민A(R.E) : 894.0<br/>티아민(mg) : 1.7<br/>리보플라빈(mg) : 1.3<br/>비타민C(mg) : 69.0<br/>칼슘(mg) : 290.5<br/>철분(mg) : 4.5,20230509
B10,서울특별시교육청,7010073,당곡고등학교,2,중식,20230503,795.00,추가밥  <br/>참치야채죽  (5.8.9.13.)<br/>몬테크리스토샌드위치  (1.2.5.6.10.13.)<br/>매운어묵꼬치(소스)  (1.2.5.6.13.18.)<br/>오이지무침  (13.)<br/>나박김치  (9.13.),쌀 : 국내산<br/>김치류 : 국내산<br/>고춧가루(김치류) : 국내산<br/>돼지고기 식육가공품 : 국내산<br/>비고 : 참치 : 원양산/ 어묵 : 수입,747.9 Kcal,탄수화물(g) : 126.7<br/>단백질(g) : 30.4<br/>지방(g) : 12.5<br/>비타민A(R.E) : 98.0<br/>티아민(mg) : 0.3<br/>리보플라빈(mg) : 0.4<br/>비타민C(mg) : 7.2<br/>칼슘(mg) : 217.1<br/>철분(mg) : 3.8,20230510
B10,서울특별시교육청,7010073,당곡고등학교,2,중식,20230504,795.00,로제스파게티  (1.2.5.6.12.13.)<br/>브로컬리크림스프  (2.5.6.13.)<br/>초코맛아이스크림  (2.5.6.)<br/>고구마피자  (1.2.5.6.10.12.13.15.16.)<br/>오이피클  (13.)<br/>양상추샐러드(발사믹D)  (5.6.12.13.),쌀 : 국내산<br/>김치류 : 국내산<br/>고춧가루(김치류) : 국내산<br/>돼지고기 : 국내산<br/>돼지고기 식육가공품 : 국내산,1185.4 Kcal,탄수화물(g) : 154.4<br/>단백질(g) : 31.3<br/>지방(g) : 50.1<br/>비타민A(R.E) : 386.1<br/>티아민(mg) : 0.6<br/>리보플라빈(mg) : 0.6<br/>비타민C(mg) : 13.1<br/>칼슘(mg) : 353.8<br/>철분(mg) : 4.3,20230511
B10,서울특별시교육청,7010073,당곡고등학교,2,중식,20230508,795.00,추가밥  <br/>잔치국수  (1.5.6.13.)<br/>시금치나물  <br/>버섯소불고기(중)  (5.6.13.16.)<br/>오징어김치전(완)  (1.2.5.6.17.)<br/>배추겉절이(완)  (9.13.18.)<br/>바나나  ,쌀 : 국내산<br/>김치류 : 국내산<br/>고춧가루(김치류) : 국내산<br/>쇠고기(종류) : 국내산(육우)<br/>오징어 : 국내산,795.2 Kcal,탄수화물(g) : 120.3<br/>단백질(g) : 46.3<br/>지방(g) : 14.5<br/>비타민A(R.E) : 444.5<br/>티아민(mg) : 0.4<br/>리보플라빈(mg) : 1.0<br/>비타민C(mg) : 27.8<br/>칼슘(mg) : 256.9<br/>철분(mg) : 6.1,20230515
B10,서울특별시교육청,7010073,당곡고등학교,2,중식,20230509,795.00,칼슘강화기장밥  <br/>조랭이떡국/김가루  (1.5.6.13.)<br/>명엽채볶음  (5.6.13.)<br/>온두부&김치볶음  (5.9.13.)<br/>고등어양념구이  (5.6.7.13.)<br/>깍두기  (9.13.)<br/>플레인요거트  (2.),쌀 : 국내산<br/>김치류 : 국내산<br/>고춧가루(김치류) : 국내산<br/>고등어 : 국내산<br/>두부 : 수입<br/>비고 : 명엽채 : 러시아,748.0 Kcal,탄수화물(g) : 112.0<br/>단백질(g) : 40.9<br/>지방(g) : 16.7<br/>비타민A(R.E) : 295.2<br/>티아민(mg) : 0.5<br/>리보플라빈(mg) : 0.9<br/>비타민C(mg) : 11.6<br/>칼슘(mg) : 317.8<br/>철분(mg) : 4.7,20230516
B10,서울특별시교육청,7010073,당곡고등학교,2,중식,20230510,795.00,친환경보리밥  <br/>돈육감자탕  (5.6.10.13.16.)<br/>매콤콩나물무침  (5.)<br/>돼지불백  (5.6.10.12.13.)<br/>석박지  (9.13.)<br/>후렌치파이  (1.2.5.6.)<br/>마카로니콘샐러드  (1.5.6.13.),쌀 : 국내산<br/>김치류 : 국내산<br/>고춧가루(김치류) : 국내산<br/>돼지고기 : 국내산,866.6 Kcal,탄수화물(g) : 108.8<br/>단백질(g) : 59.1<br/>지방(g) : 25.2<br/>비타민A(R.E) : 333.9<br/>티아민(mg) : 1.3<br/>리보플라빈(mg) : 1.3<br/>비타민C(mg) : 14.2<br/>칼슘(mg) : 214.7<br/>철분(mg) : 5.6,20230517
B10,서울특별시교육청,7010073,당곡고등학교,2,중식,20230511,795.00,친환경흑미밥  <br/>맑은순두부국  (5.13.)<br/>미역줄기볶음  (5.)<br/>닭볶음탕  (5.6.13.15.)<br/>소떡소떡  (1.5.6.10.12.13.15.16.)<br/>배추김치  (9.13.)<br/>청포도*  ,쌀 : 국내산<br/>김치류 : 국내산<br/>고춧가루(김치류) : 국내산<br/>닭고기 : 국내산<br/>돼지고기 식육가공품 : 국내산<br/>두부 : 수입,935.1 Kcal,탄수화물(g) : 130.4<br/>단백질(g) : 44.6<br/>지방(g) : 28.6<br/>비타민A(R.E) : 206.5<br/>티아민(mg) : 0.5<br/>리보플라빈(mg) : 0.4<br/>비타민C(mg) : 8.7<br/>칼슘(mg) : 221.7<br/>철분(mg) : 3.9,20230518
B10,서울특별시교육청,7010073,당곡고등학교,2,중식,20230512,795.00,나물비빔밥&약고추장(-콩)  (5.6.10.13.16.)<br/>전주식콩나물국  (1.9.13.17.)<br/>도토리묵&양념장  (5.6.13.)<br/>떡갈비&파채무침  (1.2.5.6.10.12.13.15.16.)<br/>배추김치  (9.13.)<br/>전주초코파이  (1.2.5.6.14.),쌀 : 국내산<br/>김치류 : 국내산<br/>고춧가루(김치류) : 국내산<br/>쇠고기(종류) : 국내산(육우)<br/>쇠고기 식육가공품 : 국내산<br/>돼지고기 식육가공품 : 국내산<br/>오징어 : 국내산<br/>비고 : 도토리묵 : 수입,764.2 Kcal,탄수화물(g) : 115.4<br/>단백질(g) : 26.2<br/>지방(g) : 23.0<br/>비타민A(R.E) : 242.1<br/>티아민(mg) : 0.5<br/>리보플라빈(mg) : 0.5<br/>비타민C(mg) : 13.7<br/>칼슘(mg) : 256.9<br/>철분(mg) : 6.1,20230519
B10,서울특별시교육청,7010073,당곡고등학교,2,중식,20230515,795.00,칼슘강화기장밥  <br/>곰탕  (1.5.16.)<br/>돼지갈비찜  (5.6.10.13.)<br/>오이생채  (13.)<br/>탕평채s  (1.5.6.13.)<br/>배추김치  (9.13.)<br/>꽃케이크  (1.2.5.6.16.),쌀 : 국내산<br/>김치류 : 국내산<br/>고춧가루(김치류) : 국내산<br/>쇠고기(종류) : 국내산(육우)<br/>돼지고기 : 국내산<br/>비고 : 묵 : 수입,771.2 Kcal,탄수화물(g) : 111.0<br/>단백질(g) : 43.5<br/>지방(g) : 17.1<br/>비타민A(R.E) : 183.3<br/>티아민(mg) : 0.6<br/>리보플라빈(mg) : 0.8<br/>비타민C(mg) : 13.1<br/>칼슘(mg) : 202.4<br/>철분(mg) : 4.9,20230522
B10,서울특별시교육청,7010073,당곡고등학교,2,중식,20230516,795.00,칼슘강화기장밥  <br/>몽글달걀탕  (1.13.)<br/>무말랭이무침(자율)  (13.)<br/>치즈핫도그&케찹  (1.2.5.6.10.12.15.18.)<br/>닭고기구이  (2.5.6.12.13.15.)<br/>배추김치  (9.13.)<br/>깻잎쌈무  ,쌀 : 국내산<br/>김치류 : 국내산<br/>고춧가루(김치류) : 국내산<br/>닭고기 : 국내산<br/>돼지고기 식육가공품 : 국내산<br/>닭고기 식육가공품 : 국내산,921.1 Kcal,탄수화물(g) : 82.1<br/>단백질(g) : 47.0<br/>지방(g) : 45.3<br/>비타민A(R.E) : 274.4<br/>티아민(mg) : 0.5<br/>리보플라빈(mg) : 0.7<br/>비타민C(mg) : 11.7<br/>칼슘(mg) : 199.5<br/>철분(mg) : 8.0,20230523
B10,서울특별시교육청,7010073,당곡고등학교,2,중식,20230517,795.00,친환경현미밥  <br/>얼갈이된장국  (5.6.13.)<br/>돈사태김치찜  (5.6.9.10.13.)<br/>마늘쫑무침  (5.6.13.)<br/>치즈감자채전  (2.5.13.)<br/>총각김치  (9.13.)<br/>오렌지  ,쌀 : 국내산<br/>김치류 : 국내산<br/>고춧가루(김치류) : 국내산<br/>돼지고기 : 국내산,831.7 Kcal,탄수화물(g) : 98.8<br/>단백질(g) : 37.4<br/>지방(g) : 35.7<br/>비타민A(R.E) : 265.2<br/>티아민(mg) : 0.9<br/>리보플라빈(mg) : 0.6<br/>비타민C(mg) : 45.3<br/>칼슘(mg) : 311.2<br/>철분(mg) : 3.4,20230524
B10,서울특별시교육청,7010073,당곡고등학교,2,중식,20230518,795.00,칼슘강화기장밥  <br/>햄찌개  (2.5.6.9.10.13.)<br/>비름나물초무침  (5.6.13.)<br/>메추리알카레조림  (1.2.5.6.13.15.)<br/>유린가자미  (3.5.6.13.15.)<br/>배추김치  (9.13.)<br/>뿌링클꽈배기  (1.2.5.6.13.),쌀 : 국내산<br/>김치류 : 국내산<br/>고춧가루(김치류) : 국내산<br/>쇠고기 식육가공품 : 국내산<br/>비고 : 가자미 : 미국,761.4 Kcal,탄수화물(g) : 99.2<br/>단백질(g) : 44.1<br/>지방(g) : 22.3<br/>비타민A(R.E) : 270.0<br/>티아민(mg) : 0.8<br/>리보플라빈(mg) : 0.8<br/>비타민C(mg) : 18.5<br/>칼슘(mg) : 256.5<br/>철분(mg) : 11.4,20230525
B10,서울특별시교육청,7010073,당곡고등학교,2,중식,20230519,795.00,추가밥  <br/>마라탕  (1.2.5.6.12.13.16.18.)<br/>고추잡채/꽃빵  (5.6.10.13.)<br/>짜사이무침  (5.6.13.)<br/>깐쇼새우  (1.5.6.9.12.13.)<br/>배추김치  (9.13.)<br/>아이스망고  ,쌀 : 국내산<br/>김치류 : 국내산<br/>고춧가루(김치류) : 국내산<br/>쇠고기(종류) : 국내산(육우)<br/>돼지고기 : 국내산<br/>비고 : 새우 : 베트남/ 어묵: 수입,754.8 Kcal,탄수화물(g) : 141.2<br/>단백질(g) : 30.5<br/>지방(g) : 5.5<br/>비타민A(R.E) : 951.0<br/>티아민(mg) : 0.4<br/>리보플라빈(mg) : 0.5<br/>비타민C(mg) : 30.5<br/>칼슘(mg) : 185.4<br/>철분(mg) : 4.3,20230526
B10,서울특별시교육청,7010073,당곡고등학교,2,중식,20230522,795.00,칼슘강화기장밥  <br/>닭다리닭곰탕  (5.8.13.15.)<br/>두부조림  (5.6.13.)<br/>납작만두&야채무침  (5.6.)<br/>석박지  (9.13.)<br/>바나나  <br/>깍둑오이쌈장무침  (5.6.13.),쌀 : 국내산<br/>김치류 : 국내산<br/>고춧가루(김치류) : 국내산<br/>닭고기 : 국내산,780.3 Kcal,탄수화물(g) : 117.5<br/>단백질(g) : 39.8<br/>지방(g) : 20.1<br/>비타민A(R.E) : 209.8<br/>티아민(mg) : 0.5<br/>리보플라빈(mg) : 0.8<br/>비타민C(mg) : 15.3<br/>칼슘(mg) : 178.1<br/>철분(mg) : 5.0,20230526
B10,서울특별시교육청,7010073,당곡고등학교,2,중식,20230523,795.00,쭈꾸미야채비빔밥  (5.6.13.)<br/>가쓰오브시국  (5.6.9.13.)<br/>맛살냉채  (1.5.6.13.)<br/>타코야끼  (1.5.6.9.12.13.)<br/>배추김치  (9.13.)<br/>체리주스  ,쌀 : 국내산<br/>김치류 : 국내산<br/>고춧가루(김치류) : 국내산<br/>주꾸미 : 중국산<br/>비고 : 맛살 : 수입,844.8 Kcal,탄수화물(g) : 131.1<br/>단백질(g) : 30.7<br/>지방(g) : 24.2<br/>비타민A(R.E) : 231.6<br/>티아민(mg) : 0.6<br/>리보플라빈(mg) : 0.5<br/>비타민C(mg) : 9.3<br/>칼슘(mg) : 256.5<br/>철분(mg) : 5.7,20230530
B10,서울특별시교육청,7010073,당곡고등학교,2,중식,20230524,795.00,추가밥  <br/>들기름메밀국수  (3.5.6.13.)<br/>김치국  (9.13.)<br/>보쌈  (5.6.10.)<br/>무말랭이무침(자율)  (13.)<br/>보쌈김치  (9.13.)<br/>조각파인애플  ,쌀 : 국내산<br/>김치류 : 국내산<br/>고춧가루(김치류) : 국내산<br/>돼지고기 : 국내산,804.7 Kcal,탄수화물(g) : 99.3<br/>단백질(g) : 55.3<br/>지방(g) : 24.3<br/>비타민A(R.E) : 177.5<br/>티아민(mg) : 1.1<br/>리보플라빈(mg) : 0.6<br/>비타민C(mg) : 31.7<br/>칼슘(mg) : 240.2<br/>철분(mg) : 9.6,20230531
B10,서울특별시교육청,7010073,당곡고등학교,2,중식,20230525,795.00,칼슘강화기장밥  <br/>차돌박이된장찌개  (5.6.13.)<br/>양배추쌈/쌈장  (5.6.13.)<br/>달걀찜  (1.)<br/>돈육고추장불고기  (5.6.10.13.)<br/>총각김치  (9.13.)<br/>키위  ,쌀 : 국내산<br/>김치류 : 국내산<br/>고춧가루(김치류) : 국내산<br/>쇠고기(종류) : 국내산(육우)<br/>돼지고기 : 국내산,727.7 Kcal,탄수화물(g) : 101.8<br/>단백질(g) : 53.3<br/>지방(g) : 15.9<br/>비타민A(R.E) : 344.9<br/>티아민(mg) : 1.0<br/>리보플라빈(mg) : 1.1<br/>비타민C(mg) : 49.4<br/>칼슘(mg) : 258.4<br/>철분(mg) : 10.8,20230601
B10,서울특별시교육청,7010073,당곡고등학교,2,중식,20230526,795.00,김밥맛볶음밥  (1.2.5.6.9.10.13.)<br/>미소국  (5.6.13.)<br/>떡볶이(메추리알/어묵)  (1.2.5.6.13.)<br/>뿌리채소고구마맛탕  (5.6.13.)<br/>배추김치  (9.13.)<br/>초코쿠키  (2.5.6.),쌀 : 국내산<br/>김치류 : 국내산<br/>고춧가루(김치류) : 국내산<br/>돼지고기 식육가공품 : 국내산<br/>비고 : 두부 : 수입/ 어묵 : 수입,954.8 Kcal,탄수화물(g) : 177.5<br/>단백질(g) : 31.5<br/>지방(g) : 20.6<br/>비타민A(R.E) : 404.8<br/>티아민(mg) : 0.5<br/>리보플라빈(mg) : 0.6<br/>비타민C(mg) : 18.6<br/>칼슘(mg) : 308.5<br/>철분(mg) : 9.4,20230602
B10,서울특별시교육청,7010073,당곡고등학교,2,중식,20230530,795.00,친환경현미밥  <br/>육개장  (1.16.)<br/>순대부추찜  (5.6.10.13.16.)<br/>청경채겉절이s  (13.)<br/>코다리강정  (1.5.6.12.13.)<br/>깍두기  (9.13.)<br/>소다맛아이스크림  (2.),쌀 : 국내산<br/>김치류 : 국내산<br/>고춧가루(김치류) : 국내산<br/>쇠고기(종류) : 국내산(육우)<br/>쇠고기 식육가공품 : 국내산<br/>명태 수산가공품 : 러시아,831.5 Kcal,탄수화물(g) : 118.5<br/>단백질(g) : 34.1<br/>지방(g) : 25.1<br/>비타민A(R.E) : 337.1<br/>티아민(mg) : 0.4<br/>리보플라빈(mg) : 0.8<br/>비타민C(mg) : 14.2<br/>칼슘(mg) : 474.5<br/>철분(mg) : 7.6,20230606
B10,서울특별시교육청,7010073,당곡고등학교,2,중식,20230531,795.00,칼슘강화기장밥  <br/>참치김치찌개  (5.6.7.9.13.18.)<br/>연근조림  (5.6.13.)<br/>찜닭(납작당면)_정육  (5.6.13.15.)<br/>오징어초무침(무x)s  (5.6.13.17.)<br/>떡꼬치&매콤소스s  (5.6.12.13.)<br/>총각김치  (9.13.),쌀 : 국내산<br/>김치류 : 국내산<br/>고춧가루(김치류) : 국내산<br/>닭고기 : 국내산<br/>오징어 : 국내산<br/>비고 : 참치 : 원양산,802.2 Kcal,탄수화물(g) : 131.6<br/>단백질(g) : 55.1<br/>지방(g) : 8.3<br/>비타민A(R.E) : 220.7<br/>티아민(mg) : 0.5<br/>리보플라빈(mg) : 0.9<br/>비타민C(mg) : 19.5<br/>칼슘(mg) : 229.5<br/>철분(mg) : 8.4,20230607
B10,서울특별시교육청,7010073,당곡고등학교,2,중식,20230601,240.00,불고기버거  (1.2.5.6.10.12.13.15.16.18.)<br/>영양닭죽  (13.15.)<br/>칠리치즈프라이  (1.2.5.6.10.12.13.16.)<br/>배추김치  (9.13.)<br/>오렌지  ,쌀 : 국내산<br/>김치류 : 국내산<br/>고춧가루(김치류) : 국내산<br/>닭고기 : 국내산<br/>쇠고기 식육가공품 : 호주산,1062.5 Kcal,탄수화물(g) : 103.8<br/>단백질(g) : 48.4<br/>지방(g) : 54.1<br/>비타민A(R.E) : 191.4<br/>티아민(mg) : 0.9<br/>리보플라빈(mg) : 0.4<br/>비타민C(mg) : 67.6<br/>칼슘(mg) : 320.9<br/>철분(mg) : 5.6,20230608
B10,서울특별시교육청,7010073,당곡고등학교,2,중식,20230602,775.00,단호박카레라이스  (2.5.6.10.13.)<br/>파송송달걀국  (1.13.)<br/>바베큐폭립  (5.6.10.12.13.)<br/>청경채&두반장소스  (5.6.12.13.18.)<br/>배추김치  (9.13.)<br/>치즈케이크  (1.6.),쌀 : 국내산<br/>김치류 : 국내산<br/>고춧가루(김치류) : 국내산<br/>돼지고기 : 국내산,755.8 Kcal,탄수화물(g) : 114.9<br/>단백질(g) : 32.7<br/>지방(g) : 21.9<br/>비타민A(R.E) : 531.5<br/>티아민(mg) : 0.5<br/>리보플라빈(mg) : 0.5<br/>비타민C(mg) : 32.0<br/>칼슘(mg) : 262.8<br/>철분(mg) : 4.5,20230609
B10,서울특별시교육청,7010073,당곡고등학교,2,중식,20230607,775.00,추가밥  <br/>비빔국수  (2.5.6.9.13.16.18.)<br/>쑥갓어묵국  (1.5.6.13.18.)<br/>교자만두찜&양념장  (1.5.6.10.13.16.18.)<br/>총각김치  (9.13.)<br/>자두맛음료  (2.5.)<br/>감자샐러드빵+  (1.2.5.6.13.),쌀 : 국내산<br/>김치류 : 국내산<br/>고춧가루(김치류) : 국내산<br/>돼지고기 식육가공품 : 국내산<br/>비고 : 어묵(연육) : 수입,823.7 Kcal,탄수화물(g) : 123.3<br/>단백질(g) : 28.7<br/>지방(g) : 20.4<br/>비타민A(R.E) : 227.5<br/>티아민(mg) : 0.7<br/>리보플라빈(mg) : 0.8<br/>비타민C(mg) : 30.1<br/>칼슘(mg) : 243.4<br/>철분(mg) : 8.5,20230614
B10,서울특별시교육청,7010073,당곡고등학교,2,중식,20230608,775.00,친환경현미밥  <br/>오징어무국  (13.17.)<br/>비름나물무침  <br/>진미채고추장볶음  (5.6.13.17.)<br/>대패숙주볶음  (5.6.10.13.18.)<br/>배추김치  (9.13.)<br/>수박스무디  (13.),쌀 : 국내산<br/>김치류 : 국내산<br/>고춧가루(김치류) : 국내산<br/>돼지고기 : 국내산<br/>오징어 : 국내산<br/>비고 : 진미채 : 페루,838.6 Kcal,탄수화물(g) : 101.2<br/>단백질(g) : 54.5<br/>지방(g) : 27.2<br/>비타민A(R.E) : 402.0<br/>티아민(mg) : 1.0<br/>리보플라빈(mg) : 0.8<br/>비타민C(mg) : 13.5<br/>칼슘(mg) : 191.2<br/>철분(mg) : 4.1,20230615
B10,서울특별시교육청,7010073,당곡고등학교,2,중식,20230609,775.00,칼슘강화기장밥  <br/>해물짬뽕  (1.5.6.9.13.17.18.)<br/>반달단무지  <br/>돈육자장볶음  (2.5.6.10.13.)<br/>가지볶음+  (5.6.13.)<br/>배추김치  (9.13.)<br/>조각파인애플  ,쌀 : 국내산<br/>김치류 : 국내산<br/>고춧가루(김치류) : 국내산<br/>돼지고기 : 국내산<br/>오징어 : 국내산<br/>비고 : 건 홍합살  : 국내산,777.0 Kcal,탄수화물(g) : 130.3<br/>단백질(g) : 44.6<br/>지방(g) : 11.0<br/>비타민A(R.E) : 212.8<br/>티아민(mg) : 0.6<br/>리보플라빈(mg) : 1.2<br/>비타민C(mg) : 41.6<br/>칼슘(mg) : 258.4<br/>철분(mg) : 4.6,20230615
B10,서울특별시교육청,7010073,당곡고등학교,2,중식,20230612,795.00,친환경보리밥 <br/>쇠고기미역국 (5.6.13.16)<br/>어묵잡채+ (1.5.6.8.13.16)<br/>깻잎순나물+ <br/>오리불고기 (5.6.13)<br/>배추김치 (9.13)<br/>딸기케이크 (1.2.5.6),쇠고기(종류) : 국내산(육우)<br/>오리고기 : 국내산<br/>쌀 : 국내산<br/>배추 : 국내산<br/>고춧가루 : 국내산<br/>비고 : 어묵(연육) : 수입,783.3 Kcal,탄수화물(g) : 111.6<br/>단백질(g) : 30.9<br/>지방(g) : 23.5<br/>비타민A(R.E) : 478.8<br/>티아민(mg) : 0.6<br/>리보플라빈(mg) : 0.5<br/>비타민C(mg) : 11.7<br/>칼슘(mg) : 1033.2<br/>철분(mg) : 5.1,20230725
B10,서울특별시교육청,7010073,당곡고등학교,2,중식,20230613,775.00,칼슘강화기장밥 <br/>파개장+ (1)<br/>두부조림 (5.6.13)<br/>골뱅이소면무침 (5.6.13.17)<br/>유린가자미 (3.5.6.13.15)<br/>배추김치 (9.13)<br/>오렌지 ,"쌀 : 국내산<br/>배추 : 국내산<br/>고춧가루 : 국내산<br/>콩 가공품 : 수입<br/>비고 : 가자미 : 미국, 진미채 : 페루",781.2 Kcal,탄수화물(g) : 129.1<br/>단백질(g) : 46.1<br/>지방(g) : 10.1<br/>비타민A(R.E) : 303.1<br/>티아민(mg) : 0.5<br/>리보플라빈(mg) : 0.7<br/>비타민C(mg) : 50.8<br/>칼슘(mg) : 1299.4<br/>철분(mg) : 4.8,20230725
B10,서울특별시교육청,7010073,당곡고등학교,2,중식,20230614,775.00,친환경현미밥 <br/>참치김치찌개 (5.6.7.9.13.18)<br/>시금치나물 <br/>콩나물불고기 (5.6.10.13)<br/>야채달걀말이 (1.5)<br/>한입핫도그+ (2.5.6.10.13.16)<br/>깍두기 (9.13),돼지고기 : 국내산<br/>돼지고기 식육가공품 : 국내산<br/>닭고기 식육가공품 : 국내산<br/>쌀 : 국내산<br/>배추 : 국내산<br/>고춧가루 : 국내산<br/>콩 가공품 : 수입<br/>비고 : 참치 : 원양산,859.0 Kcal,탄수화물(g) : 124.3<br/>단백질(g) : 58.0<br/>지방(g) : 18.9<br/>비타민A(R.E) : 705.0<br/>티아민(mg) : 1.1<br/>리보플라빈(mg) : 1.6<br/>비타민C(mg) : 18.4<br/>칼슘(mg) : 1247.9<br/>철분(mg) : 11.2,20230725
B10,서울특별시교육청,7010073,당곡고등학교,2,중식,20230615,775.00,하이라이스 (1.2.5.6.10.12.13)<br/>미소국 (5.6.13)<br/>불닭팽이버섯 (5.6.13)<br/>칠리지파이+ (1.2.5.6.9.10.12.13.15.16.17)<br/>배추김치 (9.13)<br/>망고주스+ <br/>연근양상추샐러드(흑임자D) (1.5.6.12.13),돼지고기 : 국내산<br/>닭고기 식육가공품 : 국내산<br/>쌀 : 국내산<br/>배추 : 국내산<br/>고춧가루 : 국내산<br/>콩 가공품 : 수입,833.9 Kcal,탄수화물(g) : 128.8<br/>단백질(g) : 35.4<br/>지방(g) : 22.5<br/>비타민A(R.E) : 260.1<br/>티아민(mg) : 0.6<br/>리보플라빈(mg) : 0.6<br/>비타민C(mg) : 27.1<br/>칼슘(mg) : 1292.5<br/>철분(mg) : 15.1,20230725
B10,서울특별시교육청,7010073,당곡고등학교,2,중식,20230616,775.00,추가밥 <br/>크림스프 (2.5.6.13)<br/>쫄면야채무침 (5.6.13)<br/>왕돈까스&소스 (1.2.5.6.10.12.13)<br/>깍두기 (9.13)<br/>스틱마늘빵+ (1.5.6)<br/>달콤한토마토 (12.13),돼지고기 식육가공품 : 국내산<br/>쌀 : 국내산<br/>배추 : 국내산<br/>고춧가루 : 국내산,789.2 Kcal,탄수화물(g) : 113.0<br/>단백질(g) : 22.5<br/>지방(g) : 27.0<br/>비타민A(R.E) : 107.4<br/>티아민(mg) : 0.3<br/>리보플라빈(mg) : 0.3<br/>비타민C(mg) : 11.4<br/>칼슘(mg) : 672.3<br/>철분(mg) : 2.6,20230725
B10,서울특별시교육청,7010073,당곡고등학교,2,중식,20230619,795.00,후리가케주먹밥 (1.5.9.13)<br/>고명장국 (1.5.6.9.13)<br/>꼬들단무지무침 <br/>우볶이 (1.2.5.6.13)<br/>어묵튀김 (1.5.6)<br/>김말이 (1.5.6)<br/>후레쉬업(레몬&라임) <br/>양배추샐러드&사우전D (1.2.5.6.13),쌀 : 국내산<br/>배추 : 국내산<br/>고춧가루 : 국내산<br/>비고 : 어묵(연육) : 수입,819.1 Kcal,탄수화물(g) : 141.7<br/>단백질(g) : 16.0<br/>지방(g) : 21.5<br/>비타민A(R.E) : 220.8<br/>티아민(mg) : 0.3<br/>리보플라빈(mg) : 0.4<br/>비타민C(mg) : 13.8<br/>칼슘(mg) : 487.1<br/>철분(mg) : 7.8,20230725
B10,서울특별시교육청,7010073,당곡고등학교,2,중식,20230620,775.00,칼슘강화기장밥 <br/>맑은콩나물국 (5.13)<br/>꽈리고추메추리알조림 (1.5.6.13)<br/>양배추쌈/쌈장 (5.6.13)<br/>마늘보쌈 (5.6.10.12.13)<br/>보쌈김치 (9.13)<br/>조각파인애플 ,돼지고기 : 국내산<br/>쌀 : 국내산<br/>배추 : 국내산<br/>고춧가루 : 국내산,836.7 Kcal,탄수화물(g) : 102.3<br/>단백질(g) : 60.6<br/>지방(g) : 21.9<br/>비타민A(R.E) : 144.2<br/>티아민(mg) : 1.3<br/>리보플라빈(mg) : 1.2<br/>비타민C(mg) : 47.7<br/>칼슘(mg) : 1520.9<br/>철분(mg) : 5.6,20230725
B10,서울특별시교육청,7010073,당곡고등학교,2,중식,20230621,738.00,칼슘강화기장밥 <br/>쇠고기무국 <br/>주꾸미돈육볶음s <br/>칠리만두강정 <br/>배추김치 <br/>깻잎쌈무 <br/>딸기도넛+ ,쇠고기(종류) : 국내산(육우)<br/>쇠고기 식육가공품 : 국내산<br/>돼지고기 : 국내산<br/>돼지고기 식육가공품 : 국내산<br/>닭고기 : 국내산<br/>닭고기 식육가공품 : 국내산<br/>오리고기 : 국내산<br/>오리고기 가공품 : 국내산<br/>쌀 : 국내산<br/>배추 : 국내산<br/>고춧가루 : 국내산<br/>콩 : <br/>낙지 : <br/>고등어 : <br/>갈치 : <br/>오징어 : <br/>꽃게 : <br/>참조기 : <br/>주꾸미 : 베트남<br/>비고 : ,1118.1 Kcal,탄수화물(g) : 168.5<br/>단백질(g) : 46.6<br/>지방(g) : 26.9<br/>비타민A(R.E) : 281.5<br/>티아민(mg) : 1.1<br/>리보플라빈(mg) : 0.6<br/>비타민C(mg) : 14.2<br/>칼슘(mg) : 1225.6<br/>철분(mg) : 4.2,20230725
B10,서울특별시교육청,7010073,당곡고등학교,2,중식,20230622,775.00,칼슘강화기장밥 <br/>마라햄찌개 <br/>시금치나물 <br/>김치메밀전병 <br/>(동물복지)한입돈가스&파채 <br/>총각김치 <br/>바람떡 ,돼지고기 : 국내산<br/>돼지고기 식육가공품 : 국내산<br/>쌀 : 국내산<br/>배추 : 국내산<br/>고춧가루 : 국내산<br/>콩 가공품 : 수입,1738.4 Kcal,탄수화물(g) : 221.1<br/>단백질(g) : 74.8<br/>지방(g) : 54.0<br/>비타민A(R.E) : 255.4<br/>티아민(mg) : 0.9<br/>리보플라빈(mg) : 4.9<br/>비타민C(mg) : 29.5<br/>칼슘(mg) : 2845.9<br/>철분(mg) : 16.0,20230725
B10,서울특별시교육청,7010073,당곡고등학교,2,중식,20230623,775.00,치킨마요덮밥+ (1.2.5.6.13.15.18)<br/>유부된장국 (5.6.13)<br/>도토리묵무침 (5.6.13)<br/>소떡소떡 (1.5.6.10.12.13.15.16)<br/>배추김치 (9.13)<br/>방울치즈토마토카프레제+ (2.5.6.12.13),닭고기 식육가공품 : 국내산<br/>오리고기 가공품 : 국내산<br/>쌀 : 국내산<br/>배추 : 국내산<br/>고춧가루 : 국내산<br/>비고 : 도토리묵 : 중국,1323.4 Kcal,탄수화물(g) : 208.5<br/>단백질(g) : 46.7<br/>지방(g) : 36.3<br/>비타민A(R.E) : 1066.3<br/>티아민(mg) : 1.8<br/>리보플라빈(mg) : 1.6<br/>비타민C(mg) : 9.2<br/>칼슘(mg) : 1957.9<br/>철분(mg) : 7.8,20230725
B10,서울특별시교육청,7010073,당곡고등학교,2,중식,20230626,738.00,칼슘강화기장밥 <br/>소고기버섯매운탕 <br/>브로콜리무침 <br/>닭카레볶음s <br/>츄러스맛탕 <br/>배추김치 <br/>골드키위 ,쇠고기(종류) : 국내산(한우)<br/>쇠고기 식육가공품 : 국내산<br/>돼지고기 : 국내산<br/>돼지고기 식육가공품 : 국내산<br/>닭고기 : 국내산<br/>닭고기 식육가공품 : 국내산<br/>오리고기 : 국내산<br/>오리고기 가공품 : 국내산<br/>쌀 : 국내산<br/>배추 : 국내산<br/>고춧가루 : 국내산<br/>콩 : 국내산<br/>낙지 : 국내산<br/>고등어 : 국내산<br/>갈치 : 국내산<br/>오징어 : 국내산<br/>꽃게 : 국내산<br/>참조기 : 국내산<br/>비고 : ,1111.8 Kcal,탄수화물(g) : 153.3<br/>단백질(g) : 47.6<br/>지방(g) : 33.2<br/>비타민A(R.E) : 155.4<br/>티아민(mg) : 0.8<br/>리보플라빈(mg) : 0.6<br/>비타민C(mg) : 66.5<br/>칼슘(mg) : 1553.4<br/>철분(mg) : 5.9,20230725
B10,서울특별시교육청,7010073,당곡고등학교,2,중식,20230627,775.00,칼슘강화기장밥 <br/>카스테라 꽈배기 (1.2.5.6.13)<br/>맑은순두부국 (5.13)<br/>야채달걀찜 (1.9.13)<br/>코다리무조림 (5.6.13)<br/>실곤약야채무침 (5.6.13)<br/>배추김치 (9.13),쌀 : 국내산<br/>배추 : 국내산<br/>고춧가루 : 국내산<br/>콩 가공품 : 수입<br/>명태 : 러시아,807.3 Kcal,탄수화물(g) : 115.9<br/>단백질(g) : 41.9<br/>지방(g) : 20.3<br/>비타민A(R.E) : 202.8<br/>티아민(mg) : 0.6<br/>리보플라빈(mg) : 0.6<br/>비타민C(mg) : 13.3<br/>칼슘(mg) : 963.4<br/>철분(mg) : 9.2,20230725
B10,서울특별시교육청,7010073,당곡고등학교,2,중식,20230628,775.00,칼슘강화기장밥 <br/>콩나물김치국 (5.9.13)<br/>소시지야채볶음 (2.5.6.10.12.13)<br/>닭갈비+ (2.5.6.12.13.15.16.18)<br/>도시락김 (13)<br/>열무김치 (9.13)<br/>액상요구르트(200ml) (2),돼지고기 식육가공품 : 국내산<br/>닭고기 : 국내산<br/>쌀 : 국내산<br/>배추 : 국내산<br/>고춧가루 : 국내산,812.9 Kcal,탄수화물(g) : 104.1<br/>단백질(g) : 48.4<br/>지방(g) : 26.7<br/>비타민A(R.E) : 461.4<br/>티아민(mg) : 0.6<br/>리보플라빈(mg) : 0.5<br/>비타민C(mg) : 34.8<br/>칼슘(mg) : 1294.7<br/>철분(mg) : 3.6,20230725
B10,서울특별시교육청,7010073,당곡고등학교,2,중식,20230629,775.00,새우야채볶음밥 (2.5.6.9.10.13)<br/>미니쌀국수 (2.5.6.10.13.15.16.18)<br/>공심채볶음 (5.6.13.18)<br/>스프링롤&칠리s (1.5.6.12.13)<br/>배추김치 (9.13)<br/>아이스망고 ,쇠고기(종류) : 국내산(육우)<br/>쌀 : 국내산<br/>배추 : 국내산<br/>고춧가루 : 국내산<br/>비고 : 새우 : 베트남,786.5 Kcal,탄수화물(g) : 131.1<br/>단백질(g) : 26.9<br/>지방(g) : 9.2<br/>비타민A(R.E) : 297.8<br/>티아민(mg) : 0.6<br/>리보플라빈(mg) : 0.4<br/>비타민C(mg) : 24.5<br/>칼슘(mg) : 1494.7<br/>철분(mg) : 5.7,20230725
B10,서울특별시교육청,7010073,당곡고등학교,2,중식,20230630,775.00,얼갈이된장국 (5.6.13)<br/>오이부추무침 (13)<br/>제육덮밥 (5.6.9.10.13)<br/>햄감자볶음+ (1.2.5.6.10.13.15.16)<br/>배추김치 (9.13)<br/>딸기우유빙수 (2.5.11.13),돼지고기 : 국내산<br/>돼지고기 식육가공품 : 국내산<br/>쌀 : 국내산<br/>배추 : 국내산<br/>고춧가루 : 국내산,810.1 Kcal,탄수화물(g) : 141.8<br/>단백질(g) : 45.9<br/>지방(g) : 9.7<br/>비타민A(R.E) : 427.9<br/>티아민(mg) : 1.2<br/>리보플라빈(mg) : 1.0<br/>비타민C(mg) : 31.7<br/>칼슘(mg) : 1590.1<br/>철분(mg) : 5.5,20230725
B10,서울특별시교육청,7010073,당곡고등학교,2,중식,20230710,795.00,칼슘강화기장밥 <br/>북어미역국 (5.6.13)<br/>매운갈비떡찜 (5.6.10.13)<br/>버섯잡채 (5.6.8.13)<br/>부추전 (5.6)<br/>배추김치 (9.13)<br/>아이스슈 (1.2.5.6),돼지고기 : 국내산<br/>쌀 : 국내산<br/>배추 : 국내산<br/>고춧가루 : 국내산<br/>비고 : 북어채 : 수입,791.8 Kcal,탄수화물(g) : 114.6<br/>단백질(g) : 31.4<br/>지방(g) : 16.5<br/>비타민A(R.E) : 218.2<br/>티아민(mg) : 0.6<br/>리보플라빈(mg) : 0.9<br/>비타민C(mg) : 11.2<br/>칼슘(mg) : 1066.8<br/>철분(mg) : 3.0,20230914
B10,서울특별시교육청,7010073,당곡고등학교,2,중식,20230711,775.00,햄김치볶음밥 (2.6.9.10.13)<br/>미소국 (5.6.13)<br/>반마리치킨 (2.5.6.12.15.16.18)<br/>이온음료 <br/>양배추샐러드&사우전D (1.2.5.6.13)<br/>치킨무 ,돼지고기 식육가공품 : 국내산<br/>닭고기 : 국내산<br/>쌀 : 국내산<br/>배추 : 국내산<br/>고춧가루 : 국내산<br/>콩 가공품 : 두부 : 수입,864.1 Kcal,탄수화물(g) : 56.4<br/>단백질(g) : 56.4<br/>지방(g) : 48.1<br/>비타민A(R.E) : 166.1<br/>티아민(mg) : 0.5<br/>리보플라빈(mg) : 0.4<br/>비타민C(mg) : 11.1<br/>칼슘(mg) : 1071.4<br/>철분(mg) : 29.1,20230914
B10,서울특별시교육청,7010073,당곡고등학교,2,중식,20230712,775.00,친환경현미밥 <br/>닭개장 (1.5.6.15)<br/>삼치무조림 (5.6.7.13)<br/>고기지짐 (1.2.5.6.10.15.16)<br/>배추김치 (9.13)<br/>바나나생크림와플 (1.2.5.6.13)<br/>고추간장 (5.6.13),돼지고기 식육가공품 : 국내산<br/>닭고기 : 국내산<br/>쌀 : 국내산<br/>배추 : 국내산<br/>고춧가루 : 국내산<br/>비고 : 삼치 : 국산,790.3 Kcal,탄수화물(g) : 104.8<br/>단백질(g) : 36.1<br/>지방(g) : 26.4<br/>비타민A(R.E) : 196.5<br/>티아민(mg) : 0.6<br/>리보플라빈(mg) : 0.5<br/>비타민C(mg) : 15.3<br/>칼슘(mg) : 988.8<br/>철분(mg) : 3.9,20230914
B10,서울특별시교육청,7010073,당곡고등학교,2,중식,20230713,775.00,후리가케밥 (1.5.9.13)<br/>크림스프 <br/>망고야채샐러드 (1.2.5.6.12.13)<br/>왕돈까스&소스 (1.2.5.6.10.12.13)<br/>감자튀김&양파시즈닝 (2.5.6.12)<br/>깍두기 (9.13),돼지고기 식육가공품 : 국내산<br/>쌀 : 국내산<br/>배추 : 국내산<br/>고춧가루 : 국내산,832.3 Kcal,탄수화물(g) : 87.4<br/>단백질(g) : 18.1<br/>지방(g) : 45.4<br/>비타민A(R.E) : 127.6<br/>티아민(mg) : 0.3<br/>리보플라빈(mg) : 0.2<br/>비타민C(mg) : 8.4<br/>칼슘(mg) : 769.9<br/>철분(mg) : 2.7,20230914
B10,서울특별시교육청,7010073,당곡고등학교,2,중식,20230714,775.00,친환경현미밥 <br/>조랭이떡국/김가루 (1.5.6.13)<br/>치즈불닭 (2.5.6.13.15)<br/>총각김치 (9.13)<br/>수박스무디 (13)<br/>다시마오징어초회 (5.6.17),쇠고기(종류) : 국내산(육우)<br/>닭고기 : 국내산<br/>쌀 : 국내산<br/>배추 : 국내산<br/>고춧가루 : 국내산<br/>오징어 : 국내산,833.2 Kcal,탄수화물(g) : 121.1<br/>단백질(g) : 53.4<br/>지방(g) : 18.3<br/>비타민A(R.E) : 456.6<br/>티아민(mg) : 0.5<br/>리보플라빈(mg) : 0.5<br/>비타민C(mg) : 14.1<br/>칼슘(mg) : 1371.5<br/>철분(mg) : 3.9,20230914
B10,서울특별시교육청,7010073,당곡고등학교,2,중식,20230717,795.00,자장면 (1.2.5.6.10.13)<br/>파송송달걀국 (1.13)<br/>반달단무지 <br/>깐풍기 (1.5.6.12.13.15.18)<br/>치즈파이 (1.2.5.6)<br/>토마토샐러드 (1.2.5.6.10.12.13),돼지고기 : 국내산<br/>닭고기 식육가공품 : 국내산<br/>쌀 : 국내산<br/>배추 : 국내산<br/>고춧가루 : 국내산,951.2 Kcal,탄수화물(g) : 115.5<br/>단백질(g) : 46.2<br/>지방(g) : 34.9<br/>비타민A(R.E) : 253.0<br/>티아민(mg) : 0.3<br/>리보플라빈(mg) : 1.4<br/>비타민C(mg) : 15.6<br/>칼슘(mg) : 1304.2<br/>철분(mg) : 7.8,20230914
B10,서울특별시교육청,7010073,당곡고등학교,2,중식,20230718,775.00,김가루밥 (13)<br/>고명유부국 (1.5.6.9.13)<br/>코울슬로s (1.2.5.6.12.13)<br/>신전st떡볶이 (1.2.5.6.13)<br/>새우&김말이튀김 (1.5.6.9.13)<br/>배추김치 (9.13)<br/>초코아이스크림 (2),"쌀 : 국내산<br/>배추 : 국내산<br/>고춧가루 : 국내산<br/>비고 : 어묵 : 수입(연육), 새우 : 수입",742.7 Kcal,탄수화물(g) : 122.3<br/>단백질(g) : 17.4<br/>지방(g) : 23.3<br/>비타민A(R.E) : 281.6<br/>티아민(mg) : 0.1<br/>리보플라빈(mg) : 0.4<br/>비타민C(mg) : 13.9<br/>칼슘(mg) : 572.8<br/>철분(mg) : 5.5,20230914
B10,서울특별시교육청,7010073,당곡고등학교,2,중식,20230816,775.00,달걀간장밥 (1.5.6)<br/>돈육김치찌개 (5.9.10.13)<br/>고춧잎나물(초) (5.6.13)<br/>파닭꼬치&매콤소스 (5.6.12.13.15)<br/>깍두기 (9.13)<br/>초코쿠키 (2.5.6),돼지고기 : 국내산<br/>닭고기 식육가공품 : 국내산<br/>쌀 : 국내산<br/>배추 : 국내산<br/>고춧가루 : 국내산,827.4 Kcal,탄수화물(g) : 117.2<br/>단백질(g) : 39.1<br/>지방(g) : 25.9<br/>비타민A(R.E) : 419.2<br/>티아민(mg) : 0.7<br/>리보플라빈(mg) : 1.1<br/>비타민C(mg) : 7.1<br/>칼슘(mg) : 1094.4<br/>철분(mg) : 17.3,20230914
B10,서울특별시교육청,7010073,당곡고등학교,2,중식,20230817,775.00,친환경현미밥 <br/>쇠고기무국 (13.16)<br/>돈육김치볶음 (5.6.9.10.13)<br/>분홍소시지전 (1.2.5.6.10.15.16)<br/>파김치 (9.13)<br/>양배추쌈(자율) <br/>참치쌈장 (1.5.6.13.16.18)<br/>아이스홍시 ,쇠고기(종류) : 국내산(육우)<br/>돼지고기 : 국내산<br/>쌀 : 국내산<br/>배추 : 국내산<br/>고춧가루 : 국내산<br/>비고 : 참치 : 원양산,763.6 Kcal,탄수화물(g) : 116.0<br/>단백질(g) : 48.9<br/>지방(g) : 14.0<br/>비타민A(R.E) : 296.9<br/>티아민(mg) : 0.8<br/>리보플라빈(mg) : 0.8<br/>비타민C(mg) : 16.8<br/>칼슘(mg) : 1408.2<br/>철분(mg) : 4.6,20230914
B10,서울특별시교육청,7010073,당곡고등학교,2,중식,20230818,775.00,초코케이크 (1.2.5.6.10.13)<br/>오징어무국 (13.17)<br/>야채달걀찜 (1.9.13)<br/>곤드레나물밥&양념장 (5.6.13)<br/>칠리만두강정 (1.5.6.12.13)<br/>배추김치 (9.13),돼지고기 식육가공품 : 국내산<br/>쌀 : 국내산<br/>배추 : 국내산<br/>고춧가루 : 국내산<br/>오징어 : 국내산,657.3 Kcal,탄수화물(g) : 94.1<br/>단백질(g) : 32.4<br/>지방(g) : 16.9<br/>비타민A(R.E) : 308.3<br/>티아민(mg) : 0.3<br/>리보플라빈(mg) : 0.7<br/>비타민C(mg) : 9.2<br/>칼슘(mg) : 839.3<br/>철분(mg) : 3.6,20230914
B10,서울특별시교육청,7010073,당곡고등학교,2,중식,20230821,795.00,추가후리가케밥 (1.5.9.13)<br/>스파게티 (1.2.5.6.10.12.13)<br/>연근조림 (5.6.13)<br/>언양식반달불고기&소스 (1.2.5.6.10.12.13.16)<br/>배추김치 (9.13)<br/>오렌지샐러드(발사믹D) (5.6.12.13),돼지고기 : 국내산<br/>돼지고기 식육가공품 : <br/>쌀 : 국내산<br/>배추 : 국내산<br/>고춧가루 : 국내산,880.8 Kcal,탄수화물(g) : 135.6<br/>단백질(g) : 32.1<br/>지방(g) : 24.5<br/>비타민A(R.E) : 263.1<br/>티아민(mg) : 0.6<br/>리보플라빈(mg) : 0.6<br/>비타민C(mg) : 38.4<br/>칼슘(mg) : 1327.8<br/>철분(mg) : 4.1,20230914
B10,서울특별시교육청,7010073,당곡고등학교,2,중식,20230822,775.00,열무보리비빔밥 (5.6.9.13)<br/>우렁된장찌개 (5.6.13)<br/>메추리알장조림 (1.5.6.13)<br/>가자미순살튀김 (5.6.13)<br/>깍두기 (9.13)<br/>옥수수피자 (1.2.6.13),"쌀 : 국내산<br/>배추 : 국내산<br/>고춧가루 : 국내산<br/>비고 : 가자미 : 미국, 우렁 : 국산",746.4 Kcal,탄수화물(g) : 89.8<br/>단백질(g) : 47.5<br/>지방(g) : 24.5<br/>비타민A(R.E) : 493.5<br/>티아민(mg) : 0.5<br/>리보플라빈(mg) : 1.2<br/>비타민C(mg) : 7.7<br/>칼슘(mg) : 1266.5<br/>철분(mg) : 8.9,20230914
B10,서울특별시교육청,7010073,당곡고등학교,2,중식,20230823,775.00,친환경흑미밥 <br/>얼갈이된장국 (5.6.13)<br/>불닭팽이버섯 (5.6.13)<br/>돼지불백 (5.6.10.12.13)<br/>해물경단 (1.5.6.9.17.18)<br/>배추김치 (9.13)<br/>도너츠 (2.5.6),돼지고기 : 국내산<br/>쌀 : 국내산<br/>배추 : 국내산<br/>고춧가루 : 국내산<br/>오징어 수산가공품 : 수입,777.5 Kcal,탄수화물(g) : 88.1<br/>단백질(g) : 46.8<br/>지방(g) : 28.3<br/>비타민A(R.E) : 88.7<br/>티아민(mg) : 0.9<br/>리보플라빈(mg) : 1.4<br/>비타민C(mg) : 9.0<br/>칼슘(mg) : 1341.5<br/>철분(mg) : 5.0,20230914
B10,서울특별시교육청,7010073,당곡고등학교,2,중식,20230824,775.00,친환경보리밥 <br/>삼색수제비국 (5.6.13)<br/>청경채겉절이s (13)<br/>닭갈비 (5.6.15)<br/>츄러스맛탕 (1.2.5.6.13)<br/>배추김치 (9.13)<br/>아이스망고 ,닭고기 : 국내산<br/>쌀 : 국내산<br/>배추 : 국내산<br/>고춧가루 : 국내산,829.1 Kcal,탄수화물(g) : 88.8<br/>단백질(g) : 33.2<br/>지방(g) : 37.4<br/>비타민A(R.E) : 307.6<br/>티아민(mg) : 0.4<br/>리보플라빈(mg) : 0.3<br/>비타민C(mg) : 14.6<br/>칼슘(mg) : 1052.7<br/>철분(mg) : 2.6,20230914
B10,서울특별시교육청,7010073,당곡고등학교,2,중식,20230825,775.00,돈까스덮밥(중) (1.5.6.9.10.13)<br/>얼큰가쓰오부시국 (5.6.9.13)<br/>매운어묵꼬치(소스) (1.2.5.6.13.18)<br/>비름나물무침 <br/>배추김치 (9.13)<br/>메이플피칸파이 (1.2.5.6.13),돼지고기 식육가공품 : 국내산<br/>쌀 : 국내산<br/>배추 : 국내산<br/>고춧가루 : 국내산<br/>비고 : 어묵 : 수입(연육),810.0 Kcal,탄수화물(g) : 99.1<br/>단백질(g) : 27.3<br/>지방(g) : 34.3<br/>비타민A(R.E) : 158.0<br/>티아민(mg) : 0.2<br/>리보플라빈(mg) : 0.6<br/>비타민C(mg) : 6.8<br/>칼슘(mg) : 932.0<br/>철분(mg) : 4.3,20230914
B10,서울특별시교육청,7010073,당곡고등학교,2,중식,20230828,795.00,카레라이스 (2.5.6.10.13)<br/>미소국 (5.6.13)<br/>매콤콩나물무침 (5)<br/>고구마치즈돈까스&소스 (1.2.5.6.10.12.13)<br/>배추김치 (9.13)<br/>곤약젤리 ,돼지고기 : 국내산<br/>돼지고기 식육가공품 : 국내산<br/>쌀 : 국내산<br/>배추 : 국내산<br/>고춧가루 : 국내산<br/>콩 가공품 : 수입,811.4 Kcal,탄수화물(g) : 82.6<br/>단백질(g) : 40.2<br/>지방(g) : 39.4<br/>비타민A(R.E) : 258.6<br/>티아민(mg) : 0.7<br/>리보플라빈(mg) : 0.5<br/>비타민C(mg) : 12.7<br/>칼슘(mg) : 1216.6<br/>철분(mg) : 7.7,20230914
B10,서울특별시교육청,7010073,당곡고등학교,2,중식,20230829,775.00,칼슘강화기장밥 <br/>비건김치만두국 (1.5.6)<br/>마늘쫑무침 (5.6.13)<br/>오징어야채볶음s (5.6.13.17)<br/>떡꼬치&매콤소스s (5.6.12.13)<br/>총각김치 (9.13)<br/>오렌지주스 ,쌀 : 국내산<br/>배추 : 국내산<br/>고춧가루 : 국내산<br/>오징어 : 국내산,789.2 Kcal,탄수화물(g) : 150.5<br/>단백질(g) : 37.3<br/>지방(g) : 8.1<br/>비타민A(R.E) : 327.4<br/>티아민(mg) : 0.4<br/>리보플라빈(mg) : 0.4<br/>비타민C(mg) : 86.3<br/>칼슘(mg) : 1307.6<br/>철분(mg) : 2.4,20230914
B10,서울특별시교육청,7010073,당곡고등학교,2,중식,20230830,775.00,친환경현미밥 <br/>우거지해장국 (5.6.16)<br/>매콤감자조림 (1.2.5.6.13.18)<br/>부추새콤무침 (5.6.13)<br/>오리불고기 (5.6.13)<br/>배추김치 (9.13)<br/>무쌈 <br/>조각파인애플 ,쇠고기(종류) : 국내산(육우)<br/>오리고기 : 국내산<br/>쌀 : 국내산<br/>배추 : 국내산<br/>고춧가루 : 국내산,746.2 Kcal,탄수화물(g) : 110.8<br/>단백질(g) : 32.1<br/>지방(g) : 24.4<br/>비타민A(R.E) : 282.3<br/>티아민(mg) : 0.6<br/>리보플라빈(mg) : 0.6<br/>비타민C(mg) : 44.3<br/>칼슘(mg) : 1293.6<br/>철분(mg) : 5.4,20230914
B10,서울특별시교육청,7010073,당곡고등학교,2,중식,20230831,775.00,순살양념치밥 (5.6.12.13.15)<br/>고명유부국 (1.5.6.9.13)<br/>맛살냉채 (1.5.6.13)<br/>파래김자반 (13)<br/>떡갈비&소스 (1.2.5.6.7.10.12.13)<br/>배추김치 (9.13)<br/>오렌지 ,돼지고기 식육가공품 : 국내산<br/>닭고기 : 국내산<br/>쌀 : 국내산<br/>배추 : 국내산<br/>고춧가루 : 국내산,822.5 Kcal,탄수화물(g) : 78.8<br/>단백질(g) : 69.9<br/>지방(g) : 29.9<br/>비타민A(R.E) : 291.2<br/>티아민(mg) : 0.9<br/>리보플라빈(mg) : 0.5<br/>비타민C(mg) : 37.1<br/>칼슘(mg) : 1405.9<br/>철분(mg) : 5.1,20230914
B10,서울특별시교육청,7010073,당곡고등학교,2,중식,20230901,774.00,칼슘강화기장밥 <br/>참치김치찌개 (5.6.9.13.16.18)<br/>야채달걀찜 (1.9)<br/>돈육고추장불고기(-양배추) (5.6.10.13)<br/>총각김치 (9)<br/>쌈장 (5.6)<br/>양배추쌈(자율) ,돼지고기 : 국내산<br/>쌀 : 국내산<br/>배추 : 국내산<br/>고춧가루 : 국내산<br/>비고 : 참치 : 원양산,725.8 Kcal,탄수화물(g) : 88.9<br/>단백질(g) : 49.9<br/>지방(g) : 17.3<br/>비타민A(R.E) : 145.3<br/>티아민(mg) : 1.1<br/>리보플라빈(mg) : 0.6<br/>비타민C(mg) : 10.2<br/>칼슘(mg) : 1237.5<br/>철분(mg) : 4.5,20231017
B10,서울특별시교육청,7010073,당곡고등학교,2,중식,20230904,795.00,칼슘강화기장밥 <br/>초코케이크 (1.2.5.6)<br/>쇠고기미역국 (5.6.16)<br/>돼지갈비찜 (5.6.10.13)<br/>고추장멸치볶음 (5.6.13)<br/>오징어김치전(완) (1.5.6)<br/>총각김치 (9),쇠고기(종류) : 국내산(한우)<br/>돼지고기 : 국내산<br/>쌀 : 국내산<br/>배추 : 국내산<br/>고춧가루 : 국내산<br/>오징어 수산가공품 : 국내산,791.0 Kcal,탄수화물(g) : 107.8<br/>단백질(g) : 38.6<br/>지방(g) : 21.7<br/>비타민A(R.E) : 141.4<br/>티아민(mg) : 0.9<br/>리보플라빈(mg) : 0.4<br/>비타민C(mg) : 6.4<br/>칼슘(mg) : 1103.6<br/>철분(mg) : 4.5,20231017
B10,서울특별시교육청,7010073,당곡고등학교,2,중식,20230905,774.00,주꾸미야채비빔밥 (5.6.13)<br/>도토리묵사발 (5.6.9.16)<br/>타코야끼 (1.2.5.6.10.13.15.16.18)<br/>배추김치 (9)<br/>아이스망고 ,쌀 : 국내산<br/>배추 : 국내산<br/>고춧가루 : 국내산<br/>주꾸미 : 베트남<br/>비고 : 묵 : 수입,730.5 Kcal,탄수화물(g) : 108.7<br/>단백질(g) : 33.3<br/>지방(g) : 18.3<br/>비타민A(R.E) : 193.5<br/>티아민(mg) : 0.4<br/>리보플라빈(mg) : 1.0<br/>비타민C(mg) : 17.1<br/>칼슘(mg) : 890.0<br/>철분(mg) : 3.9,20231017
B10,서울특별시교육청,7010073,당곡고등학교,2,중식,20230906,774.00,친환경흑미밥 <br/>얼큰콩나물국 (5)<br/>두부조림 (5.6.13)<br/>찜닭(납작당면)_정육 (5.6.13.15)<br/>배추김치 (9)<br/>액상요구르트(200ml) (2)<br/>양념깻잎 (5.6.13),닭고기 : 국내산<br/>쌀 : 국내산<br/>배추 : 국내산<br/>고춧가루 : 국내산<br/>비고 : 두부 : 수입,757.5 Kcal,탄수화물(g) : 104.7<br/>단백질(g) : 49.1<br/>지방(g) : 15.7<br/>비타민A(R.E) : 203.1<br/>티아민(mg) : 0.5<br/>리보플라빈(mg) : 0.7<br/>비타민C(mg) : 8.7<br/>칼슘(mg) : 1171.9<br/>철분(mg) : 4.7,20231017
B10,서울특별시교육청,7010073,당곡고등학교,2,중식,20230907,774.00,햄찌개 (1.2.5.6.9.10.15.16)<br/>삼치구이 <br/>배추김치 (9)<br/>초코우유 (2)<br/>돈까스샐러드(허니소스) (1.2.5.6.10)<br/>칼슘강화귀리밥 <br/>얼갈이무침 ,"돼지고기 : 국내산<br/>돼지고기 식육가공품 : 국내산<br/>쌀 : 국내산<br/>배추 : 국내산<br/>고춧가루 : 국내산<br/>비고 : 삼치 : 국산, 두부: 수입",843.8 Kcal,탄수화물(g) : 80.9<br/>단백질(g) : 36.0<br/>지방(g) : 40.1<br/>비타민A(R.E) : 88.1<br/>티아민(mg) : 0.4<br/>리보플라빈(mg) : 0.4<br/>비타민C(mg) : 19.4<br/>칼슘(mg) : 1150.6<br/>철분(mg) : 3.4,20231017
B10,서울특별시교육청,7010073,당곡고등학교,2,중식,20230908,774.00,추가밥 <br/>김치어묵우동(대) (1.5.6.9.13)<br/>미나리초무침 (5.6)<br/>깍두기 (9)<br/>토마토카프레제 (1.2.3.5.6.12)<br/>뿌링클치킨 (1.2.5.6.15.13),닭고기 식육가공품 : 국내산<br/>쌀 : 국내산<br/>배추 : 국내산<br/>고춧가루 : 국내산<br/>비고 : 어묵(연육) :  수입,705.7 Kcal,탄수화물(g) : 111.3<br/>단백질(g) : 28.8<br/>지방(g) : 15.3<br/>비타민A(R.E) : 136.3<br/>티아민(mg) : 0.4<br/>리보플라빈(mg) : 0.4<br/>비타민C(mg) : 11.9<br/>칼슘(mg) : 696.9<br/>철분(mg) : 2.7,20231017
B10,서울특별시교육청,7010073,당곡고등학교,2,중식,20230911,795.00,칼슘강화기장밥 <br/>교자만두찜&양념장 (1.5.6.10.13.16.18)<br/>오이부추무침 (13)<br/>깍두기 (9)<br/>골드키위 <br/>육개장칼국수 (1.6.16),쇠고기(종류) : 국내산(한우)<br/>돼지고기 식육가공품 : 국내산<br/>쌀 : 국내산<br/>배추 : 국내산<br/>고춧가루 : 국내산,796.1 Kcal,탄수화물(g) : 145.6<br/>단백질(g) : 24.3<br/>지방(g) : 11.7<br/>비타민A(R.E) : 93.9<br/>티아민(mg) : 0.6<br/>리보플라빈(mg) : 0.4<br/>비타민C(mg) : 52.8<br/>칼슘(mg) : 914.0<br/>철분(mg) : 5.9,20231017
B10,서울특별시교육청,7010073,당곡고등학교,2,중식,20230912,774.00,칼슘강화기장밥 <br/>순두부짬뽕국 (5.6.9.17.18.13)<br/>숙주나물무침 <br/>닭카레볶음s (2.5.6.12.13.15.16.18)<br/>미트볼데리야끼볶음 (1.2.5.6.10.13.15.16)<br/>배추김치 (9),"돼지고기 식육가공품 : 국내산<br/>닭고기 : 국내산<br/>쌀 : 국내산<br/>배추 : 국내산<br/>고춧가루 : 국내산<br/>오징어 : 국내산<br/>비고 : 두부 : 수입, 홍합 : 국산",857.9 Kcal,탄수화물(g) : 102.0<br/>단백질(g) : 52.3<br/>지방(g) : 25.9<br/>비타민A(R.E) : 190.3<br/>티아민(mg) : 0.9<br/>리보플라빈(mg) : 0.7<br/>비타민C(mg) : 15.5<br/>칼슘(mg) : 1406.4<br/>철분(mg) : 5.0,20231017
B10,서울특별시교육청,7010073,당곡고등학교,2,중식,20230913,774.00,미소국 (5.6)<br/>비름나물초무침 (5.6.13)<br/>무생채 (13)<br/>사과 <br/>생선까스&콘소스 (1.2.5.6.13)<br/>배추김치 (9)<br/>소시지달걀볶음밥 (1.2.5.6.10.13.15.16.18),돼지고기 식육가공품 : 국내산<br/>쌀 : 국내산<br/>배추 : 국내산<br/>고춧가루 : 국내산<br/>명태 수산가공품 : 러시아<br/>비고 : 두부 : 수입,810.0 Kcal,탄수화물(g) : 89.9<br/>단백질(g) : 36.1<br/>지방(g) : 33.0<br/>비타민A(R.E) : 94.3<br/>티아민(mg) : 0.3<br/>리보플라빈(mg) : 0.5<br/>비타민C(mg) : 23.3<br/>칼슘(mg) : 722.9<br/>철분(mg) : 4.1,20231017
B10,서울특별시교육청,7010073,당곡고등학교,2,중식,20230914,774.00,친환경현미밥 <br/>오징어무국 (17)<br/>콩나물파채무침 (5)<br/>돼지불백 (5.6.10.12.13)<br/>배추김치 (9)<br/>상추&쌈장 (5.6)<br/>아이스슈 (1.2.5.6),돼지고기 : 국내산<br/>쌀 : 국내산<br/>배추 : 국내산<br/>고춧가루 : 국내산<br/>오징어 : 국내산,795.5 Kcal,탄수화물(g) : 104.5<br/>단백질(g) : 47.2<br/>지방(g) : 19.3<br/>비타민A(R.E) : 110.5<br/>티아민(mg) : 1.2<br/>리보플라빈(mg) : 0.5<br/>비타민C(mg) : 8.4<br/>칼슘(mg) : 1207.8<br/>철분(mg) : 3.8,20231017
B10,서울특별시교육청,7010073,당곡고등학교,2,중식,20230915,774.00,밥버거 (5.6.9.10.1.2.15.16.18)<br/>고명유부국 (1.2.5.6.9.13)<br/>깍두기 (9)<br/>망고주스+ (13)<br/>로제분모자떡볶이 (1.2.5.6.10.12.13.15.16)<br/>양배추샐러드&사우전D (1.2.5.6),"돼지고기 식육가공품 : 국내산<br/>쌀 : 국내산<br/>배추 : 국내산<br/>고춧가루 : 국내산<br/>비고 : 어묵(연육) : 수입, 참치 : 원양산, 유부 : 수입",868.2 Kcal,탄수화물(g) : 120.6<br/>단백질(g) : 22.7<br/>지방(g) : 33.1<br/>비타민A(R.E) : 89.7<br/>티아민(mg) : 0.7<br/>리보플라빈(mg) : 0.5<br/>비타민C(mg) : 39.2<br/>칼슘(mg) : 666.4<br/>철분(mg) : 3.6,20231017
B10,서울특별시교육청,7010073,당곡고등학교,2,중식,20230918,795.00,칼슘강화기장밥 <br/>얼큰동태탕 (5.6.13)<br/>궁중떡볶이 (5.6.13.16)<br/>청경채&두반장소스 (5.6.12.13.18)<br/>배추김치 (9)<br/>조각메론 ,쇠고기(종류) : 국내산(한우)<br/>쌀 : 국내산<br/>배추 : 국내산<br/>고춧가루 : 국내산<br/>명태 : 러시아<br/>비고 : 두부 : 수입,714.1 Kcal,탄수화물(g) : 139.9<br/>단백질(g) : 26.8<br/>지방(g) : 4.9<br/>비타민A(R.E) : 147.9<br/>티아민(mg) : 0.4<br/>리보플라빈(mg) : 0.7<br/>비타민C(mg) : 14.9<br/>칼슘(mg) : 1152.1<br/>철분(mg) : 3.0,20231017
B10,서울특별시교육청,7010073,당곡고등학교,2,중식,20230919,774.00,콩나물밥/양념장 (5.6.13)<br/>홍합탕 (5.18)<br/>연두부&양념장 (13.5.6)<br/>볶음낙지소면 (5.6.9.13.17.18)<br/>배추김치 (9)<br/>솜사탕 (13),"쌀 : 국내산<br/>배추 : 국내산<br/>고춧가루 : 국내산<br/>낙지 : 베트남<br/>비고 : 홍합 : 국산, 두부 : 국산",715.3 Kcal,탄수화물(g) : 119.0<br/>단백질(g) : 39.0<br/>지방(g) : 7.2<br/>비타민A(R.E) : 175.0<br/>티아민(mg) : 0.7<br/>리보플라빈(mg) : 0.8<br/>비타민C(mg) : 12.3<br/>칼슘(mg) : 1312.6<br/>철분(mg) : 5.4,20231017
B10,서울특별시교육청,7010073,당곡고등학교,2,중식,20230920,774.00,달걀볶음밥 (1.5.6.13.18)<br/>김치국 (9)<br/>등심돈가스&브라운 (1.2.13.16.5.6.10.12)<br/>배식용김 <br/>깍두기 (9)<br/>오이지무침 ,돼지고기 식육가공품 : 국내산<br/>쌀 : 국내산<br/>배추 : 국내산<br/>고춧가루 : 국내산,770.3 Kcal,탄수화물(g) : 72.4<br/>단백질(g) : 18.9<br/>지방(g) : 43.5<br/>비타민A(R.E) : 105.2<br/>티아민(mg) : 0.3<br/>리보플라빈(mg) : 0.3<br/>비타민C(mg) : 7.6<br/>칼슘(mg) : 718.2<br/>철분(mg) : 3.5,20231017
B10,서울특별시교육청,7010073,당곡고등학교,2,중식,20230921,774.00,친환경강황밥 <br/>우렁된장찌개 (5.6)<br/>브로콜리무침 <br/>돈육고추장불고기 (5.6.10.13)<br/>야채달걀말이 (1)<br/>총각김치 (9)<br/>오렌지 ,"돼지고기 : 국내산<br/>쌀 : 국내산<br/>배추 : 국내산<br/>고춧가루 : 국내산<br/>우렁쉥이 : <br/>비고 : 우렁이 :  국산, 두부 : 수입",841.1 Kcal,탄수화물(g) : 104.9<br/>단백질(g) : 51.4<br/>지방(g) : 22.7<br/>비타민A(R.E) : 227.4<br/>티아민(mg) : 1.3<br/>리보플라빈(mg) : 0.9<br/>비타민C(mg) : 51.8<br/>칼슘(mg) : 1488.2<br/>철분(mg) : 5.9,20231017
B10,서울특별시교육청,7010073,당곡고등학교,2,중식,20230922,774.00,친환경잡곡밥 (5)<br/>감자찌개 (5.6)<br/>꿀단호박찜 (13)<br/>배추김치 (9)<br/>무쌈 <br/>미니핫도그&케찹 (1.2.5.6.10.12.15.18)<br/>훈제오리&야채&머스터드 (1.2.5.6),돼지고기 식육가공품 : 국내산<br/>오리고기 : <br/>오리고기 가공품 : 국내산<br/>쌀 : 국내산<br/>배추 : 국내산<br/>고춧가루 : 국내산,865.7 Kcal,탄수화물(g) : 103.1<br/>단백질(g) : 34.9<br/>지방(g) : 35.5<br/>비타민A(R.E) : 246.5<br/>티아민(mg) : 0.6<br/>리보플라빈(mg) : 0.7<br/>비타민C(mg) : 283.4<br/>칼슘(mg) : 1431.4<br/>철분(mg) : 5.2,20231017
B10,서울특별시교육청,7010073,당곡고등학교,2,중식,20230925,795.00,자장밥 (5.6.10.13.16)<br/>파송송달걀국 (1.5.6.13)<br/>꼬들단무지무침 <br/>레몬크림깐쇼새우 (1.2.5.6.9.13)<br/>배추김치 (9)<br/>액상요구르트(200ml) (2),돼지고기 : 국내산<br/>쌀 : 국내산<br/>배추 : 국내산<br/>고춧가루 : 국내산<br/>비고 : 새우 : 베트남,883.0 Kcal,탄수화물(g) : 88.6<br/>단백질(g) : 28.4<br/>지방(g) : 45.6<br/>비타민A(R.E) : 192.8<br/>티아민(mg) : 0.4<br/>리보플라빈(mg) : 0.3<br/>비타민C(mg) : 17.4<br/>칼슘(mg) : 738.9<br/>철분(mg) : 2.7,20231017
B10,서울특별시교육청,7010073,당곡고등학교,2,중식,20230926,774.00,친환경현미밥 <br/>순대국 (2.5.6.10.13.16)<br/>부추무침 (13)<br/>간고등어구이 (6.7)<br/>석박지 (9)<br/>수박스무디 (13)<br/>김떡만강정 (1.6.10.12.5.13.16.18),돼지고기 : 국내산<br/>돼지고기 식육가공품 : 국내산<br/>쌀 : 국내산<br/>배추 : 국내산<br/>고춧가루 : 국내산<br/>고등어 : 국내산<br/>비고 : ,811.2 Kcal,탄수화물(g) : 103.6<br/>단백질(g) : 34.2<br/>지방(g) : 28.5<br/>비타민A(R.E) : 154.8<br/>티아민(mg) : 0.7<br/>리보플라빈(mg) : 0.8<br/>비타민C(mg) : 10.5<br/>칼슘(mg) : 851.9<br/>철분(mg) : 9.1,20231017
B10,서울특별시교육청,7010073,당곡고등학교,2,중식,20230927,774.00,칼슘강화기장밥 <br/>얼갈이된장국 (6.13.5)<br/>사과 <br/>돈육김치볶음 (5.6.9.10.13)<br/>고기지짐 (1.2.5.6.10.15.16)<br/>깍두기 (9)<br/>찹쌀경단 (1.2.5.6),돼지고기 : 국내산<br/>돼지고기 식육가공품 : 국내산<br/>쌀 : 국내산<br/>배추 : 국내산<br/>고춧가루 : 국내산,832.1 Kcal,탄수화물(g) : 105.4<br/>단백질(g) : 41.3<br/>지방(g) : 26.3<br/>비타민A(R.E) : 125.8<br/>티아민(mg) : 1.3<br/>리보플라빈(mg) : 0.5<br/>비타민C(mg) : 12.0<br/>칼슘(mg) : 1176.7<br/>철분(mg) : 4.4,20231017
B10,서울특별시교육청,7010073,당곡고등학교,2,중식,20231012,770.00,친환경현미밥 <br/>오징어무국 (17)<br/>건새우마늘쫑볶음 (5.6.9.13)<br/>돈육김치찜&찐두부 (5.6.9.10.13)<br/>소시지야채볶음 (2.5.6.10.12.13.15.16.18)<br/>총각김치 (9)<br/>초코우유 (2),돼지고기 : 국내산<br/>돼지고기 식육가공품 : 국내산<br/>쌀 : 국내산<br/>배추 : 국내산<br/>고춧가루 : 국내산<br/>콩 : 두부:수입<br/>비고 : 건새우:국산,900.7 Kcal,탄수화물(g) : 100.7<br/>단백질(g) : 56.6<br/>지방(g) : 28.4<br/>비타민A(R.E) : 149.5<br/>티아민(mg) : 1.2<br/>리보플라빈(mg) : 0.7<br/>비타민C(mg) : 37.2<br/>칼슘(mg) : 1549.0<br/>철분(mg) : 4.6,20231019
B10,서울특별시교육청,7010073,당곡고등학교,2,중식,20231013,770.00,후리가케밥 (1.2.5.6.9.13.16.18)<br/>마라탕 (1.2.5.6.12.13.16.18)<br/>청경채&두반장소스 (5.6.12.13.18)<br/>꿔바로우&소스 (1.5.6.10.12.13.18)<br/>배추김치 (9)<br/>골드키위 ,"쇠고기(종류) : 국내산(한우)<br/>돼지고기 식육가공품 : 국내산<br/>닭고기 식육가공품 : <br/>쌀 : 국내산<br/>배추 : 국내산<br/>고춧가루 : 국내산<br/>비고 : 어묵연육:국산,수입",941.3 Kcal,탄수화물(g) : 134.9<br/>단백질(g) : 19.5<br/>지방(g) : 35.7<br/>비타민A(R.E) : 68.7<br/>티아민(mg) : 0.4<br/>리보플라빈(mg) : 0.5<br/>비타민C(mg) : 54.5<br/>칼슘(mg) : 701.9<br/>철분(mg) : 12.0,20231020
B10,서울특별시교육청,7010073,당곡고등학교,2,중식,20231016,790.00,친환경칼슘기장밥 <br/>쇠고기미역국 (5.6.13.16)<br/>매콤콩나물무침 (5)<br/>간고등어구이 (6.7)<br/>배추김치 (9)<br/>겨자장 (5.6.13)<br/>치즈케이크 (1.2.5.6)<br/>모듬전 (1.2.5.6.8.10.15.16),쇠고기(종류) : 국내산(한우)<br/>돼지고기 식육가공품 : 국내산<br/>쌀 : 국내산<br/>배추 : 국내산<br/>고춧가루 : 국내산<br/>고등어 : 노르웨이<br/>비고 : 게맛살:수입,794.4 Kcal,탄수화물(g) : 96.6<br/>단백질(g) : 34.6<br/>지방(g) : 28.5<br/>비타민A(R.E) : 90.4<br/>티아민(mg) : 0.4<br/>리보플라빈(mg) : 0.9<br/>비타민C(mg) : 12.5<br/>칼슘(mg) : 743.5<br/>철분(mg) : 3.7,20231023
B10,서울특별시교육청,7010073,당곡고등학교,2,중식,20231017,770.00,순두부짬뽕국 (5.6.9.13.17.18)<br/>매운어묵볶음 (1.5.6.13)<br/>회오리감자 <br/>배추김치 (9)<br/>오렌지 <br/>잡채밥 (5.6.13),"쌀 : 국내산<br/>배추 : 국내산<br/>고춧가루 : 국내산<br/>오징어 : 국내산<br/>비고 : 건홍합:국산, 어묵연육:국산,수입",851.5 Kcal,탄수화물(g) : 130.9<br/>단백질(g) : 22.7<br/>지방(g) : 26.1<br/>비타민A(R.E) : 151.6<br/>티아민(mg) : 0.6<br/>리보플라빈(mg) : 0.4<br/>비타민C(mg) : 45.2<br/>칼슘(mg) : 1100.0<br/>철분(mg) : 4.6,20231024
B10,서울특별시교육청,7010073,당곡고등학교,2,중식,20231018,770.00,친환경현미밥 <br/>북어국 (1)<br/>찜닭(납작당면)_정육 (5.6.13.15)<br/>시금치나물 <br/>오꼬노미야끼 (1.5.6.12.13.17.18)<br/>동치미 (9)<br/>초코아이스크림 (1.2.5),닭고기 : 국내산<br/>쌀 : 국내산<br/>배추 : 국내산<br/>고춧가루 : 국내산<br/>명태 수산가공품 : 북어채:러시아<br/>오징어 : 국내산,869.4 Kcal,탄수화물(g) : 100.5<br/>단백질(g) : 54.2<br/>지방(g) : 25.7<br/>비타민A(R.E) : 396.4<br/>티아민(mg) : 0.5<br/>리보플라빈(mg) : 1.1<br/>비타민C(mg) : 25.2<br/>칼슘(mg) : 1544.9<br/>철분(mg) : 5.2,20231025
B10,서울특별시교육청,7010073,당곡고등학교,2,중식,20231019,770.00,근대된장국 (5.6.13)<br/>오이부추무침 (13)<br/>제육볶음 (5.6.10.13)<br/>메추리알카레조림 (1.2.5.6.12.13.16.18)<br/>배추김치 (9)<br/>요거톡 (2)<br/>칼슘강화귀리밥 ,돼지고기 : 국내산<br/>쌀 : 국내산<br/>배추 : 국내산<br/>고춧가루 : 국내산<br/>비고 : 메추리알:국산,858.1 Kcal,탄수화물(g) : 112.6<br/>단백질(g) : 50.5<br/>지방(g) : 22.1<br/>비타민A(R.E) : 412.6<br/>티아민(mg) : 1.5<br/>리보플라빈(mg) : 0.9<br/>비타민C(mg) : 19.4<br/>칼슘(mg) : 1625.0<br/>철분(mg) : 5.1,20231026
B10,서울특별시교육청,7010073,당곡고등학교,2,중식,20231020,770.00,추가밥 <br/>미니쌀국수 (2.5.6.13.16)<br/>공심채볶음 (5.6.13.18)<br/>스프링롤&칠리s (1.5.6.10.12.13)<br/>배추김치 (9)<br/>아이스망고 <br/>반미샌드위치 (2.5.6.16),쇠고기(종류) : 국내산(육우)<br/>돼지고기 식육가공품 : 국내산<br/>쌀 : 국내산<br/>배추 : 국내산<br/>고춧가루 : 국내산,832.3 Kcal,탄수화물(g) : 139.1<br/>단백질(g) : 26.4<br/>지방(g) : 17.9<br/>비타민A(R.E) : 334.1<br/>티아민(mg) : 1.1<br/>리보플라빈(mg) : 0.3<br/>비타민C(mg) : 28.9<br/>칼슘(mg) : 896.9<br/>철분(mg) : 3.7,20231027
B10,서울특별시교육청,7010073,당곡고등학교,2,중식,20231024,240.00,추가밥 <br/>도토리묵사발 (2.5.6.9.15.16.18)<br/>깍두기 (9)<br/>비건김치군만두 (1.5.6.10.16.18)<br/>토마토탕후루 (12.13)<br/>불마요들기름메밀국수 (3.5.6.13),쌀 : 국내산<br/>배추 : 국내산<br/>고춧가루 : 국내산,1007.9 Kcal,탄수화물(g) : 160.3<br/>단백질(g) : 25.6<br/>지방(g) : 28.5<br/>비타민A(R.E) : 62.3<br/>티아민(mg) : 0.3<br/>리보플라빈(mg) : 1.1<br/>비타민C(mg) : 13.9<br/>칼슘(mg) : 1213.4<br/>철분(mg) : 4.7,20231031
B10,서울특별시교육청,7010073,당곡고등학교,2,중식,20231027,770.00,추가밥 <br/>크림스파게티(중식) (1.2.5.6.10.13.16)<br/>배추김치 (9)<br/>후레쉬업(레몬&라임) <br/>귤샐러드(발사믹D) (1.2.5.6)<br/>소시지토스트 (1.2.5.6.10.12.16),돼지고기 식육가공품 : 국내산<br/>쌀 : 국내산<br/>배추 : 국내산<br/>고춧가루 : 국내산,846.6 Kcal,탄수화물(g) : 131.9<br/>단백질(g) : 25.9<br/>지방(g) : 25.2<br/>비타민A(R.E) : 89.6<br/>티아민(mg) : 0.5<br/>리보플라빈(mg) : 0.4<br/>비타민C(mg) : 47.1<br/>칼슘(mg) : 820.9<br/>철분(mg) : 2.5,20231103
B10,서울특별시교육청,7010073,당곡고등학교,2,중식,20231030,770.00,친환경잡곡밥 (5)<br/>돼지갈비탕 (5.6.10.13.16)<br/>볶음낙지소면 (5.6.9.13.17.18)<br/>궁채나물들깨볶음 <br/>배추김치 (9)<br/>조각파인애플 ,쇠고기 식육가공품 : 국내산<br/>돼지고기 : 국내산<br/>돼지고기 식육가공품 : 국내산<br/>쌀 : 국내산<br/>배추 : 국내산<br/>고춧가루 : 국내산<br/>낙지 : 중국산,916.4 Kcal,탄수화물(g) : 150.1<br/>단백질(g) : 39.9<br/>지방(g) : 14.5<br/>비타민A(R.E) : 120.4<br/>티아민(mg) : 0.7<br/>리보플라빈(mg) : 0.4<br/>비타민C(mg) : 38.8<br/>칼슘(mg) : 1062.2<br/>철분(mg) : 3.8,20231106
B10,서울특별시교육청,7010073,당곡고등학교,2,중식,20231031,790.00,친환경흑미밥 <br/>호떡파이 (1.2.5.6)<br/>크랜베리멸치볶음 (13)<br/>석박지 (9)<br/>야채비빔만두 (1.5.6.10.16.18)<br/>닭장각백숙 (13.15),돼지고기 식육가공품 : 국내산<br/>닭고기 : 국내산<br/>쌀 : 국내산<br/>배추 : 국내산<br/>고춧가루 : 국내산<br/>비고 : 명엽채:러시아,926.3 Kcal,탄수화물(g) : 86.9<br/>단백질(g) : 46.3<br/>지방(g) : 41.5<br/>비타민A(R.E) : 149.0<br/>티아민(mg) : 0.6<br/>리보플라빈(mg) : 0.4<br/>비타민C(mg) : 8.1<br/>칼슘(mg) : 948.2<br/>철분(mg) : 4.5,20231107
B10,서울특별시교육청,7010073,당곡고등학교,2,중식,20231101,770.00,친환경보리밥 <br/>몽글달걀탕 (1.13)<br/>새송이조림 (5.6.13.18)<br/>콩나물파채무침 (5)<br/>사과 <br/>삼겹살구이(전지) (10.13)<br/>배추김치 (9),돼지고기 : 국내산<br/>돼지고기 식육가공품 : 국내산<br/>쌀 : 국내산<br/>배추 : 국내산<br/>고춧가루 : 국내산,879.5 Kcal,탄수화물(g) : 64.4<br/>단백질(g) : 44.9<br/>지방(g) : 47.5<br/>비타민A(R.E) : 152.3<br/>티아민(mg) : 1.0<br/>리보플라빈(mg) : 0.8<br/>비타민C(mg) : 19.6<br/>칼슘(mg) : 1106.7<br/>철분(mg) : 4.4,20231205
B10,서울특별시교육청,7010073,당곡고등학교,2,중식,20231102,770.00,친환경칼슘기장밥 <br/>진미채야채무침 (5.6.13.17)<br/>고구마치즈돈까스&소스 (1.2.5.6.10.12.13.16)<br/>깍두기 (9)<br/>페스츄리감자스프 (2.5.6.16.18)<br/>짜먹는요거트 (2),돼지고기 식육가공품 : 국내산<br/>쌀 : 국내산<br/>쌀 가공품 : 국내산<br/>배추 : 국내산<br/>고춧가루 : 국내산<br/>오징어 수산가공품 : 진미채:페루,919.8 Kcal,탄수화물(g) : 126.5<br/>단백질(g) : 27.9<br/>지방(g) : 33.4<br/>비타민A(R.E) : 115.2<br/>티아민(mg) : 1.2<br/>리보플라빈(mg) : 0.4<br/>비타민C(mg) : 10.2<br/>칼슘(mg) : 936.9<br/>철분(mg) : 2.0,20231205
B10,서울특별시교육청,7010073,당곡고등학교,2,중식,20231103,770.00,추가밥 <br/>돈코츠라멘 (1.2.5.6.9.10.13.15.16.18)<br/>깐쇼새우 (1.5.6.9.12.13)<br/>배추김치 (9)<br/>귤 <br/>얼갈이무침 (13),"돼지고기 : 국내산<br/>쌀 : 국내산<br/>배추 : 국내산<br/>고춧가루 : 국내산<br/>비고 : 깐쇼새우:베트남, 메추리알:국산",947.9 Kcal,탄수화물(g) : 136.2<br/>단백질(g) : 35.9<br/>지방(g) : 26.0<br/>비타민A(R.E) : 149.7<br/>티아민(mg) : 0.8<br/>리보플라빈(mg) : 0.4<br/>비타민C(mg) : 31.3<br/>칼슘(mg) : 869.0<br/>철분(mg) : 3.0,20231205
B10,서울특별시교육청,7010073,당곡고등학교,2,중식,20231106,790.00,칼슘강화기장밥 <br/>참치미역국 (5.6.16.18)<br/>바베큐폭립 (5.6.10.12.13)<br/>시금치나물 <br/>지짐꽃전 (2.5.6.13)<br/>파김치 (9)<br/>마카롱 (1.2),돼지고기 : 국내산<br/>돼지고기 식육가공품 : 국내산<br/>쌀 : 국내산<br/>배추 : 국내산<br/>고춧가루 : 국내산<br/>비고 : 참치: 원양산,875.6 Kcal,탄수화물(g) : 143.5<br/>단백질(g) : 27.8<br/>지방(g) : 20.4<br/>비타민A(R.E) : 150.8<br/>티아민(mg) : 0.4<br/>리보플라빈(mg) : 0.3<br/>비타민C(mg) : 24.2<br/>칼슘(mg) : 933.0<br/>철분(mg) : 2.8,20231205
B10,서울특별시교육청,7010073,당곡고등학교,2,중식,20231107,770.00,나물비빔밥*고추장 (5.6.13)<br/>유부미소국 (5.6.13)<br/>비건만두 (1.5.6.10.16.18)<br/>근대된장무침(자율) (5.6)<br/>삼치카레구이 (2.5.6.12.13.16.18)<br/>배추김치 (9)<br/>조각파인애플 ,"쌀 : 국내산<br/>쌀 가공품 : 국내산<br/>배추 : 국내산<br/>고춧가루 : 국내산<br/>콩 가공품 : 두부(콩), 유부:수입<br/>비고 : 삼치:국산",844.4 Kcal,탄수화물(g) : 137.8<br/>단백질(g) : 35.7<br/>지방(g) : 15.2<br/>비타민A(R.E) : 171.5<br/>티아민(mg) : 0.6<br/>리보플라빈(mg) : 0.5<br/>비타민C(mg) : 29.7<br/>칼슘(mg) : 1269.1<br/>철분(mg) : 3.5,20231205
B10,서울특별시교육청,7010073,당곡고등학교,2,중식,20231108,770.00,추가밥 <br/>김치어묵우동 (1.5.6.9.13)<br/>올방개묵김치무침 (9)<br/>파닭꼬치&매콤소스 (5.6.12.13.15)<br/>깍두기 (9)<br/>감말랭이야채샐러드 (1.2.5.6),"닭고기 식육가공품 : 미국산<br/>쌀 : 국내산<br/>쌀 가공품 : 국내산<br/>배추 : 국내산<br/>고춧가루 : 국내산<br/>전복 : <br/>비고 : 어묵(연육):국산, 묵(올방개묵):중국산",813.1 Kcal,탄수화물(g) : 141.1<br/>단백질(g) : 29.4<br/>지방(g) : 14.3<br/>비타민A(R.E) : 122.8<br/>티아민(mg) : 0.7<br/>리보플라빈(mg) : 0.5<br/>비타민C(mg) : 7.1<br/>칼슘(mg) : 836.5<br/>철분(mg) : 12.2,20231205
B10,서울특별시교육청,7010073,당곡고등학교,2,중식,20231109,770.00,친환경현미밥 <br/>건새우아욱국 (5.6.9.13)<br/>배추겉절이 (13)<br/>돼지불백 (5.6.10.12.13)<br/>상추&쌈장 (5.6)<br/>에너지바 (2.5),돼지고기 : 국내산<br/>쌀 : 국내산<br/>쌀 가공품 : 국내산<br/>배추 : 국내산<br/>고춧가루 : 국내산<br/>비고 : 새우(꽃새우):국산,772.7 Kcal,탄수화물(g) : 119.8<br/>단백질(g) : 44.2<br/>지방(g) : 11.6<br/>비타민A(R.E) : 191.9<br/>티아민(mg) : 1.3<br/>리보플라빈(mg) : 0.9<br/>비타민C(mg) : 19.6<br/>칼슘(mg) : 1369.0<br/>철분(mg) : 4.2,20231205
B10,서울특별시교육청,7010073,당곡고등학교,2,중식,20231110,770.00,순살양념치밥 (5.6.12.13.15)<br/>맑은콩나물국 (5.6.13)<br/>브로콜리무침 <br/>떡갈비&소스 (1.2.5.6.10.12.13.15.16.18)<br/>배추김치 (9)<br/>빼빼로 (1.2.4.5.6.10.13.16),돼지고기 식육가공품 : 국내산<br/>닭고기 : 국내산<br/>쌀 : 국내산<br/>쌀 가공품 : 국내산<br/>배추 : 국내산<br/>고춧가루 : 국내산,886.3 Kcal,탄수화물(g) : 81.3<br/>단백질(g) : 58.5<br/>지방(g) : 36.6<br/>비타민A(R.E) : 67.4<br/>티아민(mg) : 2.7<br/>리보플라빈(mg) : 0.5<br/>비타민C(mg) : 16.0<br/>칼슘(mg) : 1249.2<br/>철분(mg) : 4.4,20231205
B10,서울특별시교육청,7010073,당곡고등학교,2,중식,20231113,790.00,추가밥 <br/>고명장국 (1.2.5.6.9.13)<br/>두부쑥갓나물 (5)<br/>떡볶이 (1.2.5.6.12.13.16.18)<br/>배추김치 (9)<br/>오징어다리튀김 (1.5.6.17)<br/>스테비아토마토 (12),쌀 : 국내산<br/>쌀 가공품 : 국내산<br/>배추 : 국내산<br/>고춧가루 : 국내산<br/>콩 가공품 : 두부(콩):국산<br/>오징어 수산가공품 : 국내산<br/>비고 : 어묵(연육):국산,839.5 Kcal,탄수화물(g) : 164.5<br/>단백질(g) : 19.9<br/>지방(g) : 10.4<br/>비타민A(R.E) : 141.5<br/>티아민(mg) : 0.3<br/>리보플라빈(mg) : 0.4<br/>비타민C(mg) : 14.1<br/>칼슘(mg) : 653.6<br/>철분(mg) : 2.6,20231205
B10,서울특별시교육청,7010073,당곡고등학교,2,중식,20231114,770.00,햄김치볶음밥 (1.2.5.6.9.10.15.16)<br/>팽이장국 (5.6)<br/>깍두기 (9)<br/>오렌지주스 (13)<br/>찹쌀떡(수능) (1.2.5.6)<br/>돈마호크&바베큐소스 (1.2.5.6.10.12.16)<br/>옥수수버터구이 (2)<br/>초콜릿 (2.5),돼지고기 : 국내산<br/>돼지고기 식육가공품 : 국내산<br/>쌀 : 국내산<br/>쌀 가공품 : 국내산<br/>배추 : 국내산<br/>고춧가루 : 국내산<br/>콩 가공품 : 두부(콩):수입,867.5 Kcal,탄수화물(g) : 104.2<br/>단백질(g) : 34.2<br/>지방(g) : 34.3<br/>비타민A(R.E) : 54.1<br/>티아민(mg) : 1.1<br/>리보플라빈(mg) : 0.6<br/>비타민C(mg) : 125.4<br/>칼슘(mg) : 1311.8<br/>철분(mg) : 3.3,20231205
B10,서울특별시교육청,7010073,당곡고등학교,2,중식,20231120,565.00,친환경현미밥 <br/>한우갈비탕&당면 (13.16)<br/>닭볶음탕 (5.6.13.15)<br/>오징어김치전(완) (1.5.6)<br/>석박지 (9)<br/>단감 ,쇠고기(종류) : 국내산(한우)<br/>닭고기 : 국내산<br/>닭고기 식육가공품 : <br/>쌀 : 국내산<br/>쌀 가공품 : 국내산<br/>배추 : 국내산<br/>고춧가루 : 국내산<br/>오징어 수산가공품 : 국내산,878.1 Kcal,탄수화물(g) : 123.5<br/>단백질(g) : 46.8<br/>지방(g) : 20.1<br/>비타민A(R.E) : 174.1<br/>티아민(mg) : 0.6<br/>리보플라빈(mg) : 0.7<br/>비타민C(mg) : 13.3<br/>칼슘(mg) : 1220.9<br/>철분(mg) : 4.2,20231205
B10,서울특별시교육청,7010073,당곡고등학교,2,중식,20231121,565.00,자장면 (5.6.13.16)<br/>짬뽕국 (5.6.9.13.17.18)<br/>꼬들단무지무침 <br/>훈제연어스테이크&소스 (1.3.5.13)<br/>배추김치 (9)<br/>찹쌀호떡&아이스크림 (1.2.5.6),"쌀 : 국내산<br/>쌀 가공품 : 국내산<br/>배추 : 국내산<br/>고춧가루 : 국내산<br/>오징어 : 국내산<br/>비고 : 홍합살:국산,연어:미국산",978.9 Kcal,탄수화물(g) : 144.0<br/>단백질(g) : 37.7<br/>지방(g) : 31.2<br/>비타민A(R.E) : 172.9<br/>티아민(mg) : 0.5<br/>리보플라빈(mg) : 0.4<br/>비타민C(mg) : 21.9<br/>칼슘(mg) : 1175.8<br/>철분(mg) : 3.4,20231205
B10,서울특별시교육청,7010073,당곡고등학교,2,중식,20231122,565.00,고추참치소보로덮밥 (1.5.9.12.13.16)<br/>맑은감자국 (5.6.13)<br/>두부조림 (5.6.13)<br/>망고야채샐러드 (1.2.5.6.12)<br/>새우감자치즈 (1.2.5.9)<br/>배추김치 (9),"쌀 : 국내산<br/>쌀 가공품 : 국내산<br/>배추 : 국내산<br/>고춧가루 : 국내산<br/>콩 가공품 : 국내산<br/>비고 : 참치:원양산, 새우(흰다리새우):에콰도르",807.8 Kcal,탄수화물(g) : 91.7<br/>단백질(g) : 38.9<br/>지방(g) : 31.2<br/>비타민A(R.E) : 411.1<br/>티아민(mg) : 0.3<br/>리보플라빈(mg) : 1.2<br/>비타민C(mg) : 18.0<br/>칼슘(mg) : 1399.3<br/>철분(mg) : 5.3,20231205
B10,서울특별시교육청,7010073,당곡고등학교,2,중식,20231123,565.00,친환경잡곡밥 (5)<br/>오징어무국 (5.6.13.17)<br/>매운갈비찜 (5.6.10.13)<br/>건새우마늘쫑볶음 (5.6.9.13)<br/>도시락김 <br/>총각김치 (9)<br/>바나나우유 (2),돼지고기 : 국내산<br/>쌀 : 국내산<br/>쌀 가공품 : 국내산<br/>배추 : 국내산<br/>고춧가루 : 국내산<br/>오징어 : 국내산<br/>비고 : 새우(꽃새우):국산,927.7 Kcal,탄수화물(g) : 112.5<br/>단백질(g) : 40.9<br/>지방(g) : 33.3<br/>비타민A(R.E) : 198.6<br/>티아민(mg) : 0.8<br/>리보플라빈(mg) : 0.8<br/>비타민C(mg) : 15.2<br/>칼슘(mg) : 1214.5<br/>철분(mg) : 2.5,20231205
B10,서울특별시교육청,7010073,당곡고등학교,2,중식,20231124,565.00,김치국 (9)<br/>골뱅이야채무침 (5.6.17)<br/>곤드레나물밥&양념장 (5.6.13)<br/>닭날개오븐구이 (5.6.13.15)<br/>깍두기 (9)<br/>미니붕어빵 (1.2.5.6),"닭고기 : 국내산<br/>쌀 : 국내산<br/>쌀 가공품 : 국내산<br/>배추 : 국내산<br/>고춧가루 : 국내산<br/>오징어 : <br/>오징어 수산가공품 : 진미채(오징어):페루산<br/>비고 : 골뱅이:영국,아일랜드,노르웨이",917.1 Kcal,탄수화물(g) : 78.5<br/>단백질(g) : 44.1<br/>지방(g) : 45.3<br/>비타민A(R.E) : 251.4<br/>티아민(mg) : 0.5<br/>리보플라빈(mg) : 0.8<br/>비타민C(mg) : 9.7<br/>칼슘(mg) : 1014.3<br/>철분(mg) : 3.8,20231205
B10,서울특별시교육청,7010073,당곡고등학교,2,중식,20231127,565.00,친환경칼슘기장밥 <br/>쇠고기무국 (16)<br/>고등어김치찜 (5.6.7.9.13)<br/>브로콜리무침 <br/>팝콘치킨&양념소스 (1.5.6.12.13.15)<br/>배추김치 (9)<br/>조각배 ,쇠고기(종류) : 국내산(한우)<br/>돼지고기 식육가공품 : 국내산<br/>닭고기 식육가공품 : 국내산<br/>쌀 : 국내산<br/>배추 : 국내산<br/>고춧가루 : 국내산<br/>고등어 : 국내산,870.6 Kcal,탄수화물(g) : 103.4<br/>단백질(g) : 38.9<br/>지방(g) : 32.5<br/>비타민A(R.E) : 130.6<br/>티아민(mg) : 0.4<br/>리보플라빈(mg) : 0.8<br/>비타민C(mg) : 18.4<br/>칼슘(mg) : 1009.7<br/>철분(mg) : 3.8,20231205
B10,서울특별시교육청,7010073,당곡고등학교,2,중식,20231129,565.00,친환경흑미밥 <br/>꼬치어묵국 (1.5.6.9.13)<br/>미나리초무침 (5.6)<br/>돈육고추장불고기 (5.6.10.13)<br/>분홍소시지전 (1.2.5.6.10.15.16)<br/>배추김치 (9),"돼지고기 : 국내산<br/>돼지고기 식육가공품 : 국내산<br/>쌀 : 국내산<br/>배추 : 국내산<br/>고춧가루 : 국내산<br/>비고 : 어묵(연육):수입,소시지(연육):수입,국산",824.5 Kcal,탄수화물(g) : 101.9<br/>단백질(g) : 46.7<br/>지방(g) : 24.4<br/>비타민A(R.E) : 218.0<br/>티아민(mg) : 1.2<br/>리보플라빈(mg) : 0.6<br/>비타민C(mg) : 26.0<br/>칼슘(mg) : 1183.8<br/>철분(mg) : 3.4,20231206
B10,서울특별시교육청,7010073,당곡고등학교,2,중식,20231130,565.00,낙지덮밥 (5.6.13)<br/>얼갈이된장국 (5.6)<br/>사과 <br/>카레감자채볶음 (2.5.6.12.13.16.18)<br/>미트볼데리야끼볶음 (1.2.5.6.10.13.15.16)<br/>배추김치 (9),돼지고기 식육가공품 : 국내산<br/>쌀 : 국내산<br/>배추 : 국내산<br/>고춧가루 : 국내산<br/>낙지 : 중국산,844.1 Kcal,탄수화물(g) : 102.8<br/>단백질(g) : 42.6<br/>지방(g) : 27.8<br/>비타민A(R.E) : 200.4<br/>티아민(mg) : 0.7<br/>리보플라빈(mg) : 0.6<br/>비타민C(mg) : 23.7<br/>칼슘(mg) : 1522.2<br/>철분(mg) : 5.4,20231207
B10,서울특별시교육청,7010073,당곡고등학교,2,중식,20231201,620.00,추가밥 <br/>영양닭죽 (15)<br/>오이도라지초무침 (5.6.13)<br/>사각피자 (1.2.5.6.15.16)<br/>배추김치 (9)<br/>돈육메추리알조림(덩어리) (1.5.6.10.13),돼지고기 : 국내산<br/>돼지고기 식육가공품 : <br/>닭고기 : 국내산<br/>닭고기 식육가공품 : 국내산<br/>쌀 : 국내산<br/>배추 : 국내산<br/>고춧가루 : 국내산<br/>비고 : 메추리알:국산,726.9 Kcal,탄수화물(g) : 86.0<br/>단백질(g) : 41.1<br/>지방(g) : 72.5<br/>비타민A(R.E) : 134.0<br/>티아민(mg) : 0.6<br/>리보플라빈(mg) : 0.9<br/>비타민C(mg) : 5.9<br/>칼슘(mg) : 799.1<br/>철분(mg) : 2.8,20231208
B10,서울특별시교육청,7010073,당곡고등학교,2,중식,20231204,620.00,칼슘강화기장밥 <br/>오레오케이크 (1.2.5.6.16)<br/>쇠고기미역국 (5.6.16)<br/>매운갈비찜 (5.6.10.13)<br/>미나리초무침 (5.6)<br/>배추김치 (9)<br/>해물완자전(-계란) (1.2.5.6.8.9.16.17.18),"쇠고기(종류) : 국내산(한우)<br/>돼지고기 : 국내산<br/>쌀 : 국내산<br/>배추 : 국내산<br/>고춧가루 : 국내산<br/>오징어 수산가공품 : 칠레,페루산",792.1 Kcal,탄수화물(g) : 120.0<br/>단백질(g) : 40.2<br/>지방(g) : 15.4<br/>비타민A(R.E) : 111.4<br/>티아민(mg) : 1.1<br/>리보플라빈(mg) : 0.6<br/>비타민C(mg) : 9.2<br/>칼슘(mg) : 978.5<br/>철분(mg) : 3.1,20231211
B10,서울특별시교육청,7010073,당곡고등학교,2,중식,20231222,570.00,친환경현미밥 <br/>양송이스프 (2.5.6.13.16)<br/>바베큐폭립 (5.6.10.12.13)<br/>시금치나물 <br/>고추장멸치볶음 (5.6.13)<br/>깍두기 (9)<br/>성탄케이크 (1.2.5.6),돼지고기 : 국내산<br/>쌀 : 국내산<br/>배추 : 국내산<br/>고춧가루 : 국내산,897.2 Kcal,탄수화물(g) : 128.7<br/>단백질(g) : 29.3<br/>지방(g) : 27.5<br/>비타민A(R.E) : 213.9<br/>티아민(mg) : 0.5<br/>리보플라빈(mg) : 0.5<br/>비타민C(mg) : 31.6<br/>칼슘(mg) : 1114.6<br/>철분(mg) : 3.4,20231229
B10,서울특별시교육청,7010073,당곡고등학교,2,중식,20231226,570.00,친환경흑미밥 <br/>돈육감자탕 (5.6.10.13.16)<br/>두부쑥갓나물 (5)<br/>소시지야채볶음 (2.5.6.10.12.13.15.16.18)<br/>오징어야채볶음s (5.6.13.17.18)<br/>배추김치 (9)<br/>바나나우유 (2),돼지고기 : 국내산<br/>돼지고기 식육가공품 : 국내산<br/>쌀 : 국내산<br/>배추 : 국내산<br/>고춧가루 : 국내산<br/>콩 가공품 : 두부(콩):국산<br/>오징어 : 국내산,991.8 Kcal,탄수화물(g) : 100.3<br/>단백질(g) : 64.8<br/>지방(g) : 34.0<br/>비타민A(R.E) : 411.4<br/>티아민(mg) : 1.0<br/>리보플라빈(mg) : 1.6<br/>비타민C(mg) : 48.2<br/>칼슘(mg) : 1802.0<br/>철분(mg) : 3.9,20240102
B10,서울특별시교육청,7010073,당곡고등학교,2,중식,20231227,570.00,몽글달걀탕 (1.13)<br/>얼갈이된장무침 (5.6.13)<br/>사과 <br/>치즈불닭 (2.5.6.13.15)<br/>오꼬노미야끼 (1.5.6.12.13.17.18)<br/>배추김치 (9)<br/>칼슘강화귀리밥 ,닭고기 : 국내산<br/>쌀 : 국내산<br/>배추 : 국내산<br/>고춧가루 : 국내산<br/>오징어 : 국내산<br/>비고 : 계란:국산,882.8 Kcal,탄수화물(g) : 101.8<br/>단백질(g) : 54.2<br/>지방(g) : 27.2<br/>비타민A(R.E) : 366.2<br/>티아민(mg) : 0.6<br/>리보플라빈(mg) : 0.8<br/>비타민C(mg) : 18.4<br/>칼슘(mg) : 1208.6<br/>철분(mg) : 4.9,20240103
B10,서울특별시교육청,7010073,당곡고등학교,2,중식,20231228,570.00,추가밥 <br/>스파게티 (1.2.5.6.10.12.13.16)<br/>온두부&김치볶음 (5.9.13)<br/>삼색피클 <br/>돈까스샐러드(허니소스) (1.2.5.6.10),돼지고기 식육가공품 : 국내산<br/>쌀 : 국내산<br/>배추 : 국내산<br/>고춧가루 : 국내산<br/>콩 가공품 : 두부(콩):국산,872.7 Kcal,탄수화물(g) : 94.6<br/>단백질(g) : 24.3<br/>지방(g) : 43.5<br/>비타민A(R.E) : 143.6<br/>티아민(mg) : 0.5<br/>리보플라빈(mg) : 0.5<br/>비타민C(mg) : 14.7<br/>칼슘(mg) : 1169.2<br/>철분(mg) : 4.2,20240104
B10,서울특별시교육청,7010073,당곡고등학교,2,중식,20240305,800.00,북어국 (1.5.6.13)<br/>고기튀김 (2.4.5.6.10.16)<br/>닭볶음탕 (5.6.13.15)<br/>배추김치 (9)<br/>마카롱 (1.2)<br/>수제양파고추장아찌 (6.12.13.18)<br/>칼슘강화밥 ,돼지고기 식육가공품 : 국내산<br/>닭고기 : 국내산<br/>쌀 : 국내산<br/>배추 : 국내산<br/>고춧가루 : 국내산<br/>명태 수산가공품 : 북어채:러시아,780.4 Kcal,탄수화물(g) : 75.8<br/>단백질(g) : 44.3<br/>지방(g) : 33.0<br/>비타민A(R.E) : 176.1<br/>티아민(mg) : 0.5<br/>리보플라빈(mg) : 0.5<br/>비타민C(mg) : 12.8<br/>칼슘(mg) : 149159.0<br/>철분(mg) : 3.8,20240312
B10,서울특별시교육청,7010073,당곡고등학교,2,중식,20240306,800.00,추가후리가케밥 (1.2.5.6.9.13.16.18)<br/>볼어묵국 (1.5.6.7.13.18)<br/>시금치나물 <br/>김말이 (1.2.5.6.12.13.16)<br/>배추김치 (9)<br/>로제떡볶이 (1.2.5.6.10.13.15.16.18)<br/>복숭아주스 (2.11),"돼지고기 식육가공품 : 국내산<br/>쌀 : 국내산<br/>배추 : 국내산<br/>고춧가루 : 국내산<br/>비고 : 어묵(연육):수입,우유(원유):국산",945.6 Kcal,탄수화물(g) : 162.6<br/>단백질(g) : 23.5<br/>지방(g) : 24.3<br/>비타민A(R.E) : 271.1<br/>티아민(mg) : 0.4<br/>리보플라빈(mg) : 0.5<br/>비타민C(mg) : 31.7<br/>칼슘(mg) : 870.6<br/>철분(mg) : 10.8,20240313
B10,서울특별시교육청,7010073,당곡고등학교,2,중식,20240307,800.00,친환경흑미밥 <br/>우거지해장국 (5.6.13.16)<br/>교자만두찜&양념장 (1.5.6.10.13.16.18)<br/>매콤달걀조림 (1.5.6.13)<br/>유채나물 <br/>석박지 (9)<br/>친환경방울토마토 (12),쇠고기(종류) : 국내산(한우)<br/>돼지고기 식육가공품 : 국내산<br/>쌀 : 국내산<br/>배추 : 국내산<br/>고춧가루 : 국내산<br/>비고 : 찐달걀:국산,898.4 Kcal,탄수화물(g) : 135.1<br/>단백질(g) : 34.8<br/>지방(g) : 22.8<br/>비타민A(R.E) : 292.2<br/>티아민(mg) : 0.9<br/>리보플라빈(mg) : 0.8<br/>비타민C(mg) : 32.7<br/>칼슘(mg) : 1093.9<br/>철분(mg) : 7.4,20240314
B10,서울특별시교육청,7010073,당곡고등학교,2,중식,20240308,800.00,팽이버섯된장국 (5.6.13)<br/>실곤약야채무침(초) (5.6.13)<br/>등심돈까스&브라운s (1.2.5.6.10.12.13.16)<br/>배추김치 (9)<br/>딸기 <br/>소시지달걀볶음밥 (1.2.5.6.10.13.15.16.18),돼지고기 식육가공품 : 국내산<br/>쌀 : 국내산<br/>배추 : 국내산<br/>고춧가루 : 국내산<br/>콩 가공품 : 두부(콩):수입,1018.9 Kcal,탄수화물(g) : 86.4<br/>단백질(g) : 29.3<br/>지방(g) : 61.5<br/>비타민A(R.E) : 68.1<br/>티아민(mg) : 0.5<br/>리보플라빈(mg) : 0.5<br/>비타민C(mg) : 74.8<br/>칼슘(mg) : 1062.1<br/>철분(mg) : 4.3,20240315
B10,서울특별시교육청,7010073,당곡고등학교,2,중식,20240311,820.00,칼슘강화기장밥 <br/>쇠고기미역국 (5.6.16)<br/>매운갈비찜 (5.6.10.13)<br/>버섯잡채 (5.6.13)<br/>참나물사과무침 <br/>배추김치 (9)<br/>초코케이크 (1.2.5.6.10.13),쇠고기(종류) : 국내산(한우)<br/>돼지고기 : 국내산<br/>쌀 : 국내산<br/>배추 : 국내산<br/>고춧가루 : 국내산,816.9 Kcal,탄수화물(g) : 115.4<br/>단백질(g) : 30.9<br/>지방(g) : 24.9<br/>비타민A(R.E) : 193.2<br/>티아민(mg) : 0.6<br/>리보플라빈(mg) : 1.0<br/>비타민C(mg) : 14.0<br/>칼슘(mg) : 1304.1<br/>철분(mg) : 5.0,20240318
B10,서울특별시교육청,7010073,당곡고등학교,2,중식,20240312,800.00,파송송달걀국 (1.13)<br/>불닭팽이버섯 (5.6.13)<br/>레몬크림깐쇼새우 (1.2.5.6.9.13)<br/>마파두부덮밥 (5.6.12.13.18)<br/>배추김치 (9)<br/>포도 ,쌀 : 국내산<br/>배추 : 국내산<br/>고춧가루 : 국내산<br/>콩 가공품 : 두부(콩):수입<br/>비고 : 새우:베트남,859.2 Kcal,탄수화물(g) : 116.9<br/>단백질(g) : 32.5<br/>지방(g) : 31.0<br/>비타민A(R.E) : 218.2<br/>티아민(mg) : 0.5<br/>리보플라빈(mg) : 0.9<br/>비타민C(mg) : 11.7<br/>칼슘(mg) : 1196.7<br/>철분(mg) : 5.4,20240319
B10,서울특별시교육청,7010073,당곡고등학교,2,중식,20240313,800.00,친환경잡곡밥 (5)<br/>두부새우젓국 (1.5.6.9.13)<br/>닭갈비 (5.6.13.15)<br/>타코야끼 (1.2.5.6.10.13.15.16.18)<br/>배추김치 (9)<br/>젤리음료 <br/>시금치나물 (13),"닭고기 : 국내산<br/>쌀 : 국내산<br/>배추 : 국내산<br/>고춧가루 : 국내산<br/>콩 가공품 : 두부(콩):수입<br/>비고 : 새우젓:국산,문어:수입",881.0 Kcal,탄수화물(g) : 107.3<br/>단백질(g) : 45.8<br/>지방(g) : 28.8<br/>비타민A(R.E) : 226.6<br/>티아민(mg) : 0.5<br/>리보플라빈(mg) : 0.4<br/>비타민C(mg) : 16.7<br/>칼슘(mg) : 1023.1<br/>철분(mg) : 3.4,20240320
B10,서울특별시교육청,7010073,당곡고등학교,2,중식,20240314,800.00,친환경차수수밥 <br/>육개장 (1.16)<br/>도토리묵무침 (5.6.13)<br/>카레감자채볶음 (2.5.6.12.13.16.18)<br/>유린가자미 (3.5.6.13)<br/>석박지 (9)<br/>요거톡 (2),"쇠고기(종류) : 국내산(한우)<br/>쌀 : 국내산<br/>배추 : 국내산<br/>고춧가루 : 국내산<br/>비고 : 가자미:미국또는러시아, 도토리묵:중국",873.4 Kcal,탄수화물(g) : 119.0<br/>단백질(g) : 34.7<br/>지방(g) : 27.2<br/>비타민A(R.E) : 180.1<br/>티아민(mg) : 0.5<br/>리보플라빈(mg) : 0.7<br/>비타민C(mg) : 27.0<br/>칼슘(mg) : 1292.9<br/>철분(mg) : 3.0,20240321
B10,서울특별시교육청,7010073,당곡고등학교,2,중식,20240315,800.00,자장밥 (5.6.10.13.16)<br/>미소국 (5.6.13)<br/>타워함박스테이크 (1.2.5.6.10.12.13.15.16)<br/>배추김치 (9)<br/>양배추샐러드&사우전D (1.2.5.6),쇠고기 식육가공품 : 국내산<br/>돼지고기 : 국내산<br/>돼지고기 식육가공품 : 국내산<br/>쌀 : 국내산<br/>배추 : 국내산<br/>고춧가루 : 국내산<br/>콩 가공품 : 두부(콩):수입,895.9 Kcal,탄수화물(g) : 123.4<br/>단백질(g) : 36.8<br/>지방(g) : 27.7<br/>비타민A(R.E) : 211.0<br/>티아민(mg) : 2.2<br/>리보플라빈(mg) : 0.6<br/>비타민C(mg) : 20.4<br/>칼슘(mg) : 1145.2<br/>철분(mg) : 4.5,20240322
B10,서울특별시교육청,7010073,당곡고등학교,2,중식,20240318,820.00,칼슘강화기장밥 <br/>얼큰콩나물국 (5.6.13)<br/>연두부&양념장 (5.6.13)<br/>무말랭이장아찌 <br/>돼지불백 (5.6.10.12.13)<br/>배추김치 (9)<br/>후렌치파이 (1.2.5.6),돼지고기 : 국내산<br/>쌀 : 국내산<br/>배추 : 국내산<br/>고춧가루 : 국내산<br/>콩 가공품 : 연두부(콩):국산,863.0 Kcal,탄수화물(g) : 115.9<br/>단백질(g) : 52.3<br/>지방(g) : 18.3<br/>비타민A(R.E) : 65.5<br/>티아민(mg) : 1.7<br/>리보플라빈(mg) : 0.8<br/>비타민C(mg) : 12.7<br/>칼슘(mg) : 1366.9<br/>철분(mg) : 4.6,20240325
B10,서울특별시교육청,7010073,당곡고등학교,2,중식,20240319,800.00,깍두기볶음밥 (5.6.9.13)<br/>팽이버섯된장국 (5.6.13)<br/>스크램블드에그 (1)<br/>사각피자 (1.2.5.6.10.12.13.15.16)<br/>배추김치 (9)<br/>양상추샐러드(발사믹D) (1.2.5.6.12),닭고기 식육가공품 : 국내산<br/>쌀 : 국내산<br/>배추 : 국내산<br/>고춧가루 : 국내산<br/>콩 가공품 : 두부(콩):수입,846.1 Kcal,탄수화물(g) : 107.6<br/>단백질(g) : 35.2<br/>지방(g) : 30.3<br/>비타민A(R.E) : 174.1<br/>티아민(mg) : 0.6<br/>리보플라빈(mg) : 0.9<br/>비타민C(mg) : 8.1<br/>칼슘(mg) : 1132.8<br/>철분(mg) : 4.7,20240326
B10,서울특별시교육청,7010073,당곡고등학교,2,중식,20240320,800.00,친환경보리밥 <br/>비빔국수 (5.6.9.13.16)<br/>오징어무국 (17)<br/>보쌈 (5.6.10)<br/>배추김치 (9)<br/>상추&쌈장 (5.6)<br/>오렌지 ,돼지고기 : 국내산<br/>쌀 : 국내산<br/>배추 : 국내산<br/>고춧가루 : 국내산<br/>오징어 : 국내산,876.4 Kcal,탄수화물(g) : 105.7<br/>단백질(g) : 60.4<br/>지방(g) : 20.1<br/>비타민A(R.E) : 172.4<br/>티아민(mg) : 1.4<br/>리보플라빈(mg) : 1.0<br/>비타민C(mg) : 41.5<br/>칼슘(mg) : 1705.7<br/>철분(mg) : 4.6,20240327
B10,서울특별시교육청,7010073,당곡고등학교,2,중식,20240321,800.00,친환경현미밥 <br/>햄찌개 (1.2.5.6.9.10.15.16)<br/>브로콜리무침 <br/>삼치양념구이 (5.6.13)<br/>총각김치 (9)<br/>돈육메추리알조림 (1.5.6.10.13)<br/>회오리감자 (2.5.6),돼지고기 : 국내산<br/>돼지고기 식육가공품 : 국내산<br/>쌀 : 국내산<br/>배추 : 국내산<br/>고춧가루 : 국내산<br/>콩 가공품 : 두부(콩):수입<br/>비고 : 삼치 : 국산,853.5 Kcal,탄수화물(g) : 113.8<br/>단백질(g) : 49.9<br/>지방(g) : 18.9<br/>비타민A(R.E) : 157.9<br/>티아민(mg) : 0.9<br/>리보플라빈(mg) : 1.0<br/>비타민C(mg) : 26.4<br/>칼슘(mg) : 1511.8<br/>철분(mg) : 4.0,20240328
B10,서울특별시교육청,7010073,당곡고등학교,2,중식,20240322,800.00,추가밥 <br/>김치어묵우동(대) (1.5.6.9.13)<br/>올방개묵김가루무침 <br/>파채닭강정 (1.2.5.6.12.13.15.16)<br/>깍두기 (9)<br/>달콤한토마토 (12.13),"닭고기 식육가공품 : 국내산<br/>쌀 : 국내산<br/>배추 : 국내산<br/>고춧가루 : 국내산<br/>비고 : 어묵(연육):국내산, 올방개묵:중국",892.6 Kcal,탄수화물(g) : 146.0<br/>단백질(g) : 22.8<br/>지방(g) : 22.9<br/>비타민A(R.E) : 42.4<br/>티아민(mg) : 0.4<br/>리보플라빈(mg) : 0.3<br/>비타민C(mg) : 15.3<br/>칼슘(mg) : 582.7<br/>철분(mg) : 2.8,20240329
B10,서울특별시교육청,7010073,당곡고등학교,2,중식,20240325,820.00,칼슘강화기장밥 <br/>배추된장국 (5.6.13)<br/>야채달걀찜 (1.9)<br/>매콤콩나물무침 (5)<br/>돈육고추장불고기 (5.6.10.13)<br/>총각김치 (9)<br/>짜먹는젤리 ,돼지고기 : 국내산<br/>쌀 : 국내산<br/>배추 : 국내산<br/>고춧가루 : 국내산<br/>비고 : 전락액:국산,824.1 Kcal,탄수화물(g) : 111.8<br/>단백질(g) : 52.1<br/>지방(g) : 16.5<br/>비타민A(R.E) : 289.5<br/>티아민(mg) : 1.4<br/>리보플라빈(mg) : 0.8<br/>비타민C(mg) : 17.9<br/>칼슘(mg) : 1373.5<br/>철분(mg) : 4.5,20240401
B10,서울특별시교육청,7010073,당곡고등학교,2,중식,20240326,800.00,감자찌개 (5.6)<br/>풋마늘오징어무침 (5.6.17)<br/>곤드레나물밥&양념장 (5.6.13)<br/>생선까스&콘소스 (1.2.5.6.13)<br/>배추김치 (9)<br/>조각파인애플 ,쌀 : 국내산<br/>배추 : 국내산<br/>고춧가루 : 국내산<br/>오징어 : 국내산<br/>비고 : 생선까스(대구):국산,859.3 Kcal,탄수화물(g) : 117.8<br/>단백질(g) : 33.6<br/>지방(g) : 26.3<br/>비타민A(R.E) : 188.2<br/>티아민(mg) : 0.4<br/>리보플라빈(mg) : 0.7<br/>비타민C(mg) : 45.9<br/>칼슘(mg) : 1109.3<br/>철분(mg) : 4.3,20240402
B10,서울특별시교육청,7010073,당곡고등학교,2,중식,20240327,800.00,우엉볶음밥 (5.6.13.16)<br/>순두부찌개 (5.6.10)<br/>오이부추무침 (13)<br/>도시락김 <br/>배추김치 (9)<br/>딸기우유(200ml) (2)<br/>치킨스낵랩 (1.2.4.5.6.15.16),"쇠고기(종류) : 국내산(한우)<br/>돼지고기 : 국내산<br/>닭고기 식육가공품 : 국내산<br/>쌀 : 국내산<br/>배추 : 국내산<br/>고춧가루 : 국내산<br/>콩 가공품 : 순두부(콩):수입<br/>비고 : 김:국산, 우유(원유):국산",885.4 Kcal,탄수화물(g) : 134.8<br/>단백질(g) : 33.0<br/>지방(g) : 22.0<br/>비타민A(R.E) : 142.2<br/>티아민(mg) : 0.8<br/>리보플라빈(mg) : 0.6<br/>비타민C(mg) : 17.4<br/>칼슘(mg) : 1187.9<br/>철분(mg) : 3.6,20240403
B10,서울특별시교육청,7010073,당곡고등학교,2,중식,20240328,800.00,친환경현미밥 <br/>돈육감자탕 (5.6.10.13.16)<br/>찜닭(납작당면)_정육 (5.6.13.15)<br/>숙주나물무침 <br/>오징어김치전(완) (1.5.6)<br/>석박지 (9)<br/>초콜릿칩쿠키 (1.2.5.6),돼지고기 : 국내산<br/>닭고기 : <br/>쌀 : 국내산<br/>배추 : 국내산<br/>고춧가루 : 국내산<br/>오징어 수산가공품 : 국내산,836.1 Kcal,탄수화물(g) : 118.8<br/>단백질(g) : 51.5<br/>지방(g) : 15.5<br/>비타민A(R.E) : 188.7<br/>티아민(mg) : 0.8<br/>리보플라빈(mg) : 1.2<br/>비타민C(mg) : 17.1<br/>칼슘(mg) : 1425.9<br/>철분(mg) : 4.8,20240404
B10,서울특별시교육청,7010073,당곡고등학교,2,중식,20240329,800.00,추가밥 <br/>마라탕 (1.2.5.6.12.13.16.18)<br/>스프링롤&칠리s (1.5.6.10.12.13)<br/>배추김치 (9)<br/>아이스망고 <br/>청경채볶음 (5.6.13.18),쇠고기(종류) : 국내산(한우)<br/>돼지고기 식육가공품 : 국내산<br/>쌀 : 국내산<br/>배추 : 국내산<br/>고춧가루 : 국내산<br/>콩 가공품 : 포두부:중국<br/>비고 : 어묵(연육):국내산,858.5 Kcal,탄수화물(g) : 126.4<br/>단백질(g) : 18.9<br/>지방(g) : 30.9<br/>비타민A(R.E) : 430.2<br/>티아민(mg) : 0.4<br/>리보플라빈(mg) : 0.5<br/>비타민C(mg) : 40.3<br/>칼슘(mg) : 772.6<br/>철분(mg) : 4.0,20240405
B10,서울특별시교육청,7010073,당곡고등학교,2,중식,20240401,847.00,순살양념치밥 (5.6.12.13.15)<br/>미소국 (5.6)<br/>부추무침 (13)<br/>잔멸치볶음 (13)<br/>너비아니 (1.2.5.6.10.12.15.16.18)<br/>배추김치 (9)<br/>뻥이요 (2.5.16),돼지고기 식육가공품 : 국내산<br/>닭고기 : 국내산<br/>쌀 : 국내산<br/>배추 : 국내산<br/>고춧가루 : 국내산<br/>콩 가공품 : 두부(콩):외국산<br/>비고 : 지리멸치:국산,871.5 Kcal,탄수화물(g) : 76.9<br/>단백질(g) : 59.5<br/>지방(g) : 35.9<br/>비타민A(R.E) : 70.5<br/>티아민(mg) : 1.3<br/>리보플라빈(mg) : 0.5<br/>비타민C(mg) : 7.0<br/>칼슘(mg) : 1130.0<br/>철분(mg) : 5.0,20240408
B10,서울특별시교육청,7010073,당곡고등학교,2,중식,20240402,836.00,김밥맛볶음밥 (1.5.6.8)<br/>가쓰오브시국 (5.6.9.13)<br/>오이생채 (13)<br/>신전st떡볶이 (5.6.13)<br/>어묵튀김 (1.5.6)<br/>배추김치 (9),쌀 : 국내산<br/>배추 : 국내산<br/>고춧가루 : 국내산<br/>비고 : 어묵(연육):외국산,850.3 Kcal,탄수화물(g) : 150.3<br/>단백질(g) : 27.6<br/>지방(g) : 15.8<br/>비타민A(R.E) : 207.2<br/>티아민(mg) : 0.3<br/>리보플라빈(mg) : 0.4<br/>비타민C(mg) : 14.3<br/>칼슘(mg) : 723.8<br/>철분(mg) : 2.9,20240409
B10,서울특별시교육청,7010073,당곡고등학교,2,중식,20240403,839.00,친환경현미밥 <br/>두부된장찌개 (5.6.13)<br/>돼지갈비찜 (5.6.10.13)<br/>진미채야채무침 (5.6.13.17)<br/>오꼬노미야끼 (1.5.6.12.13.17.18)<br/>배추김치 (9)<br/>딸기 ,돼지고기 : 국내산<br/>쌀 : 국내산<br/>배추 : 국내산<br/>고춧가루 : 국내산<br/>콩 가공품 : 두부(콩):외국산<br/>뱀장어 : <br/>오징어 : 국내산<br/>오징어 수산가공품 : 진미채:페루산,879.5 Kcal,탄수화물(g) : 110.0<br/>단백질(g) : 52.6<br/>지방(g) : 23.3<br/>비타민A(R.E) : 130.9<br/>티아민(mg) : 1.1<br/>리보플라빈(mg) : 1.0<br/>비타민C(mg) : 67.8<br/>칼슘(mg) : 1591.1<br/>철분(mg) : 4.4,20240410
B10,서울특별시교육청,7010073,당곡고등학교,2,중식,20240404,839.00,친환경현미밥 <br/>순대국 (2.5.6.10.13.16)<br/>콩나물무침 (5)<br/>주꾸미볶음s (5.6.13)<br/>동그랑땡&케첩 (1.2.5.6.10.12.15.16)<br/>석박지 (9)<br/>오렌지 ,돼지고기 : 국내산<br/>돼지고기 식육가공품 : 국내산<br/>쌀 : 국내산<br/>배추 : 국내산<br/>고춧가루 : 국내산<br/>주꾸미 : 중국또는베트남산<br/>비고 : 순대:국내산,848.6 Kcal,탄수화물(g) : 99.7<br/>단백질(g) : 46.6<br/>지방(g) : 28.9<br/>비타민A(R.E) : 166.8<br/>티아민(mg) : 1.0<br/>리보플라빈(mg) : 0.8<br/>비타민C(mg) : 39.7<br/>칼슘(mg) : 1161.5<br/>철분(mg) : 7.7,20240411
B10,서울특별시교육청,7010073,당곡고등학교,2,중식,20240405,839.00,칼슘강화기장밥 <br/>얼큰콩나물국 (5)<br/>깻잎지 (9)<br/>온두부&김치볶음 (5.9.13)<br/>한그루마카롱(아몬드) (1.2.5.6)<br/>돈까스샐러드(허니소스) (1.2.5.6.10),돼지고기 식육가공품 : 국내산<br/>쌀 : 국내산<br/>배추 : 국내산<br/>고춧가루 : 국내산<br/>콩 가공품 : 두부(콩):국내산,872.4 Kcal,탄수화물(g) : 104.1<br/>단백질(g) : 21.3<br/>지방(g) : 40.6<br/>비타민A(R.E) : 86.6<br/>티아민(mg) : 0.3<br/>리보플라빈(mg) : 0.3<br/>비타민C(mg) : 6.1<br/>칼슘(mg) : 611.0<br/>철분(mg) : 3.7,20240412
B10,서울특별시교육청,7010073,당곡고등학교,2,중식,20240408,850.00,북어미역국 (5.6)<br/>시금치나물 <br/>돈육고추장불고기 (5.6.10.13)<br/>분홍소시지전 (1.2.5.6.10.15.16)<br/>배추김치 (9)<br/>축하설기 <br/>칼슘강화밥 ,"돼지고기 : 국내산<br/>돼지고기 식육가공품 : 분홍소시지(혼합어육):외국산<br/>쌀 : 국내산<br/>배추 : 국내산<br/>고춧가루 : 국내산<br/>비고 : 북어채:러시아산, 축하설기(멥쌀):국내산",874.7 Kcal,탄수화물(g) : 122.3<br/>단백질(g) : 46.9<br/>지방(g) : 20.6<br/>비타민A(R.E) : 262.0<br/>티아민(mg) : 1.1<br/>리보플라빈(mg) : 0.5<br/>비타민C(mg) : 34.5<br/>칼슘(mg) : 1245.0<br/>철분(mg) : 3.7,20240415
B10,서울특별시교육청,7010073,당곡고등학교,2,중식,20240409,839.00,고추참치볶음밥 (5.12.13.16)<br/>팽이버섯된장국 (5.6.13)<br/>미나리초무침 (5.6)<br/>스크램블드에그 (1)<br/>빌소시지구이&머스타드s (1.2.5.6.10.15.16)<br/>배추김치 (9)<br/>고추장건새우마늘쫑볶음 (5.6.9.13),"돼지고기 식육가공품 : 국내산<br/>쌀 : 국내산<br/>배추 : 국내산<br/>고춧가루 : 국내산<br/>비고 : 꽃새우:국산, 참치:원양산",896.3 Kcal,탄수화물(g) : 106.6<br/>단백질(g) : 36.5<br/>지방(g) : 35.3<br/>비타민A(R.E) : 288.8<br/>티아민(mg) : 0.5<br/>리보플라빈(mg) : 0.8<br/>비타민C(mg) : 38.2<br/>칼슘(mg) : 1064.2<br/>철분(mg) : 4.8,20240416
B10,서울특별시교육청,7010073,당곡고등학교,2,중식,20240411,839.00,친환경보리밥 <br/>조랭이떡국 (1.5.6.13.16)<br/>두부쑥갓나물 (5)<br/>치킨까스바&치킨s (5.6.12.13.15)<br/>고등어양념구이 (5.6.7.13)<br/>총각김치 (9)<br/>귤맛아이스크림 ,쇠고기(종류) : 국내산(한우)<br/>돼지고기 식육가공품 : 국내산<br/>쌀 : 국내산<br/>배추 : 국내산<br/>고춧가루 : 국내산<br/>콩 가공품 : 두부(콩):외국산<br/>고등어 : 국내산,898.3 Kcal,탄수화물(g) : 108.6<br/>단백질(g) : 40.0<br/>지방(g) : 33.5<br/>비타민A(R.E) : 73.1<br/>티아민(mg) : 0.4<br/>리보플라빈(mg) : 0.7<br/>비타민C(mg) : 20.8<br/>칼슘(mg) : 599.0<br/>철분(mg) : 3.7,20240418
B10,서울특별시교육청,7010073,당곡고등학교,2,중식,20240412,839.00,추가밥 <br/>자장면 (2.5.6.10.13.16)<br/>반달단무지 <br/>맛살냉채 (1.5.6.8.13)<br/>조각파인애플 <br/>만두강정 (5.6.13.16.18),돼지고기 : 국내산<br/>돼지고기 식육가공품 : 국내산<br/>쌀 : 국내산<br/>배추 : 국내산<br/>고춧가루 : 국내산<br/>비고 : 게맛살(연육):외국산,958.3 Kcal,탄수화물(g) : 164.9<br/>단백질(g) : 26.1<br/>지방(g) : 23.0<br/>비타민A(R.E) : 54.5<br/>티아민(mg) : 0.3<br/>리보플라빈(mg) : 0.4<br/>비타민C(mg) : 38.1<br/>칼슘(mg) : 692.0<br/>철분(mg) : 1.9,20240419
B10,서울특별시교육청,7010073,당곡고등학교,2,중식,20240415,850.00,칼슘강화기장밥 <br/>순두부찌개 (5.6.9.10)<br/>단호박오리훈제 (5.6.13)<br/>궁채나물들깨볶음 <br/>배추김치 (9)<br/>무쌈 <br/>깨찰스틱 (1.2.5.6),돼지고기 : 국내산<br/>오리고기 : <br/>오리고기 가공품 : 국내산<br/>쌀 : 국내산<br/>배추 : 국내산<br/>고춧가루 : 국내산<br/>콩 가공품 : 순두부(콩):외국산,876.9 Kcal,탄수화물(g) : 114.2<br/>단백질(g) : 38.4<br/>지방(g) : 26.5<br/>비타민A(R.E) : 138.8<br/>티아민(mg) : 0.7<br/>리보플라빈(mg) : 0.9<br/>비타민C(mg) : 209.6<br/>칼슘(mg) : 1098.5<br/>철분(mg) : 4.8,20240422
B10,서울특별시교육청,7010073,당곡고등학교,2,중식,20240416,839.00,참치김치덮밥 (5.9.13.16.18)<br/>볼어묵국 (1.5.6.7.13.18)<br/>명엽채볶음 (5.6.13)<br/>통새우꼬치&칠리소스 (1.5.6.9.12.13.18)<br/>깍두기 (9)<br/>조각메론 <br/>연근양상추샐러드(흑임자D) (1.5.6.12),쌀 : 국내산<br/>배추 : 국내산<br/>고춧가루 : 국내산,793.1 Kcal,탄수화물(g) : 109.4<br/>단백질(g) : 18.3<br/>지방(g) : 29.9<br/>비타민A(R.E) : 33.6<br/>티아민(mg) : 0.2<br/>리보플라빈(mg) : 0.5<br/>비타민C(mg) : 8.4<br/>칼슘(mg) : 753.5<br/>철분(mg) : 1.8,20240423
B10,서울특별시교육청,7010073,당곡고등학교,2,중식,20240417,839.00,친환경흑미밥 <br/>얼큰동태탕 (5.6)<br/>도토리묵들깨무침 (5.6)<br/>제육볶음 (5.6.10.13)<br/>떡꼬치&매콤소스s (5.6.12.13)<br/>배추김치 (9),"돼지고기 : 국내산<br/>쌀 : 국내산<br/>쌀 가공품 : 떡꼬치(멥쌀):국내산<br/>배추 : 국내산<br/>고춧가루 : 국내산<br/>콩 가공품 : 두부(콩):외국산<br/>명태 : 동태:러시아산<br/>비고 : 도토리묵:중국산,",857.3 Kcal,탄수화물(g) : 132.9<br/>단백질(g) : 48.1<br/>지방(g) : 13.7<br/>비타민A(R.E) : 146.0<br/>티아민(mg) : 1.2<br/>리보플라빈(mg) : 0.6<br/>비타민C(mg) : 17.5<br/>칼슘(mg) : 1231.9<br/>철분(mg) : 4.0,20240424
B10,서울특별시교육청,7010073,당곡고등학교,2,중식,20240418,839.00,친환경현미밥 <br/>햄찌개 (1.2.5.6.9.10.15.16)<br/>꽈리고추메추리알조림 (1.5.6.13)<br/>가자미순살튀김 (6)<br/>오이지무침 <br/>열무김치 (9)<br/>후레쉬업(레몬&라임) ,"돼지고기 : 국내산<br/>돼지고기 식육가공품 : 국내산<br/>쌀 : 국내산<br/>쌀 가공품 : 떡국떡(멥쌀):국내산<br/>배추 : 국내산<br/>고춧가루 : 국내산<br/>콩 가공품 : 두부(콩):외국산<br/>비고 : 가자미:미국산, 메추리알:국산",791.9 Kcal,탄수화물(g) : 86.1<br/>단백질(g) : 39.0<br/>지방(g) : 30.0<br/>비타민A(R.E) : 149.7<br/>티아민(mg) : 0.5<br/>리보플라빈(mg) : 0.9<br/>비타민C(mg) : 20.8<br/>칼슘(mg) : 1000.6<br/>철분(mg) : 4.0,20240425
B10,서울특별시교육청,7010073,당곡고등학교,2,중식,20240419,839.00,새우나시고랭 (1.5.6.8.9.10.13.18)<br/>미니한우쌀국수 (2.5.6.13.16)<br/>공심채볶음 (5.6.13.18)<br/>배추김치 (9)<br/>아이스망고 <br/>간장닭구이 (5.6.13.15),쇠고기(종류) : 국내산(한우)<br/>닭고기 : 국내산<br/>쌀 : 국내산<br/>배추 : 국내산<br/>고춧가루 : 국내산<br/>비고 : 새우살:중국또는베트남산,876.3 Kcal,탄수화물(g) : 137.9<br/>단백질(g) : 43.9<br/>지방(g) : 14.4<br/>비타민A(R.E) : 258.8<br/>티아민(mg) : 1.7<br/>리보플라빈(mg) : 0.8<br/>비타민C(mg) : 22.6<br/>칼슘(mg) : 1147.2<br/>철분(mg) : 4.6,20240426
B10,서울특별시교육청,7010073,당곡고등학교,2,중식,20240422,850.00,추가밥 <br/>골뱅이야채무침 (5.6.17)<br/>사과 <br/>깍두기 (9)<br/>비건김치만두찜 (5.6)<br/>닭칼국수(소) (1.6.13.15),닭고기 : 국내산<br/>쌀 : 국내산<br/>배추 : 국내산<br/>고춧가루 : 국내산<br/>오징어 수산가공품 : 진미채:페루산,864.8 Kcal,탄수화물(g) : 152.0<br/>단백질(g) : 33.0<br/>지방(g) : 11.4<br/>비타민A(R.E) : 137.6<br/>티아민(mg) : 0.3<br/>리보플라빈(mg) : 0.2<br/>비타민C(mg) : 6.6<br/>칼슘(mg) : 868.1<br/>철분(mg) : 2.3,20240429
B10,서울특별시교육청,7010073,당곡고등학교,2,중식,20240423,839.00,추가밥 <br/>로제스파게티 (1.2.5.6.10.12.13)<br/>구운야채 <br/>목살스테이크 (13.18.5.6.10)<br/>에그타르트 (1.2.5.6)<br/>오이피클 <br/>토마토샐러드 (1.2.5.6.12),돼지고기 : 국내산<br/>쌀 : 국내산<br/>배추 : 국내산<br/>고춧가루 : 국내산,1010.9 Kcal,탄수화물(g) : 139.2<br/>단백질(g) : 42.5<br/>지방(g) : 30.4<br/>비타민A(R.E) : 182.7<br/>티아민(mg) : 1.3<br/>리보플라빈(mg) : 0.9<br/>비타민C(mg) : 29.6<br/>칼슘(mg) : 1535.1<br/>철분(mg) : 5.1,20240430
B10,서울특별시교육청,7010073,당곡고등학교,2,중식,20240502,840.00,햄찌개 (1.2.5.6.9.10.15.16)<br/>오이고추된장무침 (5.6.13)<br/>삼치데리야끼 (5.6.13)<br/>깍두기 (9)<br/>요거트견과 (2.5.14)<br/>야채비빔만두 (5.6)<br/>칼슘강화밥 ,돼지고기 : 국내산<br/>돼지고기 식육가공품 : 국내산<br/>쌀 : 국내산<br/>쌀 가공품 : 떡국떡(멥쌀) : 국산<br/>배추 : 국내산<br/>고춧가루 : 국내산<br/>콩 가공품 : 두부(콩) : 외국산<br/>비고 : 삼치:국산,972.1 Kcal,탄수화물(g) : 130.6<br/>단백질(g) : 41.2<br/>지방(g) : 29.1<br/>비타민A(R.E) : 99.3<br/>티아민(mg) : 0.5<br/>리보플라빈(mg) : 0.7<br/>비타민C(mg) : 35.0<br/>칼슘(mg) : 144.0<br/>철분(mg) : 3.6,20240509
B10,서울특별시교육청,7010073,당곡고등학교,2,중식,20240503,840.00,추가밥 <br/>크림스프 (2.5.6.13.16)<br/>배추김치 (9)<br/>시리얼/흰우유 (2.5.6)<br/>양상추샐러드(발사믹D) (1.2.5.6.12)<br/>가재감자치즈 (1.2.5.9)<br/>패스츄리미니버거 (1.2.5.6.10.12.15.16.18),"쇠고기 식육가공품 : 국내산<br/>돼지고기 식육가공품 : 국내산<br/>쌀 : 국내산<br/>배추 : 국내산<br/>고춧가루 : 국내산<br/>비고 : 랍스터(테일):캐나다산, 원유:국산",923.4 Kcal,탄수화물(g) : 90.5<br/>단백질(g) : 28.6<br/>지방(g) : 49.4<br/>비타민A(R.E) : 912.4<br/>티아민(mg) : 2.3<br/>리보플라빈(mg) : 1.4<br/>비타민C(mg) : 65.2<br/>칼슘(mg) : 453.5<br/>철분(mg) : 7.4,20240510
B10,서울특별시교육청,7010073,당곡고등학교,2,중식,20240507,840.00,콩나물밥/양념장 (5.6.13)<br/>순두부짬뽕국 (5.6.9.13.17.18)<br/>연근조림 (5.6.13)<br/>배추김치 (9)<br/>포도맛음료 (2)<br/>고구마또띠아피자 (1.2.5.6.12.13),쌀 : 국내산<br/>배추 : 국내산<br/>고춧가루 : 국내산<br/>콩 가공품 : 순두부(콩):외국산<br/>오징어 : 국내산<br/>비고 : 홍합:국산,857.5 Kcal,탄수화물(g) : 138.2<br/>단백질(g) : 30.1<br/>지방(g) : 18.8<br/>비타민A(R.E) : 132.8<br/>티아민(mg) : 0.8<br/>리보플라빈(mg) : 0.9<br/>비타민C(mg) : 20.1<br/>칼슘(mg) : 273.6<br/>철분(mg) : 3.5,20240514
B10,서울특별시교육청,7010073,당곡고등학교,2,중식,20240508,840.00,친환경현미밥 <br/>육개장 (1.16)<br/>고등어무조림 (5.6.13)<br/>마늘쫑무침 (5.6.13)<br/>햄감자볶음 (1.2.5.6.10.15.16)<br/>배추김치 (9)<br/>초콜릿 (2.5.6),쇠고기(종류) : 국내산(한우)<br/>돼지고기 식육가공품 : 국내산<br/>쌀 : 국내산<br/>배추 : 국내산<br/>고춧가루 : 국내산<br/>고등어 : 국내산,739.6 Kcal,탄수화물(g) : 119.0<br/>단백질(g) : 21.3<br/>지방(g) : 18.8<br/>비타민A(R.E) : 159.1<br/>티아민(mg) : 0.4<br/>리보플라빈(mg) : 0.9<br/>비타민C(mg) : 24.4<br/>칼슘(mg) : 180.4<br/>철분(mg) : 3.7,20240515
B10,서울특별시교육청,7010073,당곡고등학교,2,중식,20240509,593.00,추가밥 <br/>참치야채죽 (5.6.13.16.18)<br/>몬테크리스토샌드위치 (1.2.5.6.10.13.15.16)<br/>매운어묵꼬치(소스) (1.5.6.13)<br/>오이지무침 <br/>나박김치 (9)<br/>방울토마토(중식) (12),"돼지고기 식육가공품 : 국내산<br/>쌀 : 국내산<br/>배추 : 국내산<br/>고춧가루 : 국내산<br/>비고 : 어묵(연육):외국산, 참치:외국산",819.8 Kcal,탄수화물(g) : 139.5<br/>단백질(g) : 27.1<br/>지방(g) : 15.2<br/>비타민A(R.E) : 159.0<br/>티아민(mg) : 0.4<br/>리보플라빈(mg) : 0.5<br/>비타민C(mg) : 14.7<br/>칼슘(mg) : 155.8<br/>철분(mg) : 2.3,20240516
B10,서울특별시교육청,7010073,당곡고등학교,2,중식,20240510,840.00,단호박카레라이스 (2.5.6.10.12.13.16.18)<br/>고명유부국 (1.2.5.6.9.13)<br/>시금치나물 <br/>사과 <br/>배추김치 (9)<br/>탄두리치킨 (2.5.12.13.15),돼지고기 : 국내산<br/>닭고기 : 국내산<br/>쌀 : 국내산<br/>배추 : 국내산<br/>고춧가루 : 국내산<br/>콩 가공품 : 유부(콩):외국산,848.8 Kcal,탄수화물(g) : 99.9<br/>단백질(g) : 39.4<br/>지방(g) : 30.7<br/>비타민A(R.E) : 344.6<br/>티아민(mg) : 0.7<br/>리보플라빈(mg) : 0.4<br/>비타민C(mg) : 21.9<br/>칼슘(mg) : 125.6<br/>철분(mg) : 2.7,20240517
B10,서울특별시교육청,7010073,당곡고등학교,2,중식,20240513,850.00,칼슘강화기장밥 <br/>쇠고기미역국 (5.6.16)<br/>숙주나물무침 <br/>버섯잡채 (5.6.13)<br/>제육볶음 (5.6.10.13)<br/>배추김치 (9)<br/>초코케이크 (1.2.5.6.13),쇠고기(종류) : 국내산(한우)<br/>돼지고기 : 국내산<br/>쌀 : 국내산<br/>배추 : 국내산<br/>고춧가루 : 국내산,847.7 Kcal,탄수화물(g) : 115.0<br/>단백질(g) : 42.6<br/>지방(g) : 23.6<br/>비타민A(R.E) : 198.1<br/>티아민(mg) : 1.2<br/>리보플라빈(mg) : 0.5<br/>비타민C(mg) : 15.5<br/>칼슘(mg) : 210.8<br/>철분(mg) : 5.1,20240520
B10,서울특별시교육청,7010073,당곡고등학교,2,중식,20240514,840.00,추가밥 <br/>잔치국수 (1.5.6)<br/>배추겉절이 (13)<br/>버섯소불고기(중) (5.6.13.16)<br/>오징어김치전(완) (1.5.6)<br/>오렌지 <br/>꿀떡 ,쇠고기(종류) : 국내산(육우)<br/>쌀 : 국내산<br/>쌀 가공품 : 꿀떡(멥쌀):국산<br/>배추 : 국내산<br/>고춧가루 : 국내산<br/>갈치 수산가공품 : 국내산,922.4 Kcal,탄수화물(g) : 131.0<br/>단백질(g) : 47.6<br/>지방(g) : 21.9<br/>비타민A(R.E) : 134.9<br/>티아민(mg) : 0.4<br/>리보플라빈(mg) : 1.0<br/>비타민C(mg) : 35.6<br/>칼슘(mg) : 245.1<br/>철분(mg) : 6.2,20240521
B10,서울특별시교육청,7010073,당곡고등학교,2,중식,20240516,840.00,친환경현미밥 <br/>참치김치찌개 (5.6.9.13)<br/>춘장찜닭 (2.5.6.13.15)<br/>야채달걀말이 (1)<br/>오이소박이 (9)<br/>도토리묵무침 (5.6.13)<br/>키위포도스무디 ,"닭고기 : 국내산<br/>쌀 : 국내산<br/>배추 : 국내산<br/>고춧가루 : 국내산<br/>콩 가공품 : 두부(콩):외국산<br/>주꾸미 : 도토리묵:중국산, 참치:외국산",834.9 Kcal,탄수화물(g) : 111.7<br/>단백질(g) : 55.8<br/>지방(g) : 15.5<br/>비타민A(R.E) : 281.8<br/>티아민(mg) : 0.5<br/>리보플라빈(mg) : 1.1<br/>비타민C(mg) : 8.1<br/>칼슘(mg) : 276.4<br/>철분(mg) : 5.5,20240523
B10,서울특별시교육청,7010073,당곡고등학교,2,중식,20240517,840.00,추가밥 <br/>마라탕 (1.2.5.6.12.13.16.18)<br/>청경채&두반장소스 (5.6.12.13.18)<br/>깐쇼새우 (1.5.6.9.12.13)<br/>배추김치 (9)<br/>양배추샐러드(흑임자D) (1.5)<br/>우유맛아이스크림 (2.5.6),"쇠고기(종류) : 국내산(한우)<br/>쌀 : 국내산<br/>쌀 가공품 : 고구마떡(멥쌀):외국산, 치즈떡(멥쌀):국산<br/>배추 : 국내산<br/>고춧가루 : 국내산<br/>콩 가공품 : 포두부(콩):외국산<br/>비고 : 새우:베트남",874.8 Kcal,탄수화물(g) : 119.5<br/>단백질(g) : 16.6<br/>지방(g) : 38.9<br/>비타민A(R.E) : 260.5<br/>티아민(mg) : 0.2<br/>리보플라빈(mg) : 0.6<br/>비타민C(mg) : 19.8<br/>칼슘(mg) : 261.8<br/>철분(mg) : 3.0,20240524
B10,서울특별시교육청,7010073,당곡고등학교,2,중식,20240520,850.00,칼슘강화기장밥 <br/>몽글달걀탕 (1.13)<br/>무말랭이장아찌 <br/>핫도그 (1.2.5.6.10.12.15)<br/>닭고기구이 (5.6.12.13.15)<br/>배추김치 (9)<br/>깻잎쌈무 ,돼지고기 식육가공품 : 국내산<br/>닭고기 : 국내산<br/>쌀 : 국내산<br/>배추 : 국내산<br/>고춧가루 : 국내산,843.0 Kcal,탄수화물(g) : 113.7<br/>단백질(g) : 47.6<br/>지방(g) : 19.3<br/>비타민A(R.E) : 204.5<br/>티아민(mg) : 0.5<br/>리보플라빈(mg) : 0.6<br/>비타민C(mg) : 10.1<br/>칼슘(mg) : 185.1<br/>철분(mg) : 3.6,20240527
B10,서울특별시교육청,7010073,당곡고등학교,2,중식,20240521,840.00,열무비빔밥(열무김치) (5.6.9.13)<br/>팽이장국 (5.6)<br/>연두부&양념장 (5.6.13)<br/>주꾸미볶음s (5.6.13)<br/>뿌리채소고구마맛탕 (5.6.13)<br/>동치미 (9),"쌀 : 국내산<br/>배추 : 국내산<br/>고춧가루 : 국내산<br/>콩 가공품 : 두부(콩):외국산, 연두부(콩):국산<br/>주꾸미 : 중국또는베트남",814.4 Kcal,탄수화물(g) : 124.2<br/>단백질(g) : 35.4<br/>지방(g) : 18.9<br/>비타민A(R.E) : 202.9<br/>티아민(mg) : 0.8<br/>리보플라빈(mg) : 1.1<br/>비타민C(mg) : 15.4<br/>칼슘(mg) : 282.5<br/>철분(mg) : 5.9,20240528
B10,서울특별시교육청,7010073,당곡고등학교,2,중식,20240522,840.00,친환경현미밥 <br/>얼큰콩나물국 (5)<br/>보쌈 (5.6.10)<br/>보쌈김치 (9)<br/>수제양파고추장아찌 (6.12.13.18)<br/>아이스망고 <br/>불마요들기름메밀국수 (3.5.6.13),돼지고기 : 국내산<br/>쌀 : 국내산<br/>배추 : 국내산<br/>고춧가루 : 국내산,879.2 Kcal,탄수화물(g) : 100.6<br/>단백질(g) : 54.3<br/>지방(g) : 26.2<br/>비타민A(R.E) : 80.0<br/>티아민(mg) : 1.2<br/>리보플라빈(mg) : 0.6<br/>비타민C(mg) : 13.1<br/>칼슘(mg) : 161.5<br/>철분(mg) : 4.7,20240529
B10,서울특별시교육청,7010073,당곡고등학교,2,중식,20240523,840.00,친환경보리밥 <br/>돈육감자탕 (5.6.10.13.16)<br/>콩나물파채무침(초장) (5.6)<br/>돼지불백 (5.6.10.12.13)<br/>깍두기 (9)<br/>상추&오이&쌈장 (5.6)<br/>키위 ,돼지고기 : 국내산<br/>쌀 : 국내산<br/>배추 : 국내산<br/>고춧가루 : 국내산,862.8 Kcal,탄수화물(g) : 121.7<br/>단백질(g) : 54.2<br/>지방(g) : 16.3<br/>비타민A(R.E) : 215.0<br/>티아민(mg) : 1.7<br/>리보플라빈(mg) : 0.7<br/>비타민C(mg) : 62.4<br/>칼슘(mg) : 204.6<br/>철분(mg) : 4.8,20240530
B10,서울특별시교육청,7010073,당곡고등학교,2,중식,20240524,840.00,치킨마요덮밥+ (1.2.5.6.13.15.16)<br/>김치국 (9)<br/>매운어묵볶음 (1.5.6.13)<br/>깍두기 (9)<br/>블루베리샐러드(요거D) (1.2.5.6.12)<br/>요거트음료 ,닭고기 식육가공품 : 국내산<br/>쌀 : 국내산<br/>배추 : 국내산<br/>고춧가루 : 국내산<br/>비고 : 어묵(연육):국산,820.6 Kcal,탄수화물(g) : 69.5<br/>단백질(g) : 38.3<br/>지방(g) : 42.2<br/>비타민A(R.E) : 194.7<br/>티아민(mg) : 0.4<br/>리보플라빈(mg) : 1.0<br/>비타민C(mg) : 13.0<br/>칼슘(mg) : 291.4<br/>철분(mg) : 5.2,20240531
B10,서울특별시교육청,7010073,당곡고등학교,2,중식,20240527,850.00,칼슘강화기장밥 <br/>얼갈이된장국 (5.6)<br/>미역줄기볶음 <br/>실곤약야채무침(초) (5.6.13)<br/>고구마치즈돈까스&소스 (1.2.5.6.10.12.13.16)<br/>배추김치 (9)<br/>롤케이크 (1.2.5.6),돼지고기 식육가공품 : 국내산<br/>쌀 : 국내산<br/>배추 : 국내산<br/>고춧가루 : 국내산,861.6 Kcal,탄수화물(g) : 126.6<br/>단백질(g) : 30.4<br/>지방(g) : 26.5<br/>비타민A(R.E) : 122.7<br/>티아민(mg) : 0.9<br/>리보플라빈(mg) : 0.5<br/>비타민C(mg) : 17.8<br/>칼슘(mg) : 336.2<br/>철분(mg) : 4.1,20240603
B10,서울특별시교육청,7010073,당곡고등학교,2,중식,20240528,840.00,친환경잡곡밥 (5)<br/>쇠고기무국 (16)<br/>달걀찜 (1.13)<br/>김치볶음 (9)<br/>떡갈비&소스 (1.2.5.6.10.12.13.16)<br/>온두부 (5)<br/>조각파인애플 ,쇠고기(종류) : 국내산(한우)<br/>돼지고기 식육가공품 : 국내산<br/>쌀 : 국내산<br/>배추 : 국내산<br/>고춧가루 : 국내산<br/>콩 가공품 : 두부(콩):국산,838.8 Kcal,탄수화물(g) : 92.8<br/>단백질(g) : 36.8<br/>지방(g) : 34.3<br/>비타민A(R.E) : 111.8<br/>티아민(mg) : 2.4<br/>리보플라빈(mg) : 0.7<br/>비타민C(mg) : 25.0<br/>칼슘(mg) : 168.0<br/>철분(mg) : 5.1,20240604
B10,서울특별시교육청,7010073,당곡고등학교,2,중식,20240529,840.00,친환경흑미밥 <br/>고기/김치만두국 (1.5.6.10.13.16.18)<br/>브로콜리무침 <br/>명엽채볶음 (5.6.13)<br/>치즈불닭 (2.5.6.13.15)<br/>오징어야채핫바 (5.6.12.17)<br/>총각김치 (9),돼지고기 식육가공품 : 국내산<br/>닭고기 : 국내산<br/>쌀 : 국내산<br/>배추 : 국내산<br/>고춧가루 : 국내산<br/>명태 수산가공품 : 명엽채:러시아산<br/>오징어 수산가공품 : 중국산,855.0 Kcal,탄수화물(g) : 110.9<br/>단백질(g) : 47.9<br/>지방(g) : 24.0<br/>비타민A(R.E) : 215.8<br/>티아민(mg) : 0.7<br/>리보플라빈(mg) : 0.5<br/>비타민C(mg) : 16.3<br/>칼슘(mg) : 268.7<br/>철분(mg) : 4.0,20240605
B10,서울특별시교육청,7010073,당곡고등학교,2,중식,20240530,840.00,친환경잡곡밥 (5)<br/>우거지해장국 (5.6.13.16)<br/>비름나물초무침 (5.6.13)<br/>메추리알카레조림 (1.2.5.6.12.13.16.18)<br/>유린가자미 (3.5.6.13)<br/>배추김치 (9)<br/>요거톡 (2),"쇠고기(종류) : 국내산(한우)<br/>쌀 : 국내산<br/>배추 : 국내산<br/>고춧가루 : 국내산<br/>비고 : 가자미:미국산, 메추리알:국산(무항생제)",875.4 Kcal,탄수화물(g) : 94.6<br/>단백질(g) : 42.9<br/>지방(g) : 33.8<br/>비타민A(R.E) : 343.4<br/>티아민(mg) : 0.7<br/>리보플라빈(mg) : 1.3<br/>비타민C(mg) : 24.9<br/>칼슘(mg) : 366.0<br/>철분(mg) : 5.2,20240606
B10,서울특별시교육청,7010073,당곡고등학교,2,중식,20240531,840.00,밥버거 (1.2.5.6.9.10.15.16)<br/>볼어묵국 (1.5.6.9.13)<br/>떡볶이 (1.2.5.6.12.13.16.18)<br/>깍두기 (9)<br/>푸딩 <br/>양배추샐러드&사우전D (1.2.5.6),"돼지고기 식육가공품 : 중국산<br/>쌀 : 국내산<br/>쌀 가공품 : 떡볶이떡(멥쌀):국산<br/>배추 : 국내산<br/>고춧가루 : 국내산<br/>비고 : 볼어묵(연육):외국산,참치:외국산",850.8 Kcal,탄수화물(g) : 129.0<br/>단백질(g) : 22.6<br/>지방(g) : 28.4<br/>비타민A(R.E) : 103.9<br/>티아민(mg) : 0.4<br/>리보플라빈(mg) : 0.5<br/>비타민C(mg) : 32.8<br/>칼슘(mg) : 164.3<br/>철분(mg) : 2.9,20240607
B10,서울특별시교육청,7010073,당곡고등학교,2,중식,20240603,840.00,칼슘강화기장밥 <br/>쇠고기미역국 (5.6.16)<br/>도토리묵&양념장 (5.6.13)<br/>버섯잡채 (5.6.13)<br/>돈육김치볶음 (5.6.9.10.13)<br/>총각김치 (9)<br/>생일초콜릿 (2.5),쇠고기(종류) : 국내산(한우)<br/>돼지고기 : 국내산<br/>쌀 : 국내산<br/>배추 : 국내산<br/>고춧가루 : 국내산<br/>비고 : 도토리묵:중국산,774.3 Kcal,탄수화물(g) : 109.8<br/>단백질(g) : 38.2<br/>지방(g) : 19.0<br/>비타민A(R.E) : 171.7<br/>티아민(mg) : 1.0<br/>리보플라빈(mg) : 0.8<br/>비타민C(mg) : 10.3<br/>칼슘(mg) : 187.1<br/>철분(mg) : 4.8,20240610
B10,서울특별시교육청,7010073,당곡고등학교,2,중식,20240604,270.00,참치야채비빔밥 (5.6.13)<br/>고명장국 (1.2.5.6.9.13)<br/>달걀찜 (1.13)<br/>시금치나물 <br/>비건김치만두찜 (5.6)<br/>깍두기 (9)<br/>포도 ,쌀 : 국내산<br/>배추 : 국내산<br/>고춧가루 : 국내산<br/>비고 : 참치:원양산,843.1 Kcal,탄수화물(g) : 141.4<br/>단백질(g) : 29.0<br/>지방(g) : 17.0<br/>비타민A(R.E) : 403.2<br/>티아민(mg) : 0.4<br/>리보플라빈(mg) : 0.6<br/>비타민C(mg) : 30.6<br/>칼슘(mg) : 183.9<br/>철분(mg) : 4.0,20240611
B10,서울특별시교육청,7010073,당곡고등학교,2,중식,20240605,830.00,친환경현미밥 <br/>초코케이크 (1.2.5.6)<br/>맑은콩나물국 (5)<br/>연두부&양념장 (5.6.13)<br/>비름나물무침 <br/>치즈불닭 (2.5.6.13.15)<br/>배추김치 (9),닭고기 : 국내산<br/>쌀 : 국내산<br/>배추 : 국내산<br/>고춧가루 : 국내산<br/>콩 가공품 : 연두부(콩):국산,824.9 Kcal,탄수화물(g) : 114.0<br/>단백질(g) : 45.9<br/>지방(g) : 18.4<br/>비타민A(R.E) : 223.8<br/>티아민(mg) : 0.9<br/>리보플라빈(mg) : 0.8<br/>비타민C(mg) : 11.3<br/>칼슘(mg) : 283.8<br/>철분(mg) : 4.0,20240612
B10,서울특별시교육청,7010073,당곡고등학교,2,중식,20240607,830.00,추가밥 <br/>김치어묵우동(대) (1.5.6.9.13)<br/>브로콜리무침 <br/>떡갈비&소스 (1.2.5.6.10.12.13.16)<br/>깍두기 (9)<br/>우유맛아이스 (2),"돼지고기 식육가공품 : 국내산<br/>쌀 : 국내산<br/>배추 : 국내산<br/>고춧가루 : 국내산<br/>비고 : 어묵(연육):국산, 김:국산",839.9 Kcal,탄수화물(g) : 105.2<br/>단백질(g) : 29.1<br/>지방(g) : 34.8<br/>비타민A(R.E) : 151.9<br/>티아민(mg) : 2.8<br/>리보플라빈(mg) : 0.5<br/>비타민C(mg) : 16.6<br/>칼슘(mg) : 231.6<br/>철분(mg) : 3.7,20240614
B10,서울특별시교육청,7010073,당곡고등학교,2,중식,20240610,840.00,칼슘강화기장밥 <br/>돈육감자탕 (5.6.10.13.16)<br/>부들어묵콩나물찜 (1.5.6.13)<br/>참나물사과무침 <br/>생선까스&콘소스 (1.2.5.6.13)<br/>석박지 (9)<br/>초코수리취떡 (1.2.5.6),"돼지고기 : 국내산<br/>쌀 : 국내산<br/>배추 : 국내산<br/>고춧가루 : 국내산<br/>비고 : 어묵(연육):국산, 민대구(생선까스):국산",879.9 Kcal,탄수화물(g) : 127.0<br/>단백질(g) : 41.9<br/>지방(g) : 21.0<br/>비타민A(R.E) : 153.5<br/>티아민(mg) : 0.6<br/>리보플라빈(mg) : 0.6<br/>비타민C(mg) : 15.2<br/>칼슘(mg) : 272.1<br/>철분(mg) : 4.0,20240617
B10,서울특별시교육청,7010073,당곡고등학교,2,중식,20240611,830.00,친환경흑미밥 <br/>얼큰북어국 (5.6.9.13)<br/>보쌈 (5.6.10)<br/>무말랭이무침(자율) <br/>오징어김치전 (1.5.6)<br/>보쌈김치 (9)<br/>쌈장 (5.6)<br/>조각파인애플 ,돼지고기 : 국내산<br/>쌀 : 국내산<br/>배추 : 국내산<br/>고춧가루 : 국내산<br/>콩 가공품 : 두부(콩):외국산<br/>오징어 수산가공품 : 국내산<br/>비고 : 북어채:러시아산,886.4 Kcal,탄수화물(g) : 57.5<br/>단백질(g) : 47.6<br/>지방(g) : 49.4<br/>비타민A(R.E) : 91.8<br/>티아민(mg) : 1.2<br/>리보플라빈(mg) : 0.7<br/>비타민C(mg) : 24.4<br/>칼슘(mg) : 213.9<br/>철분(mg) : 3.6,20240618
B10,서울특별시교육청,7010073,당곡고등학교,2,중식,20240612,830.00,친환경보리밥 <br/>쇠고기무국 (16)<br/>메추리알장조림 (1.5.6.13)<br/>마늘쫑무침 (5.6.13)<br/>낙지야채볶음 (5.6.13)<br/>석박지 (9)<br/>사과맛요구르트(125ml) (2),쇠고기(종류) : 국내산(한우)<br/>쌀 : 국내산<br/>배추 : 국내산<br/>고춧가루 : 국내산<br/>낙지 : 중국산<br/>비고 : 메추리알(무항생제):국산,878.0 Kcal,탄수화물(g) : 119.3<br/>단백질(g) : 46.0<br/>지방(g) : 21.8<br/>비타민A(R.E) : 212.6<br/>티아민(mg) : 0.4<br/>리보플라빈(mg) : 0.5<br/>비타민C(mg) : 18.3<br/>칼슘(mg) : 262.8<br/>철분(mg) : 5.5,20240619
B10,서울특별시교육청,7010073,당곡고등학교,2,중식,20240613,830.00,친환경잡곡밥 (5)<br/>얼갈이된장국 (5.6)<br/>부추무침 (13)<br/>오리주물럭 (5.6.13)<br/>회오리감자 (2.5.6)<br/>배추김치 (9)<br/>무쌈 ,오리고기 : 국내산<br/>쌀 : 국내산<br/>배추 : 국내산<br/>고춧가루 : 국내산,850.6 Kcal,탄수화물(g) : 103.6<br/>단백질(g) : 26.3<br/>지방(g) : 35.4<br/>비타민A(R.E) : 129.5<br/>티아민(mg) : 0.4<br/>리보플라빈(mg) : 0.7<br/>비타민C(mg) : 19.0<br/>칼슘(mg) : 223.8<br/>철분(mg) : 4.1,20240620
B10,서울특별시교육청,7010073,당곡고등학교,2,중식,20240614,830.00,자장밥 (5.6.10.13.16)<br/>파송송달걀국 (1.13)<br/>꿔바로우&소스 (2.5.6.10.16)<br/>오이지무침 <br/>배추김치 (9)<br/>조각메론 <br/>양배추샐러드&사우전D (1.2.5.6),돼지고기 : 국내산<br/>돼지고기 식육가공품 : 국내산<br/>닭고기 식육가공품 : <br/>쌀 : 국내산<br/>배추 : 국내산<br/>고춧가루 : 국내산,864.8 Kcal,탄수화물(g) : 89.7<br/>단백질(g) : 26.5<br/>지방(g) : 44.2<br/>비타민A(R.E) : 165.8<br/>티아민(mg) : 0.6<br/>리보플라빈(mg) : 0.5<br/>비타민C(mg) : 17.6<br/>칼슘(mg) : 217.7<br/>철분(mg) : 11.6,20240621
B10,서울특별시교육청,7010073,당곡고등학교,2,중식,20240617,840.00,칼슘강화기장밥 <br/>닭개장 (1.5.6.13.15)<br/>골뱅이소면무침 (5.6.13.17)<br/>가자미순살튀김 (6)<br/>배추김치 (9)<br/>겨자장 (5.6.13)<br/>딸기쨈파이 (1.2.5.6),닭고기 : 국내산<br/>쌀 : 국내산<br/>배추 : 국내산<br/>고춧가루 : 국내산<br/>오징어 수산가공품 : 진미채:페루산<br/>비고 : 가자미살:미국산,878.6 Kcal,탄수화물(g) : 115.4<br/>단백질(g) : 40.0<br/>지방(g) : 25.3<br/>비타민A(R.E) : 175.2<br/>티아민(mg) : 0.5<br/>리보플라빈(mg) : 0.8<br/>비타민C(mg) : 13.9<br/>칼슘(mg) : 145.3<br/>철분(mg) : 2.8,20240624
B10,서울특별시교육청,7010073,당곡고등학교,2,중식,20240618,830.00,김치볶음밥 (2.5.6.9.13.18)<br/>맑은순두부국 (5)<br/>진미채고추장볶음 (5.6.13.17)<br/>치즈피자 (2.5.6)<br/>깍두기 (9)<br/>오렌지샐러드(발사믹D) (1.2.5.6),쌀 : 국내산<br/>배추 : 국내산<br/>고춧가루 : 국내산<br/>콩 가공품 : 순두부(콩):외국산<br/>오징어 수산가공품 : 진미채:페루산<br/>비고 : 김:국산,875.8 Kcal,탄수화물(g) : 142.7<br/>단백질(g) : 28.0<br/>지방(g) : 21.7<br/>비타민A(R.E) : 142.0<br/>티아민(mg) : 0.7<br/>리보플라빈(mg) : 0.5<br/>비타민C(mg) : 29.8<br/>칼슘(mg) : 331.1<br/>철분(mg) : 2.5,20240625
B10,서울특별시교육청,7010073,당곡고등학교,2,중식,20240619,830.00,친환경잡곡밥 (5)<br/>순대국 (2.5.6.10.13.16)<br/>청경채겉절이 (13)<br/>배식용김 <br/>고기지짐 (1.2.5.6.10.15.16)<br/>석박지 (9)<br/>미니우유빙수 (2.4.5.6.11),"돼지고기 : 국내산<br/>돼지고기 식육가공품 : 국내산<br/>쌀 : 국내산<br/>배추 : 국내산<br/>고춧가루 : 국내산<br/>비고 : 순대(돼지소창,돈지방):국산,김:국산,우유(원유):국산",855.7 Kcal,탄수화물(g) : 105.0<br/>단백질(g) : 34.1<br/>지방(g) : 32.7<br/>비타민A(R.E) : 346.6<br/>티아민(mg) : 1.0<br/>리보플라빈(mg) : 0.8<br/>비타민C(mg) : 17.1<br/>칼슘(mg) : 441.8<br/>철분(mg) : 7.2,20240626
B10,서울특별시교육청,7010073,당곡고등학교,2,중식,20240620,830.00,달걀간장밥 (1.5.6)<br/>돈육고추장찌개 (5.6.10.13)<br/>치킨샐러드&허니머스터드S (1.2.5.6.15.16)<br/>숙주나물무침 <br/>배추김치 (9)<br/>자두맛음료 ,돼지고기 : 국내산<br/>닭고기 식육가공품 : 국내산<br/>쌀 : 국내산<br/>배추 : 국내산<br/>고춧가루 : 국내산<br/>콩 가공품 : 두부(콩):외국산,869.2 Kcal,탄수화물(g) : 112.1<br/>단백질(g) : 39.1<br/>지방(g) : 27.8<br/>비타민A(R.E) : 161.9<br/>티아민(mg) : 0.7<br/>리보플라빈(mg) : 0.9<br/>비타민C(mg) : 19.3<br/>칼슘(mg) : 183.8<br/>철분(mg) : 4.2,20240627
B10,서울특별시교육청,7010073,당곡고등학교,2,중식,20240621,830.00,친환경현미밥 <br/>팽이버섯된장국 (5.6.13)<br/>청포묵김가루무침 (5)<br/>제육볶음 (5.6.10.13)<br/>소시지떡강정 (2.5.6.10.12.13.15.16)<br/>배추김치 (9)<br/>아이스망고 ,"돼지고기 : 국내산<br/>돼지고기 식육가공품 : 국내산<br/>쌀 : 국내산<br/>쌀 가공품 : 떡볶이떡(멥쌀):국산<br/>배추 : 국내산<br/>고춧가루 : 국내산<br/>콩 가공품 : 두부(콩):외국산<br/>비고 : 청포묵:미얀마산, 김:국산",866.4 Kcal,탄수화물(g) : 105.6<br/>단백질(g) : 44.9<br/>지방(g) : 29.1<br/>비타민A(R.E) : 168.0<br/>티아민(mg) : 1.3<br/>리보플라빈(mg) : 0.6<br/>비타민C(mg) : 29.5<br/>칼슘(mg) : 172.8<br/>철분(mg) : 3.7,20240628
B10,서울특별시교육청,7010073,당곡고등학교,2,중식,20240624,840.00,카레라이스 (2.5.6.10.12.13.16.18)<br/>배추된장국 (5.6.13)<br/>망고야채샐러드 (1.2.5.6.12)<br/>육원전 (1.5.6.10.15.16)<br/>낙지호롱구이 (2.5.6.16)<br/>깍두기 (9),돼지고기 : 국내산<br/>돼지고기 식육가공품 : 국내산<br/>닭고기 식육가공품 : 국내산<br/>쌀 : 국내산<br/>배추 : 국내산<br/>고춧가루 : 국내산<br/>낙지 수산가공품 : 베트남산,844.6 Kcal,탄수화물(g) : 126.8<br/>단백질(g) : 31.5<br/>지방(g) : 22.1<br/>비타민A(R.E) : 219.9<br/>티아민(mg) : 1.0<br/>리보플라빈(mg) : 0.5<br/>비타민C(mg) : 20.1<br/>칼슘(mg) : 249.1<br/>철분(mg) : 4.2,20240701
B10,서울특별시교육청,7010073,당곡고등학교,2,중식,20240625,830.00,칼슘강화기장밥 <br/>오징어무국 (17)<br/>명엽채볶음 (5.6.13)<br/>콩나물불고기 (5.6.10.13)<br/>배추김치 (9)<br/>미니핫도그&케찹 (1.2.5.6.10.12.16),"돼지고기 : 국내산<br/>돼지고기 식육가공품 : 외국산(미국,스페인,캐나다산)<br/>쌀 : 국내산<br/>배추 : 국내산<br/>고춧가루 : 국내산<br/>명태 수산가공품 : 명엽채:러시아산<br/>오징어 : 국내산",884.3 Kcal,탄수화물(g) : 117.7<br/>단백질(g) : 50.4<br/>지방(g) : 20.9<br/>비타민A(R.E) : 134.4<br/>티아민(mg) : 1.2<br/>리보플라빈(mg) : 0.8<br/>비타민C(mg) : 14.3<br/>칼슘(mg) : 250.1<br/>철분(mg) : 3.1,20240702
B10,서울특별시교육청,7010073,당곡고등학교,2,중식,20240626,830.00,친환경현미밥 <br/>조랭이떡국/김가루 (1.5.6.16)<br/>두부조림 (5.6.13)<br/>닭가슴살유린기 (2.5.6.15.18)<br/>배추김치 (9)<br/>친환경방울토마토 (12),쇠고기(종류) : 국내산(한우)<br/>닭고기 식육가공품 : 국내산<br/>쌀 : 국내산<br/>쌀 가공품 : 조랭이떡(멥쌀):국산<br/>배추 : 국내산<br/>고춧가루 : 국내산<br/>콩 가공품 : 두부(콩):외국산<br/>비고 : 김:국산,848.1 Kcal,탄수화물(g) : 92.0<br/>단백질(g) : 32.7<br/>지방(g) : 40.1<br/>비타민A(R.E) : 130.5<br/>티아민(mg) : 0.5<br/>리보플라빈(mg) : 0.5<br/>비타민C(mg) : 20.1<br/>칼슘(mg) : 229.8<br/>철분(mg) : 3.7,20240703
B10,서울특별시교육청,7010073,당곡고등학교,2,중식,20240627,830.00,친환경잡곡밥 (5)<br/>도토리묵사발 (2.5.6.9.15.16.18)<br/>미트볼데리야끼볶음 (1.2.5.6.10.13.15.16)<br/>오징어야채볶음s (5.6.13.17.18)<br/>총각김치 (9)<br/>감귤주스 ,"쇠고기 식육가공품 : 국내산<br/>돼지고기 식육가공품 : 국내산<br/>쌀 : 국내산<br/>배추 : 국내산<br/>고춧가루 : 국내산<br/>오징어 : 국내산<br/>비고 : 도토리묵:중국산, 김:국산",874.3 Kcal,탄수화물(g) : 129.6<br/>단백질(g) : 41.2<br/>지방(g) : 19.2<br/>비타민A(R.E) : 140.3<br/>티아민(mg) : 0.5<br/>리보플라빈(mg) : 1.1<br/>비타민C(mg) : 74.7<br/>칼슘(mg) : 245.1<br/>철분(mg) : 3.0,20240704
B10,서울특별시교육청,7010073,당곡고등학교,2,중식,20240628,830.00,참치마요구운주먹밥 (1.2.5.6.16)<br/>고명장국 (1.2.5.6.9.13)<br/>반달단무지 <br/>신전st떡볶이 (1.5.6.13)<br/>김말이튀김 (1.5.6.16)<br/>단호박튀김 (5.6)<br/>피치맛아이스크림 (11),쌀 : 국내산<br/>쌀 가공품 : 국내산<br/>배추 : 국내산<br/>고춧가루 : 국내산<br/>비고 : 어묵(연육):국산,881.8 Kcal,탄수화물(g) : 136.9<br/>단백질(g) : 19.9<br/>지방(g) : 30.2<br/>비타민A(R.E) : 277.9<br/>티아민(mg) : 0.4<br/>리보플라빈(mg) : 0.6<br/>비타민C(mg) : 11.2<br/>칼슘(mg) : 293.3<br/>철분(mg) : 11.6,20240705
B10,서울특별시교육청,7010073,당곡고등학교,2,중식,20240701,840.00,칼슘강화기장밥 <br/>북어미역국 (5.6)<br/>매운갈비찜 (5.6.10.13)<br/>어묵잡채 (1.5.6.13)<br/>새송이버섯전 (1.6)<br/>배추김치 (9)<br/>딸기케이크 (1.2.5.6),"돼지고기 : 국내산<br/>쌀 : 국내산<br/>배추 : 국내산<br/>고춧가루 : 국내산<br/>비고 : 어묵(연육):국산, 북어채:외국산",875.9 Kcal,탄수화물(g) : 132.4<br/>단백질(g) : 34.0<br/>지방(g) : 22.2<br/>비타민A(R.E) : 161.1<br/>티아민(mg) : 0.8<br/>리보플라빈(mg) : 1.1<br/>비타민C(mg) : 13.4<br/>칼슘(mg) : 138.1<br/>철분(mg) : 4.3,20240708
B10,서울특별시교육청,7010073,당곡고등학교,2,중식,20240702,820.00,나물비빔밥*고추장 (5.6.13)<br/>다시마감자국 <br/>두부조림 (5.6.13)<br/>뿌리채소고구마맛탕 (5.6.13)<br/>배추김치 (9)<br/>조각메론 ,쌀 : 국내산<br/>배추 : 국내산<br/>고춧가루 : 국내산<br/>콩 가공품 : 두부(콩): 국산,869.8 Kcal,탄수화물(g) : 151.0<br/>단백질(g) : 22.6<br/>지방(g) : 19.4<br/>비타민A(R.E) : 138.8<br/>티아민(mg) : 0.4<br/>리보플라빈(mg) : 0.5<br/>비타민C(mg) : 17.7<br/>칼슘(mg) : 242.6<br/>철분(mg) : 4.0,20240709
B10,서울특별시교육청,7010073,당곡고등학교,2,중식,20240710,820.00,친환경현미밥 <br/>햄찌개 (1.2.5.6.9.10.15.16)<br/>달걀찜 (1.13)<br/>고춧잎나물(초) (5.6)<br/>주꾸미볶음s (5.6.13)<br/>배추김치 (9)<br/>오레오마카롱 (1.2.5.6),돼지고기 : 국내산<br/>돼지고기 식육가공품 : 국내산<br/>쌀 : 국내산<br/>쌀 가공품 : 떡국떡(멥쌀):국산<br/>배추 : 국내산<br/>고춧가루 : 국내산<br/>콩 가공품 : 두부(콩):외국산<br/>주꾸미 : ,833.1 Kcal,탄수화물(g) : 119.2<br/>단백질(g) : 45.4<br/>지방(g) : 18.5<br/>비타민A(R.E) : 329.7<br/>티아민(mg) : 0.5<br/>리보플라빈(mg) : 0.9<br/>비타민C(mg) : 28.0<br/>칼슘(mg) : 320.6<br/>철분(mg) : 7.0,20240717
B10,서울특별시교육청,7010073,당곡고등학교,2,중식,20240711,820.00,자장밥 (5.6.10.13.16)<br/>순두부짬뽕국 (5.6.9.13.17.18)<br/>실곤약야채무침(초) (5.6.13)<br/>깐풍기 (1.5.6.12.13.15.18)<br/>배추김치 (9)<br/>자두 ,"돼지고기 : 국내산<br/>닭고기 식육가공품 : 국내산<br/>쌀 : 국내산<br/>배추 : 국내산<br/>고춧가루 : 국내산<br/>콩 가공품 : 순두부(콩):외국산<br/>오징어 : 국내산<br/>비고 : 건홍합:국산, 실곤약면:외국산",737.2 Kcal,탄수화물(g) : 75.5<br/>단백질(g) : 44.9<br/>지방(g) : 28.7<br/>비타민A(R.E) : 216.6<br/>티아민(mg) : 0.8<br/>리보플라빈(mg) : 0.6<br/>비타민C(mg) : 27.9<br/>칼슘(mg) : 190.7<br/>철분(mg) : 5.0,20240717
B10,서울특별시교육청,7010073,당곡고등학교,2,중식,20240712,830.00,햄김치볶음밥 (2.5.6.9.10.15.16)<br/>파송송달걀국 (1.13)<br/>매콤콩나물무침 (5)<br/>망고야채샐러드 (1.2.5.6.12)<br/>등심돈가스&브라운 (1.2.5.6.10.12.13.16)<br/>깍두기 (9),돼지고기 식육가공품 : 국내산<br/>쌀 : 국내산<br/>배추 : 국내산<br/>고춧가루 : 국내산<br/>비고 : 망고:베트남,794.2 Kcal,탄수화물(g) : 62.7<br/>단백질(g) : 28.7<br/>지방(g) : 47.9<br/>비타민A(R.E) : 169.1<br/>티아민(mg) : 0.5<br/>리보플라빈(mg) : 0.5<br/>비타민C(mg) : 27.4<br/>칼슘(mg) : 221.2<br/>철분(mg) : 4.1,20240717
B10,서울특별시교육청,7010073,당곡고등학교,2,중식,20240715,840.00,김밥맛볶음밥 (1.2.5.6.8.10.15.16)<br/>유부된장국 (5.6)<br/>코울슬로s (1.2.5.6.13)<br/>반마리치킨 (1.2.4.5.6.9.12.15.16)<br/>배추김치 (9)<br/>친환경수박 ,"돼지고기 식육가공품 : 국내산<br/>닭고기 식육가공품 : 국내산<br/>쌀 : 국내산<br/>배추 : 국내산<br/>고춧가루 : 국내산<br/>콩 가공품 : 유부(콩):외국산<br/>비고 : 게맛살(연육):수입, 어묵(연육):국산, 옥수수통조림:태국산",705.0 Kcal,탄수화물(g) : 79.7<br/>단백질(g) : 36.8<br/>지방(g) : 27.1<br/>비타민A(R.E) : 200.6<br/>티아민(mg) : 0.4<br/>리보플라빈(mg) : 0.4<br/>비타민C(mg) : 20.8<br/>칼슘(mg) : 213.9<br/>철분(mg) : 3.5,20240722
B10,서울특별시교육청,7010073,당곡고등학교,2,중식,20240716,830.00,친환경현미밥 <br/>돈육김치찌개 (5.9.10)<br/>시금치나물 <br/>소시지야채볶음 (2.5.6.10.12.13.15.16.18)<br/>새우가스&칠리s (5.6.9.12.13)<br/>총각김치 (9)<br/>피치맛아이스크림 (11),돼지고기 : 국내산<br/>돼지고기 식육가공품 : 국내산<br/>쌀 : 국내산<br/>배추 : 국내산<br/>고춧가루 : 국내산<br/>비고 : 새우가스(새우):베트남산,969.6 Kcal,탄수화물(g) : 113.3<br/>단백질(g) : 34.6<br/>지방(g) : 42.9<br/>비타민A(R.E) : 315.0<br/>티아민(mg) : 0.5<br/>리보플라빈(mg) : 0.6<br/>비타민C(mg) : 41.6<br/>칼슘(mg) : 279.5<br/>철분(mg) : 3.6,20240722
B10,서울특별시교육청,7010073,당곡고등학교,2,중식,20240717,830.00,친환경잡곡밥 (5)<br/>조랭이떡국/김가루 (1.5.6.16)<br/>숙주나물무침 <br/>닭갈비 (5.6.13.15)<br/>배추김치 (9)<br/>다시마오징어초회 (5.6.17)<br/>달콤한토마토 (12.13),쇠고기(종류) : 국내산(한우)<br/>닭고기 : 국내산<br/>쌀 : 국내산<br/>쌀 가공품 : 조랭이떡(멥쌀):국산<br/>배추 : 국내산<br/>고춧가루 : 국내산<br/>오징어 : 중국산<br/>비고 : 김:국산,824.4 Kcal,탄수화물(g) : 118.9<br/>단백질(g) : 46.5<br/>지방(g) : 16.9<br/>비타민A(R.E) : 186.3<br/>티아민(mg) : 0.5<br/>리보플라빈(mg) : 0.5<br/>비타민C(mg) : 23.6<br/>칼슘(mg) : 136.3<br/>철분(mg) : 3.4,20240722
B10,서울특별시교육청,7010073,당곡고등학교,2,중식,20240718,830.00,친환경보리밥 <br/>쇠고기무국 (16)<br/>돈육김치볶음 (5.6.9.10.13)<br/>분홍소시지전 (1.2.5.6.10.15.16)<br/>열무김치 (9)<br/>도넛 (1.2.5.6)<br/>양배추쌈(자율) <br/>참치쌈장 (5.6.13),"쇠고기(종류) : 국내산(한우)<br/>돼지고기 : 국내산<br/>쌀 : 국내산<br/>배추 : 국내산<br/>고춧가루 : 국내산<br/>비고 : 분홍소시지전(외국산), 참치:원양산",843.1 Kcal,탄수화물(g) : 98.6<br/>단백질(g) : 44.5<br/>지방(g) : 29.2<br/>비타민A(R.E) : 103.1<br/>티아민(mg) : 1.0<br/>리보플라빈(mg) : 0.6<br/>비타민C(mg) : 28.1<br/>칼슘(mg) : 194.0<br/>철분(mg) : 3.9,20240725
B10,서울특별시교육청,7010073,당곡고등학교,2,중식,20240816,830.00,오징어무국 (5.6.13.17)<br/>야채달걀찜 (1.9)<br/>곤드레나물밥&양념장 (5.6.13)<br/>칠리만두강정 (5.6.12.13)<br/>배식용김 <br/>배추김치 (9)<br/>아이스크림 ,"쌀 : 국내산<br/>배추 : 국내산<br/>고춧가루 : 국내산<br/>오징어 : 국내산<br/>비고 : 김:국산, 옥수수통조림:테국산",933.1 Kcal,탄수화물(g) : 123.1<br/>단백질(g) : 33.9<br/>지방(g) : 31.0<br/>비타민A(R.E) : 281.0<br/>티아민(mg) : 0.3<br/>리보플라빈(mg) : 0.9<br/>비타민C(mg) : 12.6<br/>칼슘(mg) : 273.4<br/>철분(mg) : 3.6,20240823
B10,서울특별시교육청,7010073,당곡고등학교,2,중식,20240819,840.00,칼슘강화기장밥 <br/>참치미역국 (5.6)<br/>양배추쌈/쌈장 (5.6)<br/>돈육고추장볶음 (5.6.10.13)<br/>해물경단 (1.2.5.6.8.9.10.15.16.17.18)<br/>총각김치 (9)<br/>축하설기 ,"돼지고기 : 국내산<br/>쌀 : 국내산<br/>배추 : 국내산<br/>고춧가루 : 국내산<br/>오징어 수산가공품 : 해물경단(오징어):페루,중국산<br/>비고 : 참치:원양산, 해물경단(연육):외국산",874.7 Kcal,탄수화물(g) : 121.0<br/>단백질(g) : 49.6<br/>지방(g) : 19.4<br/>비타민A(R.E) : 107.8<br/>티아민(mg) : 1.2<br/>리보플라빈(mg) : 0.4<br/>비타민C(mg) : 11.6<br/>칼슘(mg) : 158.1<br/>철분(mg) : 3.0,20240823
B10,서울특별시교육청,7010073,당곡고등학교,2,중식,20240820,830.00,미나리볶음밥 (1.5.6.13.18)<br/>버섯매운탕 (5.6.13)<br/>달걀장조림 (1.5.6.13)<br/>단호박묵무침 (5.6.13)<br/>삼치양념구이 (5.6.13)<br/>배추김치 (9)<br/>친환경수박 ,"쌀 : 국내산<br/>배추 : 국내산<br/>고춧가루 : 국내산<br/>비고 : 삼치:국산, 댠호박묵:중국산",866.4 Kcal,탄수화물(g) : 126.2<br/>단백질(g) : 41.5<br/>지방(g) : 18.8<br/>비타민A(R.E) : 264.8<br/>티아민(mg) : 0.5<br/>리보플라빈(mg) : 1.0<br/>비타민C(mg) : 7.8<br/>칼슘(mg) : 222.0<br/>철분(mg) : 4.5,20240827
B10,서울특별시교육청,7010073,당곡고등학교,2,중식,20240821,830.00,친환경흑미밥 <br/>얼갈이된장국 (5.6.13)<br/>불닭팽이버섯 (5.6.13)<br/>돼지불백 (5.6.10.12.13)<br/>김치메밀전병 (2.3.5.6.16.18)<br/>배추김치 (9)<br/>조각파인애플 ,돼지고기 : 국내산<br/>돼지고기 식육가공품 : 국내산<br/>쌀 : 국내산<br/>배추 : 국내산<br/>고춧가루 : 국내산,879.3 Kcal,탄수화물(g) : 117.4<br/>단백질(g) : 52.6<br/>지방(g) : 21.5<br/>비타민A(R.E) : 65.7<br/>티아민(mg) : 1.4<br/>리보플라빈(mg) : 0.9<br/>비타민C(mg) : 30.1<br/>칼슘(mg) : 176.1<br/>철분(mg) : 3.7,20240828
B10,서울특별시교육청,7010073,당곡고등학교,2,중식,20240822,830.00,친환경보리밥 <br/>볼어묵국 (1.5.6.7.13.18)<br/>청경채겉절이 (13)<br/>닭갈비 (2.5.6.12.13.15.16.18)<br/>츄러스맛탕 (1.2.5.6.13)<br/>배추김치 (9)<br/>미니우유빙수 (2.4.5.6.11),"닭고기 : 국내산<br/>쌀 : 국내산<br/>쌀 가공품 : 떡볶이떡(멥쌀):국산<br/>배추 : 국내산<br/>고춧가루 : 국내산<br/>비고 : 볼어묵(연육):외국산,우유(원유):국산",870.0 Kcal,탄수화물(g) : 121.2<br/>단백질(g) : 41.4<br/>지방(g) : 24.8<br/>비타민A(R.E) : 452.8<br/>티아민(mg) : 1.0<br/>리보플라빈(mg) : 0.8<br/>비타민C(mg) : 29.2<br/>칼슘(mg) : 510.4<br/>철분(mg) : 5.6,20240828
B10,서울특별시교육청,7010073,당곡고등학교,2,중식,20240823,830.00,추가밥 <br/>투움바파스타 (2.5.6.9.10.13.16.18)<br/>고명장국 (1.2.5.6.9.13)<br/>바베큐폭립 (5.6.10.12.13)<br/>코울슬로s (1.2.5.6.13)<br/>배추김치 (9)<br/>마늘빵 (1.2.5.6),"돼지고기 : 국내산<br/>쌀 : 국내산<br/>배추 : 국내산<br/>고춧가루 : 국내산<br/>비고 : 새우살:외국산,옥수수통조림:태국산,우유(원유):국산",884.8 Kcal,탄수화물(g) : 123.2<br/>단백질(g) : 29.3<br/>지방(g) : 28.2<br/>비타민A(R.E) : 69.3<br/>티아민(mg) : 0.6<br/>리보플라빈(mg) : 0.4<br/>비타민C(mg) : 13.7<br/>칼슘(mg) : 129.2<br/>철분(mg) : 3.6,20240830
B10,서울특별시교육청,7010073,당곡고등학교,2,중식,20240826,840.00,카레라이스 (2.5.6.10.12.13.16.18)<br/>미소국 (5.6)<br/>매콤콩나물무침 (5)<br/>고추장멸치볶음 (5.6.13)<br/>레몬크림깐쇼새우 (1.2.5.6.9.13)<br/>배추김치 (9)<br/>친환경방울토마토 (12),"돼지고기 : 국내산<br/>쌀 : 국내산<br/>배추 : 국내산<br/>고춧가루 : 국내산<br/>콩 가공품 : 두부(콩):외국산<br/>고등어 : <br/>주꾸미 : <br/>비고 : 지리멸치:국산,새우:베트남산",876.3 Kcal,탄수화물(g) : 99.0<br/>단백질(g) : 29.2<br/>지방(g) : 40.1<br/>비타민A(R.E) : 176.2<br/>티아민(mg) : 0.6<br/>리보플라빈(mg) : 0.4<br/>비타민C(mg) : 18.2<br/>칼슘(mg) : 287.7<br/>철분(mg) : 3.5,20240830
B10,서울특별시교육청,7010073,당곡고등학교,2,중식,20240827,830.00,칼슘강화기장밥 <br/>비건김치만두국 (5.6.13)<br/>야채달걀찜 (1.9)<br/>마늘쫑무침 (5.6.13)<br/>낙지야채볶음 (2.5.6.13.16)<br/>총각김치 (9)<br/>청포도주스 ,쌀 : 국내산<br/>배추 : 국내산<br/>고춧가루 : 국내산<br/>낙지 : 중국산,833.1 Kcal,탄수화물(g) : 123.7<br/>단백질(g) : 41.3<br/>지방(g) : 18.1<br/>비타민A(R.E) : 235.9<br/>티아민(mg) : 0.3<br/>리보플라빈(mg) : 0.5<br/>비타민C(mg) : 18.6<br/>칼슘(mg) : 222.6<br/>철분(mg) : 5.1,20240830
B10,서울특별시교육청,7010073,당곡고등학교,2,중식,20240828,830.00,친환경현미밥 <br/>소시지토스트 (1.2.5.6.10.12.16)<br/>우거지해장국 (5.6.13.16)<br/>두부조림 (5.6.13)<br/>찜닭(납작당면)_정육 (5.6.13.15)<br/>부추무침 (13)<br/>석박지 (9),쇠고기(종류) : 국내산(한우)<br/>돼지고기 식육가공품 : 국내산<br/>닭고기 : 국내산<br/>쌀 : 국내산<br/>배추 : 국내산<br/>고춧가루 : 국내산<br/>콩 가공품 : 두부(콩):국산,868.8 Kcal,탄수화물(g) : 95.6<br/>단백질(g) : 58.5<br/>지방(g) : 27.1<br/>비타민A(R.E) : 201.5<br/>티아민(mg) : 0.7<br/>리보플라빈(mg) : 1.3<br/>비타민C(mg) : 33.7<br/>칼슘(mg) : 330.3<br/>철분(mg) : 6.4,20240830
B10,서울특별시교육청,7010073,당곡고등학교,2,중식,20240829,840.00,김가루밥 <br/>물비빔쫄면 (1.2.5.6.15.16.18)<br/>쌈무생채 <br/>오꼬노미야끼 (1.5.6.12.13.17.18)<br/>열무김치 (9)<br/>아이스홍시 ,쌀 : 국내산<br/>배추 : 국내산<br/>고춧가루 : 국내산<br/>오징어 : 국내산,851.9 Kcal,탄수화물(g) : 143.4<br/>단백질(g) : 33.0<br/>지방(g) : 15.2<br/>비타민A(R.E) : 227.4<br/>티아민(mg) : 0.4<br/>리보플라빈(mg) : 1.2<br/>비타민C(mg) : 14.3<br/>칼슘(mg) : 165.1<br/>철분(mg) : 3.4,20240905
B10,서울특별시교육청,7010073,당곡고등학교,2,중식,20240830,830.00,순살양념치밥 (5.6.12.13.15)<br/>팽이버섯된장국 (5.6.13)<br/>맛살냉채 (1.5.6.8.13)<br/>파래김자반 (5)<br/>떡갈비&소스 (1.2.5.6.10.12.13.16)<br/>배추김치 (9)<br/>푸딩 ,"돼지고기 식육가공품 : 국내산<br/>닭고기 : 국내산<br/>쌀 : 국내산<br/>쌀 가공품 : <br/>배추 : 국내산<br/>고춧가루 : 국내산<br/>콩 가공품 : 두부(콩):외국산<br/>비고 : 김자반(김):국산,게맛살(연육):외국산",875.3 Kcal,탄수화물(g) : 68.3<br/>단백질(g) : 68.0<br/>지방(g) : 36.2<br/>비타민A(R.E) : 85.2<br/>티아민(mg) : 2.9<br/>리보플라빈(mg) : 0.6<br/>비타민C(mg) : 7.2<br/>칼슘(mg) : 215.6<br/>철분(mg) : 5.7,20240906
B10,서울특별시교육청,7010073,당곡고등학교,2,중식,20240902,840.00,칼슘강화기장밥 <br/>쇠고기미역국 (5.6.16)<br/>돈사태떡찜 (5.6.10.13)<br/>미나리초무침 (5.6)<br/>버섯잡채 (5.6.13)<br/>배추김치 (9)<br/>딸기케이크 (1.2.5.6),쇠고기(종류) : 국내산(한우)<br/>돼지고기 : 국내산<br/>쌀 : 국내산<br/>쌀 가공품 : 떡(멥쌀):국산<br/>배추 : 국내산<br/>고춧가루 : 국내산,866.0 Kcal,탄수화물(g) : 126.8<br/>단백질(g) : 37.1<br/>지방(g) : 21.8<br/>비타민A(R.E) : 104.5<br/>티아민(mg) : 0.8<br/>리보플라빈(mg) : 0.9<br/>비타민C(mg) : 7.6<br/>칼슘(mg) : 254.3<br/>철분(mg) : 4.6,20240909
B10,서울특별시교육청,7010073,당곡고등학교,2,중식,20240903,830.00,친환경현미밥 <br/>참치김치찌개 (5.6.9.13)<br/>야채달걀찜 (1.9)<br/>열무된장무침 (5.6)<br/>제육볶음 (5.6.10.13)<br/>총각김치 (9)<br/>인절미맛아몬드 (2.5),돼지고기 : 국내산<br/>쌀 : 국내산<br/>배추 : 국내산<br/>고춧가루 : 국내산<br/>참조기 수산가공품 : 두부(콩):외국산<br/>비고 : 참치:원양산,865.5 Kcal,탄수화물(g) : 104.4<br/>단백질(g) : 54.6<br/>지방(g) : 24.2<br/>비타민A(R.E) : 295.7<br/>티아민(mg) : 1.2<br/>리보플라빈(mg) : 0.8<br/>비타민C(mg) : 11.7<br/>칼슘(mg) : 305.6<br/>철분(mg) : 4.9,20240910
B10,서울특별시교육청,7010073,당곡고등학교,2,중식,20240904,830.00,친환경잡곡밥 (5)<br/>파송송달걀국 (1.13)<br/>도토리묵무침 (5.6.13)<br/>닭갈비 (5.6.13.15)<br/>소시지떡강정 (2.5.6.10.12.13.15.16)<br/>배추김치 (9)<br/>아이스망고 ,돼지고기 식육가공품 : 국내산<br/>닭고기 : 국내산<br/>쌀 : 국내산<br/>쌀 가공품 : 떡(멥쌀): 국산<br/>배추 : 국내산<br/>고춧가루 : 국내산<br/>비고 : 도토리묵:중국산,872.7 Kcal,탄수화물(g) : 107.9<br/>단백질(g) : 45.1<br/>지방(g) : 28.2<br/>비타민A(R.E) : 313.7<br/>티아민(mg) : 0.7<br/>리보플라빈(mg) : 0.5<br/>비타민C(mg) : 29.4<br/>칼슘(mg) : 228.5<br/>철분(mg) : 3.5,20240911
B10,서울특별시교육청,7010073,당곡고등학교,2,중식,20240905,830.00,칼슘강화기장밥 <br/>햄찌개 (1.2.5.6.9.10.15.16)<br/>얼갈이된장무침 (5.6.13)<br/>미트볼데리야끼볶음 (1.2.5.6.10.13.15.16)<br/>삼치구이 <br/>깍두기 (9)<br/>사과주스 (1.2.3.4.5.6.11.12.15),돼지고기 : 국내산<br/>돼지고기 식육가공품 : 국내산<br/>쌀 : 국내산<br/>쌀 가공품 : 떡국떡(멥쌀):국산<br/>배추 : 국내산<br/>고춧가루 : 국내산<br/>콩 가공품 : 두부(콩):외국산<br/>비고 : 삼치:국산,877.2 Kcal,탄수화물(g) : 115.1<br/>단백질(g) : 39.7<br/>지방(g) : 27.3<br/>비타민A(R.E) : 79.1<br/>티아민(mg) : 0.6<br/>리보플라빈(mg) : 0.6<br/>비타민C(mg) : 108.1<br/>칼슘(mg) : 244.2<br/>철분(mg) : 3.0,20240912
B10,서울특별시교육청,7010073,당곡고등학교,2,중식,20240906,830.00,친환경보리밥 <br/>돈육감자탕 (5.6.10.13.16)<br/>두부조림 (5.6.13)<br/>참나물사과무침 <br/>생선까스&콘소스 (1.2.5.6.13)<br/>배추김치 (9)<br/>포도 ,"돼지고기 : 국내산<br/>쌀 : 국내산<br/>배추 : 국내산<br/>고춧가루 : 국내산<br/>콩 가공품 : 두부(콩):국산<br/>주꾸미 : <br/>비고 : 생선가스(민대구):국산(50%이상), 옥수수콘:태국산",879.9 Kcal,탄수화물(g) : 98.8<br/>단백질(g) : 40.9<br/>지방(g) : 34.6<br/>비타민A(R.E) : 167.9<br/>티아민(mg) : 0.6<br/>리보플라빈(mg) : 1.1<br/>비타민C(mg) : 15.7<br/>칼슘(mg) : 288.8<br/>철분(mg) : 5.3,20240913
B10,서울특별시교육청,7010073,당곡고등학교,2,중식,20240909,840.00,칼슘강화밥 <br/>얼큰북어국 (5.6.9.13)<br/>양배추쌈/쌈장 (6.5)<br/>무말랭이무침(자율) <br/>돼지불백 (5.6.10.12.13)<br/>배추김치 (9)<br/>미니핫도그&케찹 (1.2.5.6.10.12.15.16),"돼지고기 : 국내산<br/>돼지고기 식육가공품 : 국산, 수입산<br/>닭고기 식육가공품 : 국내산<br/>쌀 : 국내산<br/>배추 : 국내산<br/>고춧가루 : 국내산<br/>콩 가공품 : 두부(콩):외국산<br/>명태 수산가공품 : 북어채:외국산",880.1 Kcal,탄수화물(g) : 126.2<br/>단백질(g) : 51.8<br/>지방(g) : 16.2<br/>비타민A(R.E) : 60.0<br/>티아민(mg) : 1.2<br/>리보플라빈(mg) : 0.8<br/>비타민C(mg) : 18.2<br/>칼슘(mg) : 245.2<br/>철분(mg) : 3.5,20240916
B10,서울특별시교육청,7010073,당곡고등학교,2,중식,20240910,830.00,비건햄김치볶음밥 (5.6.9)<br/>팽이장국 (5.6)<br/>오징어야채볶음(링) (5.6.13.17.18)<br/>콘파이 (1.2.5.6)<br/>깍두기 (9)<br/>바나나우유 (2)<br/>양배추샐러드(흑임자D) (1.5),"쌀 : 국내산<br/>배추 : 국내산<br/>고춧가루 : 국내산<br/>콩 가공품 : 비건햄(콩):중국산, 두부(콩):외국산<br/>오징어 : 국내산<br/>비고 : 옥수수콘:베트남산, 바나나우유(원유):국산",880.9 Kcal,탄수화물(g) : 108.2<br/>단백질(g) : 42.0<br/>지방(g) : 30.9<br/>비타민A(R.E) : 286.1<br/>티아민(mg) : 0.5<br/>리보플라빈(mg) : 0.7<br/>비타민C(mg) : 23.0<br/>칼슘(mg) : 430.2<br/>철분(mg) : 3.1,20240917
B10,서울특별시교육청,7010073,당곡고등학교,2,중식,20240911,830.00,친환경현미밥 <br/>고기만두국 (1.5.6.10.13.16.18)<br/>크랜베리멸치볶음 (13)<br/>치즈불닭 (2.5.6.13.15)<br/>부추전 (1.6)<br/>배추김치 (9)<br/>골드키위 ,"돼지고기 식육가공품 : 국내산<br/>닭고기 : 국내산<br/>쌀 : 국내산<br/>쌀 가공품 : 떡볶이떡(멥쌀):국산<br/>배추 : 국내산<br/>고춧가루 : 국내산<br/>비고 : 모짜렐라치즈:외국산, 크렌베리:미국산, 멸치(가이리):국산",874.4 Kcal,탄수화물(g) : 128.9<br/>단백질(g) : 43.7<br/>지방(g) : 19.4<br/>비타민A(R.E) : 229.2<br/>티아민(mg) : 0.8<br/>리보플라빈(mg) : 0.5<br/>비타민C(mg) : 51.8<br/>칼슘(mg) : 293.8<br/>철분(mg) : 5.6,20240918
B10,서울특별시교육청,7010073,당곡고등학교,2,중식,20240912,830.00,칼슘강화밥 <br/>다시마감자국 <br/>연두부&양념장 (5.6.13)<br/>새송이볶음 (5.6.13.18)<br/>순대야채볶음s (2.5.6.10.13.16)<br/>배추김치 (9)<br/>플레인요거트 (2),"쌀 : 국내산<br/>배추 : 국내산<br/>고춧가루 : 국내산<br/>콩 가공품 : 연두부(콩):국산<br/>비고 : 순대(돼지소창, 돈지방):국산",873.9 Kcal,탄수화물(g) : 167.9<br/>단백질(g) : 25.6<br/>지방(g) : 11.6<br/>비타민A(R.E) : 202.5<br/>티아민(mg) : 0.8<br/>리보플라빈(mg) : 0.9<br/>비타민C(mg) : 13.1<br/>칼슘(mg) : 305.5<br/>철분(mg) : 5.5,20240919
B10,서울특별시교육청,7010073,당곡고등학교,2,중식,20240913,830.00,카레라이스 (2.5.6.10.12.13.16.18)<br/>오징어무국 (17)<br/>연근조림 (5.6.13)<br/>탄두리치킨(완제) (2.5.12.13.15)<br/>배추김치 (9)<br/>오렌지샐러드(발사믹D) (1.2.5.6),돼지고기 : 국내산<br/>닭고기 : 국내산<br/>쌀 : 국내산<br/>배추 : 국내산<br/>고춧가루 : 국내산<br/>오징어 : 국내산,876.7 Kcal,탄수화물(g) : 126.2<br/>단백질(g) : 39.6<br/>지방(g) : 21.4<br/>비타민A(R.E) : 147.2<br/>티아민(mg) : 0.8<br/>리보플라빈(mg) : 0.7<br/>비타민C(mg) : 33.1<br/>칼슘(mg) : 206.0<br/>철분(mg) : 3.0,20240920
B10,서울특별시교육청,7010073,당곡고등학교,2,중식,20240919,830.00,밥버거 (1.2.5.6.9.10.15.16)<br/>고명유부국 (1.2.5.6.9.13)<br/>국수떡볶이 (1.5.6.13)<br/>김말이튀김 (5.6.16.18)<br/>깍두기 (9)<br/>아이스슈 (1.2.5.6)<br/>양배추샐러드&사우전D (1.2.5.6),"돼지고기 식육가공품 : 국내산<br/>쌀 : 국내산<br/>배추 : 국내산<br/>고춧가루 : 국내산<br/>콩 가공품 : 유부(콩):외국산<br/>비고 : 어묵(연육):국산, 참치:원양산, 김:국산",1311.2 Kcal,탄수화물(g) : 186.4<br/>단백질(g) : 31.2<br/>지방(g) : 48.8<br/>비타민A(R.E) : 140.2<br/>티아민(mg) : 0.6<br/>리보플라빈(mg) : 0.6<br/>비타민C(mg) : 29.4<br/>칼슘(mg) : 235.6<br/>철분(mg) : 8.4,20240926
B10,서울특별시교육청,7010073,당곡고등학교,2,중식,20240920,830.00,친환경잡곡밥 (5)<br/>짬뽕국 (5.6.9.13.17.18)<br/>부추무침 (13)<br/>닭볶음탕 (5.6.13.15)<br/>회오리감자 (2.5.6)<br/>배추김치 (9),닭고기 : 국내산<br/>오리고기 : <br/>쌀 : 국내산<br/>배추 : 국내산<br/>고춧가루 : 국내산<br/>오징어 : 국내산<br/>주꾸미 : <br/>비고 : 건홍합:국산,758.0 Kcal,탄수화물(g) : 121.2<br/>단백질(g) : 51.5<br/>지방(g) : 6.1<br/>비타민A(R.E) : 256.0<br/>티아민(mg) : 0.7<br/>리보플라빈(mg) : 0.8<br/>비타민C(mg) : 20.9<br/>칼슘(mg) : 166.5<br/>철분(mg) : 4.7,20240927
B10,서울특별시교육청,7010073,당곡고등학교,2,중식,20240923,840.00,친환경현미밥 <br/>육개장 (1.16)<br/>명엽채볶음 (5.6.13)<br/>닭카레볶음s (2.5.6.12.13.15.16.18)<br/>오이지무침 <br/>배추김치 (9)<br/>초코롤빵 (1.2.5.6.16),쇠고기(종류) : 국내산(한우)<br/>닭고기 : 국내산<br/>쌀 : 국내산<br/>배추 : 국내산<br/>고춧가루 : 국내산<br/>낙지 수산가공품 : <br/>명태 : <br/>명태 수산가공품 : 명엽채:러시아산,873.1 Kcal,탄수화물(g) : 121.5<br/>단백질(g) : 52.7<br/>지방(g) : 17.7<br/>비타민A(R.E) : 215.9<br/>티아민(mg) : 0.7<br/>리보플라빈(mg) : 0.7<br/>비타민C(mg) : 13.2<br/>칼슘(mg) : 217.9<br/>철분(mg) : 4.0,20240930
B10,서울특별시교육청,7010073,당곡고등학교,2,중식,20240924,830.00,콩나물밥/양념장 (5.6.13)<br/>두부된장찌개 (5.6.13)<br/>골뱅이소면무침 (5.6.13.17)<br/>사과 <br/>타코야끼(4) (1.2.5.6.10.15.16.18)<br/>도시락김 <br/>배추김치 (9),쌀 : 국내산<br/>배추 : 국내산<br/>고춧가루 : 국내산<br/>콩 가공품 : 두부(콩):외국산<br/>주꾸미 : 김:국산,861.7 Kcal,탄수화물(g) : 119.8<br/>단백질(g) : 35.0<br/>지방(g) : 25.4<br/>비타민A(R.E) : 190.1<br/>티아민(mg) : 0.5<br/>리보플라빈(mg) : 0.9<br/>비타민C(mg) : 13.8<br/>칼슘(mg) : 294.6<br/>철분(mg) : 3.8,20241001
B10,서울특별시교육청,7010073,당곡고등학교,2,중식,20240925,830.00,칼슘강화기장밥 <br/>쇠고기무국 (16)<br/>브로콜리무침 <br/>진미채고추장볶음 (5.6.13.17)<br/>돈육고추장불고기 (5.6.10.13)<br/>배추김치 (9)<br/>흑당버블티 (2),쇠고기(종류) : 국내산(한우)<br/>돼지고기 : 국내산<br/>쌀 : 국내산<br/>배추 : 국내산<br/>고춧가루 : 국내산<br/>오징어 수산가공품 : 진미채:페루산,868.8 Kcal,탄수화물(g) : 112.9<br/>단백질(g) : 53.5<br/>지방(g) : 20.9<br/>비타민A(R.E) : 189.5<br/>티아민(mg) : 1.3<br/>리보플라빈(mg) : 0.7<br/>비타민C(mg) : 22.5<br/>칼슘(mg) : 306.1<br/>철분(mg) : 3.4,20241002
B10,서울특별시교육청,7010073,당곡고등학교,2,중식,20240926,830.00,칼슘강화기장밥 <br/>얼갈이된장국 (5.6)<br/>볼어묵조림 (1.5.6.13.18)<br/>찜닭(납작당면)_정육 (5.6.13.15)<br/>매콤콩나물무침 (5)<br/>배추김치 (9)<br/>조각메론 ,닭고기 : 국내산<br/>쌀 : 국내산<br/>배추 : 국내산<br/>고춧가루 : 국내산<br/>비고 : 어묵(연육):외국산,879.9 Kcal,탄수화물(g) : 143.1<br/>단백질(g) : 53.9<br/>지방(g) : 8.1<br/>비타민A(R.E) : 204.5<br/>티아민(mg) : 0.6<br/>리보플라빈(mg) : 1.0<br/>비타민C(mg) : 16.7<br/>칼슘(mg) : 291.2<br/>철분(mg) : 4.8,20241003
B10,서울특별시교육청,7010073,당곡고등학교,2,중식,20240927,830.00,추가밥 <br/>스파게티 (1.2.5.6.10.12.13.16)<br/>망고야채샐러드 (1.2.5.6.12)<br/>온두부&김치볶음 (5.9.13)<br/>콘치즈마요떡갈비구이 (1.2.5.6.10.12.13.15.16.18),돼지고기 : 국내산<br/>돼지고기 식육가공품 : 국내산<br/>쌀 : 국내산<br/>배추 : 국내산<br/>고춧가루 : 국내산<br/>콩 가공품 : 두부(콩):국산<br/>주꾸미 : <br/>비고 : 옥수수콘:태국산,988.5 Kcal,탄수화물(g) : 130.5<br/>단백질(g) : 36.2<br/>지방(g) : 36.3<br/>비타민A(R.E) : 239.9<br/>티아민(mg) : 0.5<br/>리보플라빈(mg) : 0.6<br/>비타민C(mg) : 18.2<br/>칼슘(mg) : 360.8<br/>철분(mg) : 4.6,20241004
B10,서울특별시교육청,7010073,당곡고등학교,2,중식,20240930,840.00,달걀간장밥 (1.5.6)<br/>돈육고추장찌개 (5.6.10.13)<br/>치킨샐러드&허니머스터드S (1.2.5.6.15.16)<br/>숙주나물무침 <br/>배추김치 (9)<br/>후룻볼복숭아 (11),돼지고기 : 국내산<br/>닭고기 식육가공품 : 국내산<br/>쌀 : 국내산<br/>배추 : 국내산<br/>고춧가루 : 국내산<br/>콩 가공품 : 두부(콩):외국산,878.4 Kcal,탄수화물(g) : 114.1<br/>단백질(g) : 39.9<br/>지방(g) : 27.7<br/>비타민A(R.E) : 162.2<br/>티아민(mg) : 0.7<br/>리보플라빈(mg) : 0.9<br/>비타민C(mg) : 22.8<br/>칼슘(mg) : 280.8<br/>철분(mg) : 4.5,20241006
B10,서울특별시교육청,7010073,당곡고등학교,2,중식,20241011,830.00,소시지달걀볶음밥 (1.2.5.6.10.13.15.16.18)<br/>미니한우쌀국수 (2.5.6.13.16)<br/>미나리초무침 (5.6)<br/>흑임자탕수육&파인애플s (1.5.6.10.12.13)<br/>배추김치 (9)<br/>아이스망고 ,쇠고기(종류) : 국내산(한우)<br/>돼지고기 식육가공품 : 국내산<br/>쌀 : 국내산<br/>배추 : 국내산<br/>고춧가루 : 국내산,1109.2 Kcal,탄수화물(g) : 139.3<br/>단백질(g) : 36.0<br/>지방(g) : 44.5<br/>비타민A(R.E) : 161.3<br/>티아민(mg) : 1.4<br/>리보플라빈(mg) : 0.6<br/>비타민C(mg) : 29.4<br/>칼슘(mg) : 187.4<br/>철분(mg) : 10.6,20241018
B10,서울특별시교육청,7010073,당곡고등학교,2,중식,20241014,840.00,칼슘강화기장밥 <br/>초코케이크 (1.2.5.6.10)<br/>쇠고기미역국 (5.6.13.16)<br/>청포묵김가루무침 (5)<br/>버섯잡채 (5.6.13)<br/>제육볶음 (5.6.10.13)<br/>배추김치 (9),쇠고기(종류) : 국내산(한우)<br/>돼지고기 : 국내산<br/>쌀 : 국내산<br/>배추 : 국내산<br/>고춧가루 : 국내산,825.6 Kcal,탄수화물(g) : 110.7<br/>단백질(g) : 45.7<br/>지방(g) : 21.1<br/>비타민A(R.E) : 175.3<br/>티아민(mg) : 1.1<br/>리보플라빈(mg) : 0.7<br/>비타민C(mg) : 13.4<br/>칼슘(mg) : 229.5<br/>철분(mg) : 5.5,20241020
B10,서울특별시교육청,7010073,당곡고등학교,2,중식,20241015,830.00,참치마요구운주먹밥 (1.2.5.6)<br/>팽이버섯된장국 (5.6.13)<br/>김치볶음 (9.13)<br/>떡볶이(소스) (1.5.6.13)<br/>김말이튀김 (5.6.16.18)<br/>고구마튀김 (6)<br/>뜯어먹는치즈 (2),쌀 : 국내산<br/>쌀 가공품 : 떡볶이떡(멥쌀):국산<br/>배추 : 국내산<br/>고춧가루 : 국내산<br/>콩 가공품 : 두부(콩):외국산<br/>참조기 : <br/>비고 : ,814.8 Kcal,탄수화물(g) : 123.4<br/>단백질(g) : 22.8<br/>지방(g) : 26.3<br/>비타민A(R.E) : 177.3<br/>티아민(mg) : 0.4<br/>리보플라빈(mg) : 0.6<br/>비타민C(mg) : 6.7<br/>칼슘(mg) : 229.6<br/>철분(mg) : 10.1,20241022
B10,서울특별시교육청,7010073,당곡고등학교,2,중식,20241016,280.00,친환경칼슘기장밥 <br/>육개장 (1.16)<br/>쥐치포땅콩조림 (4.5.6.13)<br/>맛살냉채 (1.5.6.8.13)<br/>훈제오리야채볶음 (5.6.13.18)<br/>깍두기 (9)<br/>귤 ,쇠고기(종류) : 국내산(한우)<br/>오리고기 : 국내산<br/>쌀 : 국내산<br/>배추 : 국내산<br/>고춧가루 : 국내산<br/>비고 : 쥐치포:베트남산. 맛살(연육):외국산,978.0 Kcal,탄수화물(g) : 92.3<br/>단백질(g) : 48.4<br/>지방(g) : 45.9<br/>비타민A(R.E) : 144.2<br/>티아민(mg) : 0.7<br/>리보플라빈(mg) : 0.7<br/>비타민C(mg) : 81.6<br/>칼슘(mg) : 283.5<br/>철분(mg) : 3.3,20241023
B10,서울특별시교육청,7010073,당곡고등학교,2,중식,20241017,280.00,친환경잡곡밥 (5)<br/>조랭이떡국 (1.5.6.13.16)<br/>매운갈비찜 (5.6.10.13)<br/>오이도라지초무침 (5.6.13)<br/>사과 <br/>두부구이&양념장 (5.6.13)<br/>배추김치 (9),쇠고기(종류) : 국내산(한우)<br/>돼지고기 : 국내산<br/>쌀 : 국내산<br/>쌀 가공품 : 조랭이떡(멥쌀):국산<br/>배추 : 국내산<br/>고춧가루 : 국내산<br/>콩 가공품 : 두부(콩):국산,896.6 Kcal,탄수화물(g) : 100.6<br/>단백질(g) : 52.3<br/>지방(g) : 31.2<br/>비타민A(R.E) : 141.3<br/>티아민(mg) : 1.0<br/>리보플라빈(mg) : 1.1<br/>비타민C(mg) : 12.7<br/>칼슘(mg) : 255.1<br/>철분(mg) : 5.3,20241024
B10,서울특별시교육청,7010073,당곡고등학교,2,중식,20241018,280.00,소고기콩나물밥/양념장 (5.6.13.16)<br/>미소국 (5.6.13)<br/>꽈리고추메추리알조림 (1.5.6.13)<br/>시금치나물 <br/>삼치구이 <br/>배추김치 (9)<br/>마들렌 (1.5.6),쇠고기(종류) : 국내산(한우)<br/>쌀 : 국내산<br/>배추 : 국내산<br/>고춧가루 : 국내산<br/>콩 가공품 : 두부(콩):외국산<br/>비고 : 삼치:국산,880.9 Kcal,탄수화물(g) : 121.8<br/>단백질(g) : 47.1<br/>지방(g) : 20.1<br/>비타민A(R.E) : 324.2<br/>티아민(mg) : 0.5<br/>리보플라빈(mg) : 0.6<br/>비타민C(mg) : 24.1<br/>칼슘(mg) : 260.0<br/>철분(mg) : 4.8,20241025
B10,서울특별시교육청,7010073,당곡고등학교,2,중식,20241021,840.00,단호박카레라이스 (2.5.6.10.12.13.16.18)<br/>파송송달걀국 (1.13)<br/>바베큐폭립 (5.6.10.12.13)<br/>매콤콩나물무침 (5)<br/>배추김치 (9)<br/>토마토카프레제 (1.2.3.5.6.12),돼지고기 : 국내산<br/>쌀 : 국내산<br/>배추 : 국내산<br/>고춧가루 : 국내산,853.3 Kcal,탄수화물(g) : 105.4<br/>단백질(g) : 37.5<br/>지방(g) : 29.5<br/>비타민A(R.E) : 293.6<br/>티아민(mg) : 0.9<br/>리보플라빈(mg) : 0.6<br/>비타민C(mg) : 30.7<br/>칼슘(mg) : 262.4<br/>철분(mg) : 3.8,20241028
B10,서울특별시교육청,7010073,당곡고등학교,2,중식,20241022,772.00,친환경흑미밥 <br/>설렁탕 (13.16)<br/>오징어초무침(무x)s (5.6.17)<br/>명엽채볶음 (5.6.13)<br/>치즈떡닭갈비s (2.5.6.13.15)<br/>석박지 (9)<br/>워터젤리(복숭아맛) (11),쇠고기(종류) : 국내산(한우)<br/>닭고기 : 국내산<br/>쌀 : 국내산<br/>배추 : 국내산<br/>고춧가루 : 국내산<br/>명태 수산가공품 : 명엽채:러시아산<br/>오징어 : 국내산,815.9 Kcal,탄수화물(g) : 128.6<br/>단백질(g) : 38.1<br/>지방(g) : 14.2<br/>비타민A(R.E) : 135.4<br/>티아민(mg) : 0.4<br/>리보플라빈(mg) : 0.4<br/>비타민C(mg) : 12.9<br/>칼슘(mg) : 143.5<br/>철분(mg) : 2.2,20241029
B10,서울특별시교육청,7010073,당곡고등학교,2,중식,20241023,830.00,추가밥 <br/>김치어묵우동(대) (1.5.6.9.13)<br/>근대된장무침(자율) (5.6)<br/>고기지짐 (1.2.5.6.10.15.16)<br/>깍두기 (9)<br/>수제양파고추장아찌 (6.12.13.18)<br/>조각파인애플 ,돼지고기 식육가공품 : 국내산<br/>쌀 : 국내산<br/>배추 : 국내산<br/>고춧가루 : 국내산<br/>비고 : 어묵(연육):국산,814.8 Kcal,탄수화물(g) : 131.8<br/>단백질(g) : 24.9<br/>지방(g) : 19.3<br/>비타민A(R.E) : 95.6<br/>티아민(mg) : 0.6<br/>리보플라빈(mg) : 0.3<br/>비타민C(mg) : 22.7<br/>칼슘(mg) : 223.7<br/>철분(mg) : 3.4,20241030
B10,서울특별시교육청,7010073,당곡고등학교,2,중식,20241024,830.00,친환경현미밥 <br/>오징어무국 (17)<br/>고등어감자조림 (5.6.7.13)<br/>더블치즈스테이크&소스 (2.5.6.10.12.13.15.16.18)<br/>석박지 (9)<br/>골드키위주스 <br/>브로콜리&초장 (5.6),쇠고기 식육가공품 : 국내산<br/>돼지고기 식육가공품 : 국내산<br/>쌀 : 국내산<br/>배추 : 국내산<br/>고춧가루 : 국내산<br/>고등어 : 국내산<br/>오징어 : 국내산,871.2 Kcal,탄수화물(g) : 126.3<br/>단백질(g) : 38.7<br/>지방(g) : 20.2<br/>비타민A(R.E) : 87.3<br/>티아민(mg) : 0.8<br/>리보플라빈(mg) : 0.5<br/>비타민C(mg) : 68.1<br/>칼슘(mg) : 203.8<br/>철분(mg) : 3.5,20241031
B10,서울특별시교육청,7010073,당곡고등학교,2,중식,20241025,830.00,문어솥밥 (5.6)<br/>팽이버섯된장국 (5.6.13)<br/>코울슬로s (1.2.5.6.13)<br/>독도사랑김 <br/>장각구이 (5.6.12.13.15.18)<br/>배추김치 (9)<br/>후레쉬업(레몬&라임) ,"닭고기 : 국내산<br/>쌀 : 국내산<br/>배추 : 국내산<br/>고춧가루 : 국내산<br/>콩 가공품 : 두부(콩):외국산<br/>주꾸미 : 김:국산, 옥수수통조림:태국산",866.4 Kcal,탄수화물(g) : 134.6<br/>단백질(g) : 36.7<br/>지방(g) : 18.6<br/>비타민A(R.E) : 101.4<br/>티아민(mg) : 0.4<br/>리보플라빈(mg) : 0.4<br/>비타민C(mg) : 17.2<br/>칼슘(mg) : 171.0<br/>철분(mg) : 2.6,20241101
B10,서울특별시교육청,7010073,당곡고등학교,2,중식,20241028,840.00,친환경현미밥 <br/>순두부짬뽕국 (5.6.9.13.17.18)<br/>오이생채 (13)<br/>삼겹살숙주볶음 (5.6.10.13.18)<br/>오징어김치전 (1.5.6)<br/>총각김치 (9)<br/>요거톡 (2),돼지고기 : 국내산<br/>쌀 : 국내산<br/>배추 : 국내산<br/>고춧가루 : 국내산<br/>콩 가공품 : 순두부(콩):국산<br/>오징어 : 국내산<br/>오징어 수산가공품 : 국내산<br/>비고 : 건홍합:국산,874.8 Kcal,탄수화물(g) : 60.2<br/>단백질(g) : 43.0<br/>지방(g) : 50.2<br/>비타민A(R.E) : 151.5<br/>티아민(mg) : 1.3<br/>리보플라빈(mg) : 0.8<br/>비타민C(mg) : 19.0<br/>칼슘(mg) : 302.7<br/>철분(mg) : 3.6,20241104
B10,서울특별시교육청,7010073,당곡고등학교,2,중식,20241029,830.00,추가밥 <br/>스파게티s (1.2.5.6.12.13)<br/>김치국 (5.6.9.13)<br/>조각피자 (1.2.5.6)<br/>쿠앤크아몬드 (2.5.6)<br/>블루베리샐러드(요거D) (1.2.5.6.12)<br/>오이피클 ,쌀 : 국내산<br/>배추 : 국내산<br/>고춧가루 : 국내산<br/>콩 가공품 : 비건햄(콩):중국산,845.9 Kcal,탄수화물(g) : 130.9<br/>단백질(g) : 26.1<br/>지방(g) : 25.2<br/>비타민A(R.E) : 144.9<br/>티아민(mg) : 0.5<br/>리보플라빈(mg) : 0.6<br/>비타민C(mg) : 18.0<br/>칼슘(mg) : 395.8<br/>철분(mg) : 3.4,20241105
B10,서울특별시교육청,7010073,당곡고등학교,2,중식,20241030,830.00,친환경잡곡밥 (5)<br/>쇠고기무국 (16)<br/>날치알달걀찜 (1)<br/>주꾸미볶음s (5.6.13)<br/>총각김치 (9)<br/>찹쌀호떡&아이스크림 (1.2.5.6)<br/>깻잎쌈무 ,쇠고기(종류) : 국내산(한우)<br/>쌀 : 국내산<br/>배추 : 국내산<br/>고춧가루 : 국내산<br/>주꾸미 : 중국산,811.8 Kcal,탄수화물(g) : 115.2<br/>단백질(g) : 39.4<br/>지방(g) : 20.5<br/>비타민A(R.E) : 241.4<br/>티아민(mg) : 0.3<br/>리보플라빈(mg) : 0.8<br/>비타민C(mg) : 13.1<br/>칼슘(mg) : 221.9<br/>철분(mg) : 4.9,20241106
B10,서울특별시교육청,7010073,당곡고등학교,2,중식,20241031,830.00,친환경현미밥 <br/>홍합탕 (5.18)<br/>연근조림 (5.6.13)<br/>돈사태김치찜 (5.6.9.10.13)<br/>분홍소시지전 (1.2.5.6.10.15.16)<br/>총각김치 (9)<br/>골드키위 ,"돼지고기 : 미국산<br/>쌀 : 국내산<br/>배추 : 국내산<br/>고춧가루 : 국내산<br/>비고 : 홍합:국산, 분홍소시지(연육):외국산",870.7 Kcal,탄수화물(g) : 116.6<br/>단백질(g) : 45.5<br/>지방(g) : 22.4<br/>비타민A(R.E) : 87.7<br/>티아민(mg) : 0.9<br/>리보플라빈(mg) : 1.1<br/>비타민C(mg) : 68.4<br/>칼슘(mg) : 238.4<br/>철분(mg) : 5.7,20241107
B10,서울특별시교육청,7010073,당곡고등학교,2,중식,20241101,820.00,친환경옥수수밥 <br/>조랭이떡국 (1.5.6.13.16)<br/>도토리묵무침 (5.6.13)<br/>오리불고기 (5.6.13)<br/>타코야끼 (1.2.5.6.10.15.16.18)<br/>배추김치 (9),쇠고기(종류) : 국내산(한우)<br/>오리고기 : 국내산<br/>쌀 : 국내산<br/>배추 : 국내산<br/>고춧가루 : 국내산<br/>비고 : 타코야끼(문어):수입,875.6 Kcal,탄수화물(g) : 91.7<br/>단백질(g) : 35.7<br/>지방(g) : 40.9<br/>비타민A(R.E) : 147.4<br/>티아민(mg) : 0.6<br/>리보플라빈(mg) : 0.7<br/>비타민C(mg) : 12.4<br/>칼슘(mg) : 172.7<br/>철분(mg) : 4.2,20241108
B10,서울특별시교육청,7010073,당곡고등학교,2,중식,20241104,830.00,추가밥 <br/>레드벨벳케이크 (1.2.5.6.13)<br/>잔치국수 (1.5.6.13)<br/>시금치나물 <br/>돈육간장불고기 (5.6.10.13)<br/>오징어김치전 (1.5.6)<br/>총각김치 (9),쌀 : 국내산<br/>배추 : 국내산<br/>고춧가루 : 국내산,833.1 Kcal,탄수화물(g) : 104.8<br/>단백질(g) : 49.2<br/>지방(g) : 22.4<br/>비타민A(R.E) : 275.3<br/>티아민(mg) : 1.1<br/>리보플라빈(mg) : 0.9<br/>비타민C(mg) : 26.6<br/>칼슘(mg) : 284.8<br/>철분(mg) : 4.3,20241111
B10,서울특별시교육청,7010073,당곡고등학교,2,중식,20241105,820.00,나물비빔밥*고추장 (5.6.13)<br/>우렁된장찌개 (5.6)<br/>불닭팽이버섯 (5.6.13)<br/>사과 <br/>통살새우까스/소스 (1.5.6.9.13)<br/>배추김치 (9),쌀 : 국내산<br/>배추 : 국내산<br/>고춧가루 : 국내산,830.0 Kcal,탄수화물(g) : 106.5<br/>단백질(g) : 22.5<br/>지방(g) : 37.0<br/>비타민A(R.E) : 152.8<br/>티아민(mg) : 0.5<br/>리보플라빈(mg) : 0.7<br/>비타민C(mg) : 13.4<br/>칼슘(mg) : 336.6<br/>철분(mg) : 4.5,20241112
B10,서울특별시교육청,7010073,당곡고등학교,2,중식,20241106,820.00,친환경현미밥 <br/>햄찌개 (1.2.5.6.9.10.15.16)<br/>건새우마늘쫑볶음 (5.6.9.13)<br/>미트볼데리야끼볶음 (1.2.5.6.10.13.15.16)<br/>콩나물불고기 (5.6.10.13)<br/>배추김치 (9)<br/>단팥찐빵 (6),쌀 : 국내산<br/>배추 : 국내산<br/>고춧가루 : 국내산,850.4 Kcal,탄수화물(g) : 90.7<br/>단백질(g) : 53.2<br/>지방(g) : 30.0<br/>비타민A(R.E) : 143.5<br/>티아민(mg) : 1.4<br/>리보플라빈(mg) : 0.6<br/>비타민C(mg) : 24.7<br/>칼슘(mg) : 333.8<br/>철분(mg) : 4.8,20241113
B10,서울특별시교육청,7010073,당곡고등학교,2,중식,20241107,820.00,순살양념치밥 (5.6.12.13.15)<br/>두부새우젓국 (1.5.9)<br/>브로콜리무침 <br/>언양식반달불고기&소스 (1.2.5.6.10.12.13.15.16)<br/>배추김치 (9)<br/>아이스망고 ,쌀 : 국내산<br/>배추 : 국내산<br/>고춧가루 : 국내산,826.2 Kcal,탄수화물(g) : 90.3<br/>단백질(g) : 64.6<br/>지방(g) : 22.4<br/>비타민A(R.E) : 142.4<br/>티아민(mg) : 2.3<br/>리보플라빈(mg) : 0.5<br/>비타민C(mg) : 20.7<br/>칼슘(mg) : 219.1<br/>철분(mg) : 4.7,20241114
B10,서울특별시교육청,7010073,당곡고등학교,2,중식,20241108,820.00,친환경잡곡밥 (5)<br/>몽글달걀탕 (1.13)<br/>무말랭이무침(자율) <br/>치즈핫도그&케찹 (1.2.5.6.10.12.15.18)<br/>닭고기구이 (5.6.12.13.15)<br/>배추김치 (9)<br/>깻잎쌈무 ,"닭고기 : 국내산<br/>쌀 : 국내산<br/>배추 : 국내산<br/>고춧가루 : 국내산<br/>비고 : 핫도그:소시지(연육:외국산), 모짜렐라(외국산),밀(미국,호주산)",821.4 Kcal,탄수화물(g) : 99.0<br/>단백질(g) : 49.6<br/>지방(g) : 23.1<br/>비타민A(R.E) : 206.2<br/>티아민(mg) : 0.6<br/>리보플라빈(mg) : 0.6<br/>비타민C(mg) : 9.8<br/>칼슘(mg) : 256.2<br/>철분(mg) : 3.8,20241115
B10,서울특별시교육청,7010073,당곡고등학교,2,중식,20241111,830.00,추가밥 <br/>자장소스 (5.6.10.13.16)<br/>짬뽕 (1.5.6.9.13.17.18)<br/>청경채겉절이 (13)<br/>탕수육&후르츠소스 (1.5.6.10.11.12.13)<br/>배추김치 (9)<br/>빼빼로 (1.2.4.5.6.10.13.16),쌀 : 국내산<br/>배추 : 국내산<br/>고춧가루 : 국내산,1079.6 Kcal,탄수화물(g) : 147.3<br/>단백질(g) : 34.6<br/>지방(g) : 41.4<br/>비타민A(R.E) : 189.8<br/>티아민(mg) : 0.5<br/>리보플라빈(mg) : 0.5<br/>비타민C(mg) : 23.2<br/>칼슘(mg) : 195.6<br/>철분(mg) : 10.8,20241118
B10,서울특별시교육청,7010073,당곡고등학교,2,중식,20241112,820.00,전복영양밥 (2.13.18)<br/>근대된장국 (5.6)<br/>파채무침 (13)<br/>수제육전 (1.16)<br/>석박지 (9)<br/>수능초콜릿 (2.5),쌀 : 국내산<br/>배추 : 국내산<br/>고춧가루 : 국내산,795.3 Kcal,탄수화물(g) : 93.9<br/>단백질(g) : 45.6<br/>지방(g) : 24.5<br/>비타민A(R.E) : 141.6<br/>티아민(mg) : 0.5<br/>리보플라빈(mg) : 0.8<br/>비타민C(mg) : 5.9<br/>칼슘(mg) : 289.3<br/>철분(mg) : 15.1,20241119
B10,서울특별시교육청,7010073,당곡고등학교,2,중식,20241115,820.00,친환경현미밥 <br/>육개장 (1.16)<br/>돈육메추리알조림 (1.5.6.10.13)<br/>진미채야채무침 (5.6.17)<br/>삼치카레구이 (2.5.6.12.13.16.18)<br/>배추김치 (9)<br/>모나카 (2.5.6),쌀 : 국내산<br/>배추 : 국내산<br/>고춧가루 : 국내산,769.3 Kcal,탄수화물(g) : 99.4<br/>단백질(g) : 41.8<br/>지방(g) : 21.0<br/>비타민A(R.E) : 251.0<br/>티아민(mg) : 0.7<br/>리보플라빈(mg) : 1.0<br/>비타민C(mg) : 14.4<br/>칼슘(mg) : 218.9<br/>철분(mg) : 3.6,20241122
B10,서울특별시교육청,7010073,당곡고등학교,2,중식,20241118,603.00,칼슘강화기장밥 <br/>참치김치찌개 (5.6.9.13)<br/>양배추쌈/쌈장 (5.6)<br/>무생채 (13)<br/>돼지불백 (5.6.10.12.13)<br/>파김치 (9)<br/>요거톡 (2),쌀 : 국내산<br/>배추 : 국내산<br/>고춧가루 : 국내산,784.1 Kcal,탄수화물(g) : 104.8<br/>단백질(g) : 49.7<br/>지방(g) : 17.9<br/>비타민A(R.E) : 146.9<br/>티아민(mg) : 1.2<br/>리보플라빈(mg) : 0.6<br/>비타민C(mg) : 18.1<br/>칼슘(mg) : 360.6<br/>철분(mg) : 3.1,20241125
B10,서울특별시교육청,7010073,당곡고등학교,2,중식,20241119,603.00,그린오므라이스 (1.2.5.6.12.13)<br/>얼갈이된장국 (5.6)<br/>참나물사과무침 <br/>실곤약야채무침(초) (5.6.13)<br/>레몬크림깐쇼새우 (1.2.5.6.9.13)<br/>배추김치 (9)<br/>귤 ,쌀 : 국내산<br/>배추 : 국내산<br/>고춧가루 : 국내산,803.8 Kcal,탄수화물(g) : 87.7<br/>단백질(g) : 20.7<br/>지방(g) : 41.4<br/>비타민A(R.E) : 257.3<br/>티아민(mg) : 0.4<br/>리보플라빈(mg) : 0.5<br/>비타민C(mg) : 40.3<br/>칼슘(mg) : 274.4<br/>철분(mg) : 3.3,20241126
B10,서울특별시교육청,7010073,당곡고등학교,2,중식,20241120,603.00,친환경강황밥 <br/>돈육고추장찌개 (5.6.10.13)<br/>매운어묵꼬치(소스) (1.5.6.13)<br/>야채달걀말이 (1)<br/>고등어데리야끼구이 (5.6.7.13)<br/>배추김치 (9)<br/>요구르트 (2),쌀 : 국내산<br/>배추 : 국내산<br/>고춧가루 : 국내산,845.6 Kcal,탄수화물(g) : 101.5<br/>단백질(g) : 46.4<br/>지방(g) : 26.6<br/>비타민A(R.E) : 248.6<br/>티아민(mg) : 0.7<br/>리보플라빈(mg) : 1.0<br/>비타민C(mg) : 7.9<br/>칼슘(mg) : 290.4<br/>철분(mg) : 5.4,20241127
B10,서울특별시교육청,7010073,당곡고등학교,2,중식,20241121,603.00,돈육콩나물밥/양념장 (5.6.10.13)<br/>오징어무국 (17)<br/>매운갈비찜 (5.6.10.13)<br/>애호박느타리볶음 (9)<br/>배추김치 (9)<br/>황치즈파이 (1.2.5.6)<br/>무조미김 ,쌀 : 국내산<br/>배추 : 국내산<br/>고춧가루 : 국내산,836.3 Kcal,탄수화물(g) : 107.6<br/>단백질(g) : 48.8<br/>지방(g) : 21.1<br/>비타민A(R.E) : 149.5<br/>티아민(mg) : 1.0<br/>리보플라빈(mg) : 1.3<br/>비타민C(mg) : 14.4<br/>칼슘(mg) : 212.4<br/>철분(mg) : 3.9,20241128
B10,서울특별시교육청,7010073,당곡고등학교,2,중식,20241122,603.00,치킨마요덮밥 (1.5.6.13.15.16)<br/>유부미소국 (5.6)<br/>골뱅이야채무침 (5.6.17)<br/>새송이볶음 (5.6.13.18)<br/>김치메밀전병 (2.3.5.6.16.18)<br/>총각김치 (9),쌀 : 국내산<br/>배추 : 국내산<br/>고춧가루 : 국내산,978.3 Kcal,탄수화물(g) : 95.6<br/>단백질(g) : 48.4<br/>지방(g) : 45.1<br/>비타민A(R.E) : 206.1<br/>티아민(mg) : 0.4<br/>리보플라빈(mg) : 0.7<br/>비타민C(mg) : 6.3<br/>칼슘(mg) : 322.4<br/>철분(mg) : 5.7,20241129
B10,서울특별시교육청,7010073,당곡고등학교,2,중식,20241125,605.00,친환경칼슘기장밥 <br/>불마요들기름메밀국수 (3.5.6.13)<br/>순두부찌개 (5.6.9.10)<br/>보쌈 (5.6.10)<br/>배추겉절이 (13)<br/>딸기크리스피롤 (1.2.3.5.6),쌀 : 국내산<br/>배추 : 국내산<br/>고춧가루 : 국내산,875.6 Kcal,탄수화물(g) : 91.9<br/>단백질(g) : 60.4<br/>지방(g) : 26.7<br/>비타민A(R.E) : 65.9<br/>티아민(mg) : 1.4<br/>리보플라빈(mg) : 1.2<br/>비타민C(mg) : 9.6<br/>칼슘(mg) : 192.6<br/>철분(mg) : 6.2,20241202
B10,서울특별시교육청,7010073,당곡고등학교,2,중식,20241126,603.00,카레라이스 (2.5.6.10.12.13.16.18)<br/>미소국 (5.6)<br/>타워함박스테이크 (1.2.5.6.10.12.13.15.16)<br/>배추김치 (9)<br/>블루베리샐러드(요거D) (1.2.5.6),쌀 : 국내산<br/>배추 : 국내산<br/>고춧가루 : 국내산,822.6 Kcal,탄수화물(g) : 107.5<br/>단백질(g) : 35.8<br/>지방(g) : 27.9<br/>비타민A(R.E) : 264.1<br/>티아민(mg) : 2.4<br/>리보플라빈(mg) : 0.7<br/>비타민C(mg) : 17.9<br/>칼슘(mg) : 373.4<br/>철분(mg) : 5.0,20241203
B10,서울특별시교육청,7010073,당곡고등학교,2,중식,20241127,603.00,친환경보리밥 <br/>쇠고기무국 (16)<br/>달걀장조림 (1.5.6.13)<br/>숙주나물무침 <br/>제육볶음 (5.6.10.13)<br/>배추김치 (9)<br/>유기농포도야채주스 (12),쌀 : 국내산<br/>배추 : 국내산<br/>고춧가루 : 국내산,856.0 Kcal,탄수화물(g) : 117.1<br/>단백질(g) : 53.5<br/>지방(g) : 17.5<br/>비타민A(R.E) : 190.5<br/>티아민(mg) : 1.3<br/>리보플라빈(mg) : 1.0<br/>비타민C(mg) : 15.1<br/>칼슘(mg) : 165.8<br/>철분(mg) : 4.9,20241204
B10,서울특별시교육청,7010073,당곡고등학교,2,중식,20241128,603.00,친환경흑미밥 <br/>물떡어묵국 (1.5.6.7.13.18)<br/>얼갈이된장무침 (5.6.13)<br/>닭볶음탕 (5.6.13.15)<br/>해물완자전 (1.2.5.6.8.9.16.17.18)<br/>배추김치 (9)<br/>조각배 ,쌀 : 국내산<br/>배추 : 국내산<br/>고춧가루 : 국내산,856.0 Kcal,탄수화물(g) : 145.3<br/>단백질(g) : 52.3<br/>지방(g) : 6.4<br/>비타민A(R.E) : 271.0<br/>티아민(mg) : 1.0<br/>리보플라빈(mg) : 0.7<br/>비타민C(mg) : 18.7<br/>칼슘(mg) : 300.2<br/>철분(mg) : 3.8,20241205
B10,서울특별시교육청,7010073,당곡고등학교,2,중식,20241129,603.00,소고기우엉볶음밥 (5.6.13.16)<br/>김치국 (9)<br/>조미김 <br/>깍두기 (9)<br/>토마토오이샐러드 (5.6.12)<br/>고구마피자 (1.2.5.6.10.12.13.15.16),쌀 : 국내산<br/>배추 : 국내산<br/>고춧가루 : 국내산,808.8 Kcal,탄수화물(g) : 136.9<br/>단백질(g) : 23.5<br/>지방(g) : 16.8<br/>비타민A(R.E) : 130.4<br/>티아민(mg) : 0.3<br/>리보플라빈(mg) : 0.5<br/>비타민C(mg) : 17.1<br/>칼슘(mg) : 283.1<br/>철분(mg) : 3.4,20241206
B10,서울특별시교육청,7010073,당곡고등학교,2,중식,20241202,603.00,칼슘강화기장밥 <br/>쇠고기미역국 (5.6.16)<br/>양배추쌈/쌈장 (5.6)<br/>올방개묵김치무침 (9)<br/>제육볶음 (5.6.10.13)<br/>깍두기 (9)<br/>밤티라미수 (13.1.2.5.6.10),쇠고기(종류) : 국내산(한우)<br/>돼지고기 : 국내산<br/>쌀 : 국내산<br/>배추 : 국내산<br/>고춧가루 : 국내산<br/>비고 : 올방개묵:외국산,869.7 Kcal,탄수화물(g) : 120.4<br/>단백질(g) : 48.1<br/>지방(g) : 21.4<br/>비타민A(R.E) : 197.1<br/>티아민(mg) : 1.3<br/>리보플라빈(mg) : 0.6<br/>비타민C(mg) : 19.7<br/>칼슘(mg) : 307.2<br/>철분(mg) : 5.0,20241209
B10,서울특별시교육청,7010073,당곡고등학교,2,중식,20241203,603.00,김밥맛볶음밥 (1.5.6.8)<br/>고명유부국 (1.2.5.6.9.13)<br/>진미채야채무침 (5.6.13.17)<br/>김말이튀김 (5.6.16.18)<br/>고구마튀김 (6)<br/>배추김치 (9)<br/>로제분모자떡볶이 (1.2.5.6.10.12.13.15.16)<br/>귤 ,"쌀 : 국내산<br/>배추 : 국내산<br/>고춧가루 : 국내산<br/>콩 가공품 : 비건햄(대두):중국산, 유부(콩):외국산<br/>오징어 수산가공품 : 진미채:페루산<br/>비고 : 어묵(연육):국산, 맛살(연육):외국산",845.5 Kcal,탄수화물(g) : 117.3<br/>단백질(g) : 26.3<br/>지방(g) : 32.1<br/>비타민A(R.E) : 240.2<br/>티아민(mg) : 0.7<br/>리보플라빈(mg) : 0.7<br/>비타민C(mg) : 49.8<br/>칼슘(mg) : 297.8<br/>철분(mg) : 8.3,20241210
B10,서울특별시교육청,7010073,당곡고등학교,2,중식,20241204,603.00,친환경현미밥 <br/>참치김치찌개 (5.6.9.13)<br/>두부조림 (5.6.13)<br/>숙주나물무침 <br/>생선까스&콘소스 (1.2.5.6.13)<br/>총각김치 (9)<br/>그릭요거트 (2),"쌀 : 국내산<br/>배추 : 국내산<br/>고춧가루 : 국내산<br/>콩 가공품 : 부침두부(콩):국산<br/>우렁쉥이 : <br/>비고 : 생선까스(민대구):국산, 참치:원양산, 옥수수통조림:태국산,그릭요거트(원유):국산",741.4 Kcal,탄수화물(g) : 103.9<br/>단백질(g) : 39.2<br/>지방(g) : 17.2<br/>비타민A(R.E) : 42.1<br/>티아민(mg) : 0.2<br/>리보플라빈(mg) : 1.1<br/>비타민C(mg) : 7.8<br/>칼슘(mg) : 367.0<br/>철분(mg) : 4.3,20241211
B10,서울특별시교육청,7010073,당곡고등학교,2,중식,20241205,603.00,친환경잡곡밥 (5)<br/>호떡 (1.2.5.6)<br/>얼큰북어국 (5.6.9.13)<br/>사과치커리생채 <br/>볼어묵볶음 (1.5.6.13.18)<br/>순살양념닭구이 (2.5.6.13.15.16.18)<br/>동치미 (9),"닭고기 : 국내산<br/>쌀 : 국내산<br/>쌀 가공품 : 떡볶이떡(멥쌀):국산<br/>배추 : 국내산<br/>고춧가루 : 국내산<br/>콩 가공품 : 두부(콩):외국산<br/>가리비 수산가공품 : <br/>비고 : 북어채:러시아산,어묵(연육):외국산",864.4 Kcal,탄수화물(g) : 111.6<br/>단백질(g) : 54.0<br/>지방(g) : 20.8<br/>비타민A(R.E) : 163.0<br/>티아민(mg) : 0.5<br/>리보플라빈(mg) : 0.9<br/>비타민C(mg) : 8.4<br/>칼슘(mg) : 184.4<br/>철분(mg) : 3.4,20241212
B10,서울특별시교육청,7010073,당곡고등학교,2,중식,20241206,603.00,카레라이스 (2.5.6.10.12.13.16.18)<br/>미소국 (5.6)<br/>더블치즈스테이크&소스 (2.5.6.10.12.13.15.16.18)<br/>배추김치 (9)<br/>시리얼/흰우유 (2.5.6)<br/>감말랭이야채샐러드 (1.2.5.6),돼지고기 : 국내산<br/>돼지고기 식육가공품 : 국내산<br/>쌀 : 국내산<br/>배추 : 국내산<br/>고춧가루 : 국내산<br/>콩 가공품 : 두부(콩):외국산<br/>비고 : 우유(원유):국산,756.1 Kcal,탄수화물(g) : 116.1<br/>단백질(g) : 31.4<br/>지방(g) : 19.6<br/>비타민A(R.E) : 589.2<br/>티아민(mg) : 2.2<br/>리보플라빈(mg) : 1.1<br/>비타민C(mg) : 42.5<br/>칼슘(mg) : 437.6<br/>철분(mg) : 4.9,20241213
B10,서울특별시교육청,7010073,당곡고등학교,2,중식,20241209,603.00,추가밥 <br/>크림스파게티(중식) (1.2.5.6.10.13.16)<br/>바베큐폭립 (5.6.10.12.13)<br/>고추장건새우마늘쫑볶음 (5.6.9.13)<br/>오이피클 <br/>후룻볼복숭아 (11)<br/>양상추샐러드(발사믹D) (1.2.5.6.12),돼지고기 : 국내산<br/>돼지고기 식육가공품 : 국내산<br/>쌀 : 국내산<br/>배추 : 국내산<br/>고춧가루 : 국내산<br/>비고 : 꽃새우:국산,870.2 Kcal,탄수화물(g) : 132.6<br/>단백질(g) : 29.7<br/>지방(g) : 24.3<br/>비타민A(R.E) : 71.2<br/>티아민(mg) : 0.5<br/>리보플라빈(mg) : 0.3<br/>비타민C(mg) : 28.3<br/>칼슘(mg) : 309.2<br/>철분(mg) : 3.2,20241216
B10,서울특별시교육청,7010073,당곡고등학교,2,중식,20241210,603.00,콩나물밥/양념장 (5.6.13)<br/>홍합탕 (18)<br/>비건만두 (5.6)<br/>도토리묵들깨무침 (5.6)<br/>낙지야채볶음 (5.6.13)<br/>배추김치 (9)<br/>마카롱 (1.2.6),"쌀 : 국내산<br/>배추 : 국내산<br/>고춧가루 : 국내산<br/>낙지 : 중국산<br/>비고 : 홍합:국산, 도토리묵:중국산",799.7 Kcal,탄수화물(g) : 111.7<br/>단백질(g) : 47.1<br/>지방(g) : 17.0<br/>비타민A(R.E) : 133.3<br/>티아민(mg) : 0.4<br/>리보플라빈(mg) : 0.9<br/>비타민C(mg) : 17.9<br/>칼슘(mg) : 325.7<br/>철분(mg) : 7.1,20241217
B10,서울특별시교육청,7010073,당곡고등학교,2,중식,20241218,583.00,칼슘강화기장밥 <br/>쇠고기무국 (16)<br/>깻잎지 (9)<br/>온두부&김치볶음 (5.9.13)<br/>파채닭강정 (1.2.5.6.12.13.15.16)<br/>조미김 <br/>아이스슈 (1.2.5.6),쇠고기(종류) : 국내산(한우)<br/>닭고기 식육가공품 : 국내산<br/>쌀 : 국내산<br/>배추 : 국내산<br/>고춧가루 : 국내산<br/>콩 가공품 : 두부(콩):국산<br/>비고 : 김:국산,858.0 Kcal,탄수화물(g) : 90.9<br/>단백질(g) : 23.9<br/>지방(g) : 43.2<br/>비타민A(R.E) : 130.8<br/>티아민(mg) : 0.4<br/>리보플라빈(mg) : 0.5<br/>비타민C(mg) : 13.3<br/>칼슘(mg) : 202.2<br/>철분(mg) : 3.6,20241225
B10,서울특별시교육청,7010073,당곡고등학교,2,중식,20241219,583.00,칼슘강화기장밥 <br/>순대국 (2.5.6.10.13.16)<br/>오징어미나리초무침 (5.6.17)<br/>부추무침 (13)<br/>김치전 (6.9)<br/>사과 <br/>석박지 (9),"돼지고기 : 국내산<br/>쌀 : 국내산<br/>배추 : 국내산<br/>고춧가루 : 국내산<br/>오징어 : 국내산<br/>비고 : 순대(돼지소창, 내장):국산",857.2 Kcal,탄수화물(g) : 130.7<br/>단백질(g) : 34.9<br/>지방(g) : 20.2<br/>비타민A(R.E) : 160.3<br/>티아민(mg) : 0.7<br/>리보플라빈(mg) : 0.7<br/>비타민C(mg) : 7.2<br/>칼슘(mg) : 181.6<br/>철분(mg) : 5.5,20241226
B10,서울특별시교육청,7010073,당곡고등학교,2,중식,20241220,583.00,친환경현미밥 <br/>몽글달걀탕 (1.13)<br/>야채비빔만두 (5.6)<br/>치즈불닭 (2.5.6.13.15)<br/>배추김치 (9)<br/>조각배 ,닭고기 : 국내산<br/>쌀 : 국내산<br/>배추 : 국내산<br/>고춧가루 : 국내산,825.1 Kcal,탄수화물(g) : 99.9<br/>단백질(g) : 48.2<br/>지방(g) : 24.5<br/>비타민A(R.E) : 282.0<br/>티아민(mg) : 0.4<br/>리보플라빈(mg) : 0.7<br/>비타민C(mg) : 14.6<br/>칼슘(mg) : 273.7<br/>철분(mg) : 3.8,20241227
B10,서울특별시교육청,7010073,당곡고등학교,2,중식,20241223,583.00,추가밥 <br/>영양닭죽 (15)<br/>돈육메추리알조림 (1.5.6.10.13)<br/>오이도라지초무침 (5.6.13)<br/>백김치 (9)<br/>고르곤졸라피자 (2.5.6.16),돼지고기 : 국내산<br/>닭고기 : 국내산<br/>쌀 : 국내산<br/>배추 : 국내산<br/>고춧가루 : 국내산<br/>비고 : 메추리알(무항생제):국산,847.9 Kcal,탄수화물(g) : 118.4<br/>단백질(g) : 42.6<br/>지방(g) : 52.0<br/>비타민A(R.E) : 132.1<br/>티아민(mg) : 0.7<br/>리보플라빈(mg) : 0.9<br/>비타민C(mg) : 11.5<br/>칼슘(mg) : 270.9<br/>철분(mg) : 3.0,20241230
B10,서울특별시교육청,7010073,당곡고등학교,2,중식,20241224,583.00,친환경현미밥 <br/>초코케이크 (1.2.5.6)<br/>얼큰어묵국 (1.5.6.7.13.18)<br/>진미채고추장볶음 (5.6.13.17)<br/>고구마치즈돈까스&소스 (1.2.5.6.10.12.13.16)<br/>배추김치 (9)<br/>블루베리샐러드(요거D) (1.2.5.6.12),돼지고기 식육가공품 : 국내산<br/>쌀 : 국내산<br/>배추 : 국내산<br/>고춧가루 : 국내산<br/>오징어 수산가공품 : 진미채:페루산<br/>비고 : 어묵(연육):외국산,855.2 Kcal,탄수화물(g) : 90.2<br/>단백질(g) : 31.3<br/>지방(g) : 41.4<br/>비타민A(R.E) : 110.5<br/>티아민(mg) : 0.9<br/>리보플라빈(mg) : 0.3<br/>비타민C(mg) : 11.1<br/>칼슘(mg) : 272.9<br/>철분(mg) : 3.4,20241231
B10,서울특별시교육청,7010073,당곡고등학교,2,중식,20241226,583.00,김치국 (9)<br/>곤드레나물밥&양념장 (5.6.13)<br/>고기지짐 (1.2.5.6.10.15.16)<br/>깍두기 (9)<br/>미니붕어빵 (1.2.5.6)<br/>콘치즈버터구이 (1.2.5.13)<br/>수제양파고추장아찌 (6.12.13.18),돼지고기 식육가공품 : 국내산<br/>쌀 : 국내산<br/>배추 : 국내산<br/>고춧가루 : 국내산<br/>비고 : 옥수수통조림:태국산,795.5 Kcal,탄수화물(g) : 105.6<br/>단백질(g) : 23.3<br/>지방(g) : 30.2<br/>비타민A(R.E) : 144.5<br/>티아민(mg) : 0.5<br/>리보플라빈(mg) : 0.3<br/>비타민C(mg) : 11.1<br/>칼슘(mg) : 296.7<br/>철분(mg) : 3.7,20250102
B10,서울특별시교육청,7010073,당곡고등학교,2,중식,20241227,583.00,칼슘강화밥 <br/>돈육감자탕 (5.6.10.13.16)<br/>소시지야채볶음 (2.5.6.10.12.13.15.16.18)<br/>애호박새우젓볶음 (9)<br/>고등어양념구이 (5.6.7.13)<br/>배추김치 (9)<br/>바나나우유 (1.2),돼지고기 : 국내산<br/>돼지고기 식육가공품 : <br/>쌀 : 국내산<br/>배추 : 국내산<br/>고춧가루 : 국내산<br/>고등어 : 국내산<br/>비고 : 바나나우유(원유):국산,843.1 Kcal,탄수화물(g) : 85.9<br/>단백질(g) : 45.7<br/>지방(g) : 34.1<br/>비타민A(R.E) : 203.9<br/>티아민(mg) : 0.8<br/>리보플라빈(mg) : 1.0<br/>비타민C(mg) : 41.2<br/>칼슘(mg) : 346.1<br/>철분(mg) : 3.7,20250103
B10,서울특별시교육청,7010073,당곡고등학교,2,중식,20241230,583.00,칼슘강화기장밥 <br/>조개살된장국 (5.6.18)<br/>두부쑥갓나물 (5)<br/>돈육김치볶음 (5.6.9.10.13)<br/>야채달걀말이 (1)<br/>총각김치 (9)<br/>대파크림치즈베이글 (2.5.6),돼지고기 : 국내산<br/>쌀 : 국내산<br/>배추 : 국내산<br/>고춧가루 : 국내산<br/>콩 가공품 : 두부(콩):외국산<br/>비고 : 바지락살:국산,782.1 Kcal,탄수화물(g) : 70.9<br/>단백질(g) : 50.5<br/>지방(g) : 31.8<br/>비타민A(R.E) : 255.3<br/>티아민(mg) : 1.1<br/>리보플라빈(mg) : 0.7<br/>비타민C(mg) : 9.2<br/>칼슘(mg) : 312.1<br/>철분(mg) : 6.2,20250106
B10,서울특별시교육청,7010073,당곡고등학교,2,중식,20250203,606.00,나물비빔밥*약고추장 (13.16.5.6)<br/>시금치된장국 (5.6.9)<br/>코울슬로s (1.2.5.6.13)<br/>고구마떡갈비&소스 (1.2.5.6.10.12.13.15.16)<br/>배추김치 (9)<br/>딸기생크림핫케이크 (1.2.5.6),쇠고기(종류) : 국내산(한우)<br/>돼지고기 : <br/>돼지고기 식육가공품 : 국내산<br/>쌀 : 국내산<br/>배추 : 국내산<br/>고춧가루 : 국내산<br/>비고 : 옥수수통조림:태국산,1892.8 Kcal,탄수화물(g) : 362.2<br/>단백질(g) : 47.9<br/>지방(g) : 24.3<br/>비타민A(R.E) : 303.7<br/>티아민(mg) : 0.8<br/>리보플라빈(mg) : 0.7<br/>비타민C(mg) : 42.4<br/>칼슘(mg) : 315.1<br/>철분(mg) : 6.9,20250210
B10,서울특별시교육청,7010073,당곡고등학교,2,중식,20250204,583.00,친환경현미밥 <br/>햄찌개 (1.2.5.6.9.10.15.16)<br/>야채달걀찜 (1.9)<br/>궁채나물들깨볶음 <br/>유린가자미 (3.5.6.13)<br/>총각김치 (9)<br/>망고주스 ,돼지고기 : 국내산<br/>돼지고기 식육가공품 : 국내산<br/>쌀 : 국내산<br/>배추 : 국내산<br/>고춧가루 : 국내산<br/>콩 가공품 : 두부(콩):외국산<br/>비고 : 가자미:미국산,871.6 Kcal,탄수화물(g) : 96.8<br/>단백질(g) : 43.9<br/>지방(g) : 30.9<br/>비타민A(R.E) : 177.5<br/>티아민(mg) : 0.6<br/>리보플라빈(mg) : 0.7<br/>비타민C(mg) : 40.2<br/>칼슘(mg) : 240.5<br/>철분(mg) : 4.2,20250211
B10,서울특별시교육청,7010073,당곡고등학교,2,중식,20250205,583.00,칼슘강화기장밥 <br/>얼큰동태탕 (5.6)<br/>연두부&양념장 (5.6.13)<br/>배추겉절이 (13)<br/>버섯소불고기(중) (5.6.13.16)<br/>라이스베이스드(쌀+현미유) <br/>상추&쌈장 (5.6),"쇠고기(종류) : 국내산(육우)<br/>쌀 : 국내산<br/>배추 : 국내산<br/>고춧가루 : 국내산<br/>콩 가공품 : 연두부(콩):국산, 두부(콩):외국산<br/>비고 : 동태:러시아산",876.4 Kcal,탄수화물(g) : 113.5<br/>단백질(g) : 57.0<br/>지방(g) : 19.7<br/>비타민A(R.E) : 159.3<br/>티아민(mg) : 0.8<br/>리보플라빈(mg) : 1.2<br/>비타민C(mg) : 15.7<br/>칼슘(mg) : 543.2<br/>철분(mg) : 7.3,20250212
B10,서울특별시교육청,7010073,당곡고등학교,2,중식,20250206,583.00,친환경잡곡밥 (5)<br/>돈육고추장찌개 (5.6.10.13)<br/>찜닭(납작당면)_정육 (5.6.13.15)<br/>미역줄기볶음 <br/>사과 <br/>매운어묵볶음 (1.5.6.13)<br/>갓김치 (9),돼지고기 : 국내산<br/>닭고기 : 국내산<br/>쌀 : 국내산<br/>배추 : 국내산<br/>고춧가루 : 국내산<br/>콩 가공품 : <br/>비고 : 어묵(연육):국산,1574.2 Kcal,탄수화물(g) : 190.0<br/>단백질(g) : 63.7<br/>지방(g) : 61.5<br/>비타민A(R.E) : 650.7<br/>티아민(mg) : 1.2<br/>리보플라빈(mg) : 2.5<br/>비타민C(mg) : 16.7<br/>칼슘(mg) : 278.5<br/>철분(mg) : 8.2,20250213
B10,서울특별시교육청,7010073,당곡고등학교,2,중식,20250305,790.00,친환경흑미밥 <br/>쇠고기무국 (16)<br/>달걀찜 (1.13)<br/>진미채고추장볶음 (5.6.13.17)<br/>돈육김치볶음 (5.6.9.10.13)<br/>총각김치 (9)<br/>마카롱 (1.2.5.6.13),쇠고기(종류) : 국내산(한우)<br/>돼지고기 : 국내산<br/>쌀 : 국내산<br/>배추 : 국내산<br/>고춧가루 : 국내산<br/>오징어 수산가공품 : 페루산<br/>비고 : 달걀:국내산,761.1 Kcal,탄수화물(g) : 87.8<br/>단백질(g) : 50.3<br/>지방(g) : 21.0<br/>비타민A(R.E) : 114.0<br/>티아민(mg) : 1.0<br/>리보플라빈(mg) : 0.5<br/>비타민C(mg) : 9.6<br/>칼슘(mg) : 162.5<br/>철분(mg) : 3.9,20250312
B10,서울특별시교육청,7010073,당곡고등학교,2,중식,20250306,790.00,친환경현미밥 <br/>돈육감자탕 (5.6.10.13.16)<br/>미나리초무침 (5.6)<br/>오징어김치전 (1.5.6)<br/>가자미순살튀김 (6)<br/>석박지 (9)<br/>미니핫도그&케찹 (1.2.5.6.10.12.15.16),돼지고기 : 국내산<br/>돼지고기 식육가공품 : 국내산<br/>쌀 : 국내산<br/>배추 : 국내산<br/>고춧가루 : 국내산<br/>오징어 수산가공품 : 국내산<br/>비고 : 가자미살:외국산,786.7 Kcal,탄수화물(g) : 115.5<br/>단백질(g) : 38.1<br/>지방(g) : 16.6<br/>비타민A(R.E) : 127.2<br/>티아민(mg) : 0.5<br/>리보플라빈(mg) : 0.7<br/>비타민C(mg) : 18.4<br/>칼슘(mg) : 273.5<br/>철분(mg) : 2.5,20250313
B10,서울특별시교육청,7010073,당곡고등학교,2,중식,20250307,790.00,추가밥 <br/>마라탕 (2.5.6.12.13.16.18)<br/>스프링롤&칠리s (1.5.6.10.12.13)<br/>깍두기 (9)<br/>연유꽃빵 (2.5.6.13)<br/>블루베리샐러드(요거D) (1.2.5.6.12),쇠고기(종류) : 국내산(한우)<br/>돼지고기 식육가공품 : 국내산<br/>쌀 : 국내산<br/>배추 : 국내산<br/>고춧가루 : 국내산<br/>콩 가공품 : 포두부:외국산,811.4 Kcal,탄수화물(g) : 127.9<br/>단백질(g) : 20.2<br/>지방(g) : 24.8<br/>비타민A(R.E) : 436.9<br/>티아민(mg) : 0.4<br/>리보플라빈(mg) : 0.5<br/>비타민C(mg) : 32.2<br/>칼슘(mg) : 235.5<br/>철분(mg) : 4.4,20250314
B10,서울특별시교육청,7010073,당곡고등학교,2,중식,20250310,805.00,친환경칼슘기장밥 <br/>쇠고기미역국 (5.6.16)<br/>돼지갈비찜 (5.6.10.13)<br/>돌나물초회 (5.6)<br/>비빔당면 (1.5.6.13)<br/>배추김치 (9)<br/>3월생일케이크 (1.2.5.6.10.16),쇠고기(종류) : 국내산(한우)<br/>돼지고기 : 국내산<br/>쌀 : 국내산<br/>배추 : 국내산<br/>고춧가루 : 국내산<br/>비고 : 채어묵:연육수입,810.1 Kcal,탄수화물(g) : 113.3<br/>단백질(g) : 40.5<br/>지방(g) : 20.5<br/>비타민A(R.E) : 192.1<br/>티아민(mg) : 1.0<br/>리보플라빈(mg) : 0.4<br/>비타민C(mg) : 30.3<br/>칼슘(mg) : 200.5<br/>철분(mg) : 4.1,20250317
B10,서울특별시교육청,7010073,당곡고등학교,2,중식,20250311,790.00,콩나물밥/양념장 (5.6.13)<br/>김치국 (9)<br/>두부조림 (5.6.13)<br/>시금치나물 <br/>생선까스&콘소스 (1.2.5.6.13)<br/>깍두기 (9)<br/>딸기 ,쌀 : 국내산<br/>배추 : 국내산<br/>고춧가루 : 국내산<br/>콩 가공품 : 국내산<br/>비고 : 생선가스:민대구:국산,812.2 Kcal,탄수화물(g) : 106.6<br/>단백질(g) : 37.1<br/>지방(g) : 25.4<br/>비타민A(R.E) : 214.6<br/>티아민(mg) : 0.3<br/>리보플라빈(mg) : 0.5<br/>비타민C(mg) : 67.2<br/>칼슘(mg) : 361.7<br/>철분(mg) : 5.2,20250318
B10,서울특별시교육청,7010073,당곡고등학교,2,중식,20250312,790.00,친환경현미밥 <br/>홍합탕 (5.18)<br/>연근조림 (5.6.13)<br/>매운닭볶음(정육) (5.6.13.15)<br/>김치메밀전병 (2.3.5.6.16.18)<br/>총각김치 (9)<br/>청포도 ,돼지고기 식육가공품 : 국내산<br/>닭고기 : 국내산<br/>쌀 : 국내산<br/>배추 : 국내산<br/>고춧가루 : 국내산<br/>비고 : 홍합:국산,788.5 Kcal,탄수화물(g) : 129.4<br/>단백질(g) : 44.5<br/>지방(g) : 9.7<br/>비타민A(R.E) : 143.4<br/>티아민(mg) : 0.5<br/>리보플라빈(mg) : 0.6<br/>비타민C(mg) : 23.0<br/>칼슘(mg) : 174.8<br/>철분(mg) : 3.6,20250319
B10,서울특별시교육청,7010073,당곡고등학교,2,중식,20250313,790.00,친환경칼슘기장밥 <br/>얼갈이된장국 (5.6)<br/>수육 (5.6.10)<br/>골뱅이소면무침 (5.6.13.17)<br/>보쌈김치 (9)<br/>요구르트 (2)<br/>상추&쌈장 (5.6),"돼지고기 : 국내산<br/>쌀 : 국내산<br/>배추 : 국내산<br/>고춧가루 : 국내산<br/>오징어 수산가공품 : 진미채:페루산<br/>비고 : 골뱅이:외국:영국,아일랜드,노르웨이등",800.6 Kcal,탄수화물(g) : 101.8<br/>단백질(g) : 54.0<br/>지방(g) : 17.6<br/>비타민A(R.E) : 154.3<br/>티아민(mg) : 1.2<br/>리보플라빈(mg) : 0.5<br/>비타민C(mg) : 15.7<br/>칼슘(mg) : 272.9<br/>철분(mg) : 3.7,20250320
B10,서울특별시교육청,7010073,당곡고등학교,2,중식,20250314,790.00,카레라이스 (2.5.6.10.12.13.16.18)<br/>고명장국 (1.2.5.6.9.13)<br/>뱅글뱅글소세지 (1.2.5.6.10.15.16.18)<br/>배추김치 (9)<br/>꽃맛살샐러드 (1.2.5.6.8.12)<br/>초콜릿 (2.5.6),"돼지고기 : 국내산<br/>돼지고기 식육가공품 : 국내산<br/>쌀 : 국내산<br/>배추 : 국내산<br/>고춧가루 : 국내산<br/>콩 가공품 : 유부(대두): 외국산<br/>비고 : 꽃맛살:연육(외국산:미국,인도,베트남등)",872.5 Kcal,탄수화물(g) : 99.1<br/>단백질(g) : 27.2<br/>지방(g) : 40.8<br/>비타민A(R.E) : 131.8<br/>티아민(mg) : 0.6<br/>리보플라빈(mg) : 0.5<br/>비타민C(mg) : 27.1<br/>칼슘(mg) : 427.3<br/>철분(mg) : 3.9,20250321
B10,서울특별시교육청,7010073,당곡고등학교,2,중식,20250317,805.00,친환경칼슘기장밥 <br/>얼큰한우시래기국 (5.6.13.16)<br/>미트볼데리야끼볶음 (1.2.5.6.10.13.15.16)<br/>고등어양념구이 (5.6.7.13)<br/>깍두기 (9)<br/>대파크림치즈베이글 (2.5.6)<br/>브로콜리&쌈다시마&초장 (5.6),쇠고기(종류) : 국내산(한우)<br/>돼지고기 식육가공품 : 국내산<br/>쌀 : 국내산<br/>배추 : 국내산<br/>고춧가루 : 국내산<br/>고등어 : 국내산<br/>비고 : 쌈다시마:국산,848.6 Kcal,탄수화물(g) : 87.1<br/>단백질(g) : 38.2<br/>지방(g) : 38.3<br/>비타민A(R.E) : 152.4<br/>티아민(mg) : 0.5<br/>리보플라빈(mg) : 0.7<br/>비타민C(mg) : 16.6<br/>칼슘(mg) : 245.1<br/>철분(mg) : 4.8,20250324
B10,서울특별시교육청,7010073,당곡고등학교,2,중식,20250318,790.00,친환경현미밥 <br/>오징어무국 (17)<br/>건새우마늘쫑볶음 (5.6.9.13)<br/>제육볶음 (5.6.10.13)<br/>메추리알카레조림 (1.2.5.6.12.13.16.18)<br/>배추김치 (9)<br/>흰우유 (2),"돼지고기 : 국내산<br/>쌀 : 국내산<br/>배추 : 국내산<br/>고춧가루 : 국내산<br/>오징어 : 미국산<br/>비고 : 건새우:외국산, 메추리알:국산",803.3 Kcal,탄수화물(g) : 91.7<br/>단백질(g) : 57.8<br/>지방(g) : 20.5<br/>비타민A(R.E) : 335.2<br/>티아민(mg) : 1.5<br/>리보플라빈(mg) : 0.7<br/>비타민C(mg) : 20.7<br/>칼슘(mg) : 551.8<br/>철분(mg) : 5.2,20250325
B10,서울특별시교육청,7010073,당곡고등학교,2,중식,20250319,790.00,친환경잡곡밥 (5)<br/>햄찌개 (1.2.5.6.9.10.15.16)<br/>매콤찜닭 (5.6.13.15)<br/>크랜베리멸치볶음 (13)<br/>두부구이&양념장 (5.6.13)<br/>동치미 (9)<br/>딸기 ,돼지고기 : 국내산<br/>돼지고기 식육가공품 : 국내산<br/>닭고기 : 국내산<br/>쌀 : 국내산<br/>배추 : 국내산<br/>고춧가루 : 국내산<br/>콩 가공품 : 국내산<br/>비고 : 지리멸치:국내산,771.5 Kcal,탄수화물(g) : 95.9<br/>단백질(g) : 55.0<br/>지방(g) : 17.9<br/>비타민A(R.E) : 116.3<br/>티아민(mg) : 0.6<br/>리보플라빈(mg) : 0.6<br/>비타민C(mg) : 64.5<br/>칼슘(mg) : 253.4<br/>철분(mg) : 4.6,20250326
B10,서울특별시교육청,7010073,당곡고등학교,2,중식,20250320,790.00,친환경보리밥 <br/>닭곰탕 (13.15)<br/>순살해물아귀찜 (5.6.9.13.17.18)<br/>교자만두 (1.5.6.10.16.18)<br/>총각김치 (9)<br/>에그타르트 (1.2.5.6.16)<br/>수제양파고추장아찌 (6.12.13.18),"돼지고기 식육가공품 : 국내산<br/>닭고기 : 국내산<br/>쌀 : 국내산<br/>배추 : 국내산<br/>고춧가루 : 국내산<br/>오징어 : 국내산<br/>비고 : 아귀살, 새우살:외국산, 홍합:국내산",785.7 Kcal,탄수화물(g) : 121.4<br/>단백질(g) : 39.6<br/>지방(g) : 13.3<br/>비타민A(R.E) : 34.9<br/>티아민(mg) : 0.8<br/>리보플라빈(mg) : 0.7<br/>비타민C(mg) : 9.6<br/>칼슘(mg) : 232.3<br/>철분(mg) : 7.4,20250327
B10,서울특별시교육청,7010073,당곡고등학교,2,중식,20250321,790.00,순살양념치밥 (5.6.12.13.15)<br/>팽이버섯된장국 (5.6.13)<br/>사과 <br/>김자반 (5)<br/>오꼬노미야끼 (1.5.6.10.17)<br/>배추김치 (9)<br/>양상추샐러드(발사믹D) (1.2.5.6.12),닭고기 : 국내산<br/>쌀 : 국내산<br/>배추 : 국내산<br/>고춧가루 : 국내산<br/>콩 가공품 : 두부(대두):외국산<br/>오징어 : 국내산<br/>비고 : 가쓰오시부시:인도네시아산,819.7 Kcal,탄수화물(g) : 87.3<br/>단백질(g) : 62.2<br/>지방(g) : 23.9<br/>비타민A(R.E) : 146.5<br/>티아민(mg) : 0.5<br/>리보플라빈(mg) : 0.5<br/>비타민C(mg) : 13.1<br/>칼슘(mg) : 226.0<br/>철분(mg) : 5.1,20250328
B10,서울특별시교육청,7010073,당곡고등학교,2,중식,20250324,805.00,친환경칼슘기장밥 <br/>건새우아욱국 (5.6.9)<br/>무생채 (13)<br/>돈육불백 (5.6.10.12.13)<br/>파김치 (9)<br/>양배추쌈/저염쌈장 (5.6)<br/>리치맛음료 ,돼지고기 : 국내산<br/>쌀 : 국내산<br/>배추 : 국내산<br/>고춧가루 : 국내산<br/>비고 : 건새우:외국산,769.0 Kcal,탄수화물(g) : 105.9<br/>단백질(g) : 52.4<br/>지방(g) : 13.4<br/>비타민A(R.E) : 146.2<br/>티아민(mg) : 1.5<br/>리보플라빈(mg) : 1.1<br/>비타민C(mg) : 40.5<br/>칼슘(mg) : 401.8<br/>철분(mg) : 4.7,20250331
B10,서울특별시교육청,7010073,당곡고등학교,2,중식,20250325,790.00,참치김치찌개 (5.6.9.13)<br/>달걀장조림 (1.5.6.13)<br/>곤드레나물밥&양념장 (5.6.13)<br/>훈제연어&양파소스 (1.2.5)<br/>깍두기 (9)<br/>아이스망고 ,"쌀 : 국내산<br/>배추 : 국내산<br/>고춧가루 : 국내산<br/>고등어 수산가공품 : 두부(대두): 외국산<br/>비고 : 참치:원양산, 훈제연어:칠레산",886.7 Kcal,탄수화물(g) : 96.8<br/>단백질(g) : 40.3<br/>지방(g) : 35.2<br/>비타민A(R.E) : 197.8<br/>티아민(mg) : 0.5<br/>리보플라빈(mg) : 1.1<br/>비타민C(mg) : 13.2<br/>칼슘(mg) : 255.1<br/>철분(mg) : 4.5,20250401
B10,서울특별시교육청,7010073,당곡고등학교,2,중식,20250326,790.00,김가루밥 <br/>볼어묵국 (1.5.6.7.13.18)<br/>매콤콩나물무침 (5)<br/>떡볶이 (2.5.6.12.13.16.18)<br/>새우볼스틱 (5.6.9)<br/>배추김치 (9)<br/>오렌지 ,"쌀 : 국내산<br/>배추 : 국내산<br/>고춧가루 : 국내산<br/>비고 : 어묵(연육): 외국산, 새우볼(연육):베트남산",852.5 Kcal,탄수화물(g) : 166.4<br/>단백질(g) : 24.6<br/>지방(g) : 10.7<br/>비타민A(R.E) : 193.7<br/>티아민(mg) : 0.5<br/>리보플라빈(mg) : 0.4<br/>비타민C(mg) : 43.5<br/>칼슘(mg) : 246.2<br/>철분(mg) : 2.9,20250402
B10,서울특별시교육청,7010073,당곡고등학교,2,중식,20250327,790.00,친환경현미밥 <br/>북어국 (1)<br/>오이달래무침 (13)<br/>치즈불닭 (2.5.6.13.15)<br/>츄러스맛탕 (1.2.5.6.13)<br/>배추김치 (9)<br/>사과맛요거트음료 (2),닭고기 : 국내산<br/>쌀 : 국내산<br/>배추 : 국내산<br/>고춧가루 : 국내산<br/>명태 수산가공품 : 북어채:러시아,844.2 Kcal,탄수화물(g) : 110.1<br/>단백질(g) : 43.6<br/>지방(g) : 24.6<br/>비타민A(R.E) : 251.7<br/>티아민(mg) : 0.6<br/>리보플라빈(mg) : 0.7<br/>비타민C(mg) : 16.8<br/>칼슘(mg) : 341.9<br/>철분(mg) : 3.6,20250403
B10,서울특별시교육청,7010073,당곡고등학교,2,중식,20250328,790.00,소시지달걀볶음밥 (1.2.5.6.10.13.15.16.18)<br/>팽이장국 (5.6)<br/>실곤약야채무침(초) (5.6.13)<br/>등심돈가스&브라운 (1.2.5.6.10.12.16.18)<br/>배추김치 (9),돼지고기 식육가공품 : 국내산<br/>쌀 : 국내산<br/>배추 : 국내산<br/>고춧가루 : 국내산<br/>콩 가공품 : 두부(대두):외국산,793.4 Kcal,탄수화물(g) : 61.2<br/>단백질(g) : 30.6<br/>지방(g) : 47.5<br/>비타민A(R.E) : 121.0<br/>티아민(mg) : 0.4<br/>리보플라빈(mg) : 0.6<br/>비타민C(mg) : 23.4<br/>칼슘(mg) : 245.2<br/>철분(mg) : 4.5,20250404
B10,서울특별시교육청,7010073,당곡고등학교,2,중식,20250331,805.00,달걀간장밥 (1.5.6)<br/>돈육고추장찌개 (5.6.10.13)<br/>치킨샐러드&허니머스터드S (1.2.5.6.15.16)<br/>숙주나물무침 <br/>배추김치 (9)<br/>제주청귤주스 ,돼지고기 : 국내산<br/>닭고기 식육가공품 : 국내산<br/>쌀 : 국내산<br/>배추 : 국내산<br/>고춧가루 : 국내산<br/>콩 가공품 : 두부(대두):외국산,825.3 Kcal,탄수화물(g) : 96.1<br/>단백질(g) : 39.9<br/>지방(g) : 30.6<br/>비타민A(R.E) : 167.4<br/>티아민(mg) : 0.6<br/>리보플라빈(mg) : 1.0<br/>비타민C(mg) : 26.1<br/>칼슘(mg) : 254.2<br/>철분(mg) : 4.5,20250407
B10,서울특별시교육청,7010073,당곡고등학교,2,중식,20250401,820.00,친환경칼슘기장밥 <br/>쇠고기무국 (5.6.13.16)<br/>양배추쌈/쌈장 (5.6)<br/>사과 <br/>돈육고추장불고기 (5.6.10.13)<br/>새송이볶음 (5.6.13.18)<br/>총각김치 (9),쇠고기(종류) : 국내산(한우)<br/>돼지고기 : 국내산<br/>쌀 : 국내산<br/>배추 : 국내산<br/>고춧가루 : 국내산,836.2 Kcal,탄수화물(g) : 128.9<br/>단백질(g) : 46.8<br/>지방(g) : 14.6<br/>비타민A(R.E) : 111.1<br/>티아민(mg) : 1.2<br/>리보플라빈(mg) : 0.5<br/>비타민C(mg) : 22.8<br/>칼슘(mg) : 171.9<br/>철분(mg) : 3.4,20250408
B10,서울특별시교육청,7010073,당곡고등학교,2,중식,20250402,810.00,추가후리가케밥 (1.2.5.6.9.13.16.18)<br/>미니한우쌀국수 (2.5.6.13.16)<br/>새우튀김 (5.6.9.12.13.18)<br/>배추김치 (9)<br/>방울치즈토마토카프레제 (1.2.3.5.6.12)<br/>요거톡 (2.6),쇠고기(종류) : 국내산(한우)<br/>쌀 : 국내산<br/>배추 : 국내산<br/>고춧가루 : 국내산<br/>비고 : 새우튀김: 수입,941.0 Kcal,탄수화물(g) : 140.7<br/>단백질(g) : 31.7<br/>지방(g) : 27.8<br/>비타민A(R.E) : 151.8<br/>티아민(mg) : 1.6<br/>리보플라빈(mg) : 0.4<br/>비타민C(mg) : 11.6<br/>칼슘(mg) : 502.6<br/>철분(mg) : 3.2,20250409
B10,서울특별시교육청,7010073,당곡고등학교,2,중식,20250403,810.00,친환경현미밥 <br/>돈육감자탕 (5.6.10.13.16)<br/>연근조림 (5.6.13)<br/>주꾸미돈육볶 (5.6.10.13)<br/>김말이강정 (1.2.5.6.12.13.16.18)<br/>배추김치 (9)<br/>초코숲쿠키 (1.2.5.6.13),돼지고기 : 국내산<br/>쌀 : 국내산<br/>배추 : 국내산<br/>고춧가루 : 국내산<br/>주꾸미 : 수입<br/>비고 : ,972.1 Kcal,탄수화물(g) : 119.1<br/>단백질(g) : 42.9<br/>지방(g) : 35.7<br/>비타민A(R.E) : 208.4<br/>티아민(mg) : 1.2<br/>리보플라빈(mg) : 0.9<br/>비타민C(mg) : 31.6<br/>칼슘(mg) : 266.1<br/>철분(mg) : 9.4,20250410
B10,서울특별시교육청,7010073,당곡고등학교,2,중식,20250404,810.00,순살양념치밥 (5.6.12.13.15)<br/>고명유부국 (1.2.5.6.9.13)<br/>돈육두부조림 (5.6.10.13)<br/>시금치나물 <br/>배추김치 (9)<br/>포테이토치즈스틱 (1.2.5.6.12),돼지고기 : 국내산<br/>닭고기 : 국내산<br/>쌀 : 국내산<br/>배추 : 국내산<br/>고춧가루 : 국내산<br/>콩 가공품 : 유뷰:콩(수입),858.8 Kcal,탄수화물(g) : 101.8<br/>단백질(g) : 63.0<br/>지방(g) : 20.9<br/>비타민A(R.E) : 202.1<br/>티아민(mg) : 0.7<br/>리보플라빈(mg) : 0.9<br/>비타민C(mg) : 22.6<br/>칼슘(mg) : 241.3<br/>철분(mg) : 5.1,20250411
B10,서울특별시교육청,7010073,당곡고등학교,2,중식,20250407,820.00,친환경칼슘기장밥 <br/>쇠고기미역국 (5.6.16)<br/>도토리묵&양념장 (5.6.13)<br/>돈사태김치찜 (5.6.9.10.13)<br/>버섯잡채 (5.6.13)<br/>총각김치 (9)<br/>4월생일케이크 (1.2.5.6),쇠고기(종류) : 국내산(한우)<br/>돼지고기 : 국내산<br/>쌀 : 국내산<br/>배추 : 국내산<br/>고춧가루 : 국내산<br/>비고 : 밤케이크:밤(공주),843.9 Kcal,탄수화물(g) : 119.3<br/>단백질(g) : 37.9<br/>지방(g) : 23.1<br/>비타민A(R.E) : 148.9<br/>티아민(mg) : 0.8<br/>리보플라빈(mg) : 0.7<br/>비타민C(mg) : 8.4<br/>칼슘(mg) : 269.5<br/>철분(mg) : 4.7,20250414
B10,서울특별시교육청,7010073,당곡고등학교,2,중식,20250408,810.00,친환경잡곡밥 (5)<br/>해물순두부찌개 (1.5.6.13.17.18)<br/>매운어묵꼬치(소스) (1.5.6.13)<br/>배추나물 (5.6.13)<br/>가자미튀김&유린기소스 (5.6.13)<br/>배추김치 (9)<br/>바나나 ,"쌀 : 국내산<br/>배추 : 국내산<br/>고춧가루 : 국내산<br/>오징어 : 국내산<br/>주꾸미 : <br/>비고 : 가자미:미국, 어묵(연육):수입, 조개살:국산",863.0 Kcal,탄수화물(g) : 100.2<br/>단백질(g) : 40.2<br/>지방(g) : 31.3<br/>비타민A(R.E) : 121.3<br/>티아민(mg) : 0.7<br/>리보플라빈(mg) : 0.5<br/>비타민C(mg) : 14.1<br/>칼슘(mg) : 279.8<br/>철분(mg) : 4.3,20250415
B10,서울특별시교육청,7010073,당곡고등학교,2,중식,20250409,810.00,친환경차수수밥 <br/>맑은콩나물국 (5.6.13)<br/>스팸감자채볶음 (10)<br/>오리주물럭 (5.6.13)<br/>배추김치 (9)<br/>깻잎&쌈장 (5.6)<br/>귤주스 ,돼지고기 식육가공품 : 국내산<br/>오리고기 : 국내산<br/>쌀 : 국내산<br/>배추 : 국내산<br/>고춧가루 : 국내산,845.7 Kcal,탄수화물(g) : 94.3<br/>단백질(g) : 31.4<br/>지방(g) : 37.6<br/>비타민A(R.E) : 194.1<br/>티아민(mg) : 0.7<br/>리보플라빈(mg) : 0.7<br/>비타민C(mg) : 35.0<br/>칼슘(mg) : 262.5<br/>철분(mg) : 4.3,20250416
B10,서울특별시교육청,7010073,당곡고등학교,2,중식,20250410,810.00,새우야채볶음밥 (1.5.6.9.13.18)<br/>감자찌개 (5.6)<br/>청포묵김가루무침 (5)<br/>납작만두&야채무침 (5.6)<br/>배추김치 (9)<br/>키위 ,돼지고기 : 국내산<br/>돼지고기 식육가공품 : 국내산<br/>쌀 : 국내산<br/>배추 : 국내산<br/>고춧가루 : 국내산<br/>비고 : 새우:수입,856.4 Kcal,탄수화물(g) : 116.1<br/>단백질(g) : 26.8<br/>지방(g) : 30.5<br/>비타민A(R.E) : 221.5<br/>티아민(mg) : 0.4<br/>리보플라빈(mg) : 0.4<br/>비타민C(mg) : 58.1<br/>칼슘(mg) : 218.2<br/>철분(mg) : 3.3,20250417
B10,서울특별시교육청,7010073,당곡고등학교,2,중식,20250411,810.00,친환경현미밥 <br/>돈육김치찌개 (5.9.10)<br/>돈사태떡찜 (5.6.10.13)<br/>애호박볶음 <br/>오징어링&케찹 (5.6.12.16.17)<br/>깍두기 (9)<br/>딸기우유(200ml) (2),돼지고기 : 국내산<br/>닭고기 : 국내산<br/>쌀 : 국내산<br/>배추 : 국내산<br/>고춧가루 : 국내산<br/>콩 가공품 : 두부(콩):수입<br/>오징어 수산가공품 : 오징어링:수입,921.6 Kcal,탄수화물(g) : 121.9<br/>단백질(g) : 45.9<br/>지방(g) : 25.5<br/>비타민A(R.E) : 142.7<br/>티아민(mg) : 1.0<br/>리보플라빈(mg) : 1.3<br/>비타민C(mg) : 10.9<br/>칼슘(mg) : 354.1<br/>철분(mg) : 4.3,20250418
B10,서울특별시교육청,7010073,당곡고등학교,2,중식,20250414,820.00,자장면 (2.5.6.10.13.16)<br/>파송송달걀국 (1.5.6.13)<br/>흑임자탕수육&파인애플s (1.5.6.10.12.13)<br/>배추김치 (9)<br/>청포도 <br/>양배추샐러드&레몬유자D (1.2.5.13),돼지고기 : 국내산<br/>돼지고기 식육가공품 : 국내산<br/>쌀 : 국내산<br/>배추 : 국내산<br/>고춧가루 : 국내산,964.2 Kcal,탄수화물(g) : 133.2<br/>단백질(g) : 30.2<br/>지방(g) : 36.8<br/>비타민A(R.E) : 131.3<br/>티아민(mg) : 0.5<br/>리보플라빈(mg) : 0.7<br/>비타민C(mg) : 20.7<br/>칼슘(mg) : 178.7<br/>철분(mg) : 9.3,20250421
B10,서울특별시교육청,7010073,당곡고등학교,2,중식,20250415,810.00,칼슘강화기장밥 <br/>불마요들기름메밀국수 (3.5.6.13)<br/>우렁된장찌개 (5.6)<br/>수육 (5.6.10)<br/>무말랭이장아찌 <br/>보쌈김치 (9)<br/>액상요구르트 (2),돼지고기 : 국내산<br/>쌀 : 국내산<br/>배추 : 국내산<br/>고춧가루 : 국내산<br/>콩 가공품 : 두부(콩):수입<br/>비고 : 우렁살:국산,845.2 Kcal,탄수화물(g) : 84.8<br/>단백질(g) : 57.8<br/>지방(g) : 28.6<br/>비타민A(R.E) : 89.3<br/>티아민(mg) : 1.2<br/>리보플라빈(mg) : 0.8<br/>비타민C(mg) : 8.9<br/>칼슘(mg) : 439.4<br/>철분(mg) : 5.8,20250422
B10,서울특별시교육청,7010073,당곡고등학교,2,중식,20250416,810.00,친환경현미밥 <br/>김치만두국 (1.5.6.10.13.18)<br/>고등어감자조림 (5.6.7.13)<br/>청경채겉절이 (13)<br/>마늘햄구이 (1.2.5.10.16)<br/>깍두기 (9)<br/>사과주스 ,돼지고기 식육가공품 : 국내산<br/>쌀 : 국내산<br/>배추 : 국내산<br/>고춧가루 : 국내산<br/>고등어 : 국내산,887.6 Kcal,탄수화물(g) : 123.2<br/>단백질(g) : 34.5<br/>지방(g) : 25.8<br/>비타민A(R.E) : 80.5<br/>티아민(mg) : 0.6<br/>리보플라빈(mg) : 0.4<br/>비타민C(mg) : 65.1<br/>칼슘(mg) : 185.4<br/>철분(mg) : 2.7,20250423
B10,서울특별시교육청,7010073,당곡고등학교,2,중식,20250417,810.00,친환경잡곡밥 (5)<br/>오징어무국 (5.6.13.17)<br/>연두부&양념장 (5.6.13)<br/>얼갈이된장무침 (5.6.13)<br/>매운치즈갈비찜 (2.5.6.10.13)<br/>배추김치 (9)<br/>아이스망고 ,닭고기 : 국내산<br/>쌀 : 국내산<br/>배추 : 국내산<br/>고춧가루 : 국내산<br/>콩 가공품 : 연두부(콩):국산<br/>오징어 : 국내산,875.1 Kcal,탄수화물(g) : 115.0<br/>단백질(g) : 50.3<br/>지방(g) : 20.8<br/>비타민A(R.E) : 205.2<br/>티아민(mg) : 1.4<br/>리보플라빈(mg) : 0.9<br/>비타민C(mg) : 21.5<br/>칼슘(mg) : 290.7<br/>철분(mg) : 3.2,20250424
B10,서울특별시교육청,7010073,당곡고등학교,2,중식,20250418,810.00,소고기우엉볶음밥 (5.6.13.16)<br/>고명유부국 (1.2.5.6.9.13)<br/>올방개묵김치무침 (9)<br/>구운야채 <br/>콘치즈모닝빵 (1.2.5.6.13)<br/>떡갈비 (1.2.5.6.10.12.15.16)<br/>배식용김 <br/>깍두기 (9),쇠고기(종류) : 국내산(한우)<br/>돼지고기 식육가공품 : 국내산<br/>쌀 : 국내산<br/>배추 : 국내산<br/>고춧가루 : 국내산<br/>콩 가공품 : 유부(콩):수입,853.8 Kcal,탄수화물(g) : 126.0<br/>단백질(g) : 27.5<br/>지방(g) : 26.1<br/>비타민A(R.E) : 120.2<br/>티아민(mg) : 0.3<br/>리보플라빈(mg) : 0.4<br/>비타민C(mg) : 24.4<br/>칼슘(mg) : 301.4<br/>철분(mg) : 3.6,20250425
B10,서울특별시교육청,7010073,당곡고등학교,2,중식,20250421,810.00,추가밥 <br/>로제스파게티 (1.2.5.6.10.12.13.16)<br/>더블치즈스테이크&소스 (2.5.6.10.12.13.15.16.18)<br/>마늘빵 (1.2.5.6)<br/>골드키위주스 <br/>오이피클 <br/>양상추샐러드(발사믹D) (1.2.5.6.12),돼지고기 : 국내산<br/>돼지고기 식육가공품 : 국내산<br/>쌀 : 국내산<br/>배추 : 국내산<br/>고춧가루 : 국내산,927.6 Kcal,탄수화물(g) : 139.3<br/>단백질(g) : 29.9<br/>지방(g) : 27.9<br/>비타민A(R.E) : 185.3<br/>티아민(mg) : 0.6<br/>리보플라빈(mg) : 0.5<br/>비타민C(mg) : 12.4<br/>칼슘(mg) : 182.7<br/>철분(mg) : 4.1,20250428
B10,서울특별시교육청,7010073,당곡고등학교,2,중식,20250422,810.00,낙지덮밥 (5.6.13)<br/>두부새우젓국 (5.6.9.13)<br/>달걀찜 (1.13)<br/>콩나물무침 (5)<br/>회오리감자 <br/>배추김치 (9)<br/>오렌지 ,쌀 : 국내산<br/>배추 : 국내산<br/>고춧가루 : 국내산<br/>콩 가공품 : 두부(콩):수입<br/>낙지 : 수입<br/>비고 : 전란:국산,806.7 Kcal,탄수화물(g) : 123.0<br/>단백질(g) : 47.0<br/>지방(g) : 11.0<br/>비타민A(R.E) : 146.2<br/>티아민(mg) : 0.5<br/>리보플라빈(mg) : 0.5<br/>비타민C(mg) : 46.4<br/>칼슘(mg) : 259.2<br/>철분(mg) : 5.5,20250429
B10,서울특별시교육청,7010073,당곡고등학교,2,중식,20250423,810.00,카레라이스 (2.5.6.10.12.13.16.18)<br/>미소국 (5.6)<br/>바베큐폭립 (5.6.10.12.13)<br/>청경채&두반장소스 (5.6.12.13.18)<br/>배추김치 (9)<br/>조각파인애플 ,돼지고기 : 국내산<br/>쌀 : 국내산<br/>배추 : 국내산<br/>고춧가루 : 국내산<br/>콩 가공품 : 두부(콩):수입,826.2 Kcal,탄수화물(g) : 127.1<br/>단백질(g) : 34.6<br/>지방(g) : 18.6<br/>비타민A(R.E) : 156.4<br/>티아민(mg) : 0.8<br/>리보플라빈(mg) : 0.4<br/>비타민C(mg) : 47.4<br/>칼슘(mg) : 378.4<br/>철분(mg) : 4.0,20250430
B10,서울특별시교육청,7010073,당곡고등학교,2,중식,20250502,810.00,추가밥 <br/>크림스프 (2.5.6.13.16)<br/>실곤약야채무침(초) (5.6.13)<br/>왕등심돈가스&브라운 (1.2.5.6.10.12.13.16)<br/>깍두기 (9)<br/>초코아이스크림 (2)<br/>양배추샐러드&사우전D (1.2.5.6),돼지고기 식육가공품 : 국내산<br/>쌀 : 국내산<br/>배추 : 국내산<br/>고춧가루 : 국내산<br/>비고 : 실곤약:중국산,977.7 Kcal,탄수화물(g) : 74.2<br/>단백질(g) : 18.0<br/>지방(g) : 67.0<br/>비타민A(R.E) : 61.6<br/>티아민(mg) : 0.3<br/>리보플라빈(mg) : 0.5<br/>비타민C(mg) : 9.6<br/>칼슘(mg) : 162.6<br/>철분(mg) : 2.7,20250509
B10,서울특별시교육청,7010073,당곡고등학교,2,중식,20250507,810.00,칼슘강화기장밥 <br/>순대국 (2.5.6.10.13.16)<br/>취나물무침 (13)<br/>사각피자 (1.2.5.6.10.12.13.15.16)<br/>고등어양념구이 (5.6.7.13)<br/>배추김치 (9),돼지고기 : 국내산<br/>돼지고기 식육가공품 : 국내산<br/>닭고기 식육가공품 : 국내산<br/>쌀 : 국내산<br/>배추 : 국내산<br/>고춧가루 : 국내산<br/>고등어 : 국내산,816.9 Kcal,탄수화물(g) : 105.7<br/>단백질(g) : 42.8<br/>지방(g) : 24.2<br/>비타민A(R.E) : 134.0<br/>티아민(mg) : 0.8<br/>리보플라빈(mg) : 1.1<br/>비타민C(mg) : 7.4<br/>칼슘(mg) : 399.0<br/>철분(mg) : 6.0,20250514
B10,서울특별시교육청,7010073,당곡고등학교,2,중식,20250508,810.00,칼슘강화밥 <br/>얼큰한우시래기국 (5.6.13.16)<br/>매콤어두부전 (2.5.6.12.13)<br/>오이도라지초무침 (6.13)<br/>돈육간장불고기 (5.6.10.13)<br/>배추김치 (9)<br/>자몽맛주스 ,쇠고기(종류) : 국내산(한우)<br/>돼지고기 : 국내산<br/>쌀 : 국내산<br/>배추 : 국내산<br/>고춧가루 : 국내산<br/>비고 : 매콤어두부전(연육):외국산,878.9 Kcal,탄수화물(g) : 135.3<br/>단백질(g) : 45.2<br/>지방(g) : 15.9<br/>비타민A(R.E) : 103.9<br/>티아민(mg) : 1.0<br/>리보플라빈(mg) : 0.7<br/>비타민C(mg) : 57.5<br/>칼슘(mg) : 207.0<br/>철분(mg) : 3.7,20250515
B10,서울특별시교육청,7010073,당곡고등학교,2,중식,20250509,810.00,추가후리가케밥 (1.2.5.6.9.13.16.18)<br/>김치어묵우동(대) (5.6.9.13)<br/>피카츄까스&양념치킨소스 (1.2.5.6.10.12.13.15.16)<br/>깍두기 (9)<br/>블루베리샐러드(요거D) (1.2.5.6.12)<br/>흑당버블라떼 (2),닭고기 식육가공품 : 국내산<br/>쌀 : 국내산<br/>배추 : 국내산<br/>고춧가루 : 국내산<br/>비고 : 우유(원유):국산,918.1 Kcal,탄수화물(g) : 138.5<br/>단백질(g) : 31.0<br/>지방(g) : 25.8<br/>비타민A(R.E) : 123.5<br/>티아민(mg) : 0.6<br/>리보플라빈(mg) : 0.6<br/>비타민C(mg) : 10.3<br/>칼슘(mg) : 381.6<br/>철분(mg) : 2.8,20250516
B10,서울특별시교육청,7010073,당곡고등학교,2,중식,20250512,822.00,칼슘강화기장밥 <br/>쇠고기미역국 (5.6.16)<br/>시금치나물 <br/>햄감자볶음 (1.2.5.10.16)<br/>돈육김치볶음 (6.9.10.13)<br/>깍두기 (9)<br/>생일초콜릿 (2.5),쇠고기(종류) : 국내산(한우)<br/>돼지고기 : 국내산<br/>돼지고기 식육가공품 : 국내산<br/>쌀 : 국내산<br/>배추 : 국내산<br/>고춧가루 : 국내산,825.6 Kcal,탄수화물(g) : 121.0<br/>단백질(g) : 40.1<br/>지방(g) : 18.7<br/>비타민A(R.E) : 215.0<br/>티아민(mg) : 1.0<br/>리보플라빈(mg) : 0.5<br/>비타민C(mg) : 20.3<br/>칼슘(mg) : 256.9<br/>철분(mg) : 3.9,20250519
B10,서울특별시교육청,7010073,당곡고등학교,2,중식,20250513,810.00,콩나물밥/양념장 (5.6.13)<br/>유부된장국 (5.6)<br/>떡강정 (5.6.12.13)<br/>삼치데리야끼 (5.6.13)<br/>배추김치 (9)<br/>귤맛아이스크림 (2.12),쌀 : 국내산<br/>쌀 가공품 : 떡(멥쌀):국산<br/>배추 : 국내산<br/>고춧가루 : 국내산<br/>콩 가공품 : 유부(대두):외국산<br/>비고 : 삼치:국산,882.5 Kcal,탄수화물(g) : 130.8<br/>단백질(g) : 30.7<br/>지방(g) : 25.4<br/>비타민A(R.E) : 182.0<br/>티아민(mg) : 0.3<br/>리보플라빈(mg) : 0.7<br/>비타민C(mg) : 4.9<br/>칼슘(mg) : 293.0<br/>철분(mg) : 2.3,20250520
B10,서울특별시교육청,7010073,당곡고등학교,2,중식,20250514,810.00,친환경잡곡밥 (5)<br/>차돌박이된장찌개 (5.6.16)<br/>오리훈제&머스터드 (1.2.5.6)<br/>부추무침 (13)<br/>오징어숙회&초장 (6.17)<br/>배추김치 (9)<br/>마카롱 (1.2.6),쇠고기(종류) : 국내산(한우)<br/>오리고기 : 국내산<br/>쌀 : 국내산<br/>배추 : 국내산<br/>고춧가루 : 국내산<br/>콩 가공품 : 두부(대두):외국산<br/>오징어 : 국내산,940.0 Kcal,탄수화물(g) : 61.1<br/>단백질(g) : 44.8<br/>지방(g) : 56.6<br/>비타민A(R.E) : 82.6<br/>티아민(mg) : 0.6<br/>리보플라빈(mg) : 0.7<br/>비타민C(mg) : 29.5<br/>칼슘(mg) : 204.5<br/>철분(mg) : 3.2,20250521
B10,서울특별시교육청,7010073,당곡고등학교,2,중식,20250516,810.00,친환경현미밥 <br/>북어국 (1.5.6.13)<br/>달걀찜 (1.13)<br/>브로콜리무침 <br/>닭볶음탕 (5.6.13.15)<br/>배추김치 (9)<br/>조각파인애플 ,닭고기 : 국내산<br/>쌀 : 국내산<br/>배추 : 국내산<br/>고춧가루 : 국내산<br/>비고 : 북어채:외국산,854.4 Kcal,탄수화물(g) : 127.5<br/>단백질(g) : 55.4<br/>지방(g) : 11.4<br/>비타민A(R.E) : 261.8<br/>티아민(mg) : 0.7<br/>리보플라빈(mg) : 0.8<br/>비타민C(mg) : 34.7<br/>칼슘(mg) : 170.7<br/>철분(mg) : 4.4,20250523
B10,서울특별시교육청,7010073,당곡고등학교,2,중식,20250519,822.00,햄김치볶음밥 (1.2.5.6.9.10.15.16)<br/>고명장국 (1.2.5.6.9.13)<br/>바베큐폭찹 (5.6.10.12.13)<br/>진미채고추장볶음 (6.13.17)<br/>깍두기 (9)<br/>달콤한토마토 (12.13),돼지고기 : 국내산<br/>돼지고기 식육가공품 : 국내산<br/>쌀 : 국내산<br/>배추 : 국내산<br/>고춧가루 : 국내산<br/>오징어 수산가공품 : 진미채:페루산,935.1 Kcal,탄수화물(g) : 151.0<br/>단백질(g) : 31.7<br/>지방(g) : 20.8<br/>비타민A(R.E) : 132.2<br/>티아민(mg) : 0.8<br/>리보플라빈(mg) : 0.5<br/>비타민C(mg) : 34.8<br/>칼슘(mg) : 146.9<br/>철분(mg) : 2.5,20250526
B10,서울특별시교육청,7010073,당곡고등학교,2,중식,20250520,810.00,친환경현미밥 <br/>참치김치찌개 (5.6.9.13)<br/>불닭팽이버섯 (5.6.13)<br/>간장찜닭 (5.6.13.15)<br/>고구마맛탕 (13)<br/>석박지 (9)<br/>액상발효유 (2),닭고기 : 국내산<br/>쌀 : 국내산<br/>배추 : 국내산<br/>고춧가루 : 국내산<br/>콩 가공품 : 두부(대두):외국산<br/>비고 : 참치:원양산,873.7 Kcal,탄수화물(g) : 128.6<br/>단백질(g) : 51.3<br/>지방(g) : 17.8<br/>비타민A(R.E) : 156.4<br/>티아민(mg) : 0.6<br/>리보플라빈(mg) : 1.1<br/>비타민C(mg) : 14.9<br/>칼슘(mg) : 250.3<br/>철분(mg) : 4.5,20250527
B10,서울특별시교육청,7010073,당곡고등학교,2,중식,20250521,810.00,친환경흑미밥 <br/>돈육감자탕 (5.6.10.13.16)<br/>두부쑥갓나물 (5)<br/>낙지야채볶음 (2.5.6.13.16)<br/>동그랑땡 (1.5.6.10)<br/>석박지 (9)<br/>망고우유빙수 (2),돼지고기 : 국내산<br/>돼지고기 식육가공품 : 국내산<br/>쌀 : 국내산<br/>배추 : 국내산<br/>고춧가루 : 국내산<br/>콩 가공품 : 두부(대두):외국산<br/>낙지 : 중국산<br/>비고 : 우유(원유):국산,861.3 Kcal,탄수화물(g) : 107.6<br/>단백질(g) : 49.7<br/>지방(g) : 24.5<br/>비타민A(R.E) : 414.4<br/>티아민(mg) : 1.0<br/>리보플라빈(mg) : 0.8<br/>비타민C(mg) : 23.4<br/>칼슘(mg) : 579.4<br/>철분(mg) : 6.8,20250528
B10,서울특별시교육청,7010073,당곡고등학교,2,중식,20250522,810.00,친환경보리밥 <br/>맑은순두부국 (5)<br/>크랜베리멸치볶음 (13)<br/>닭갈비 (2.6.13.15)<br/>오징어김치전 (1.5.6)<br/>배추김치 (9)<br/>미니핫도그&케찹 (1.2.5.6.10.12.16.18),돼지고기 식육가공품 : 국내산<br/>닭고기 : 국내산<br/>쌀 : 국내산<br/>배추 : 국내산<br/>고춧가루 : 국내산<br/>콩 가공품 : 순두부(대두):외국산<br/>오징어 수산가공품 : 국내산<br/>비고 : 멸치:국산,854.5 Kcal,탄수화물(g) : 106.8<br/>단백질(g) : 43.2<br/>지방(g) : 27.5<br/>비타민A(R.E) : 173.9<br/>티아민(mg) : 0.7<br/>리보플라빈(mg) : 0.6<br/>비타민C(mg) : 11.6<br/>칼슘(mg) : 327.3<br/>철분(mg) : 3.3,20250529
B10,서울특별시교육청,7010073,당곡고등학교,2,중식,20250523,810.00,친환경칼슘기장밥 <br/>한우쌀국수 (5.6.15.16.18)<br/>꼬들단무지무침 <br/>타코야끼 (1.2.5.6.10.13.15.16.18)<br/>배추김치 (9)<br/>사과주스 ,쇠고기(종류) : 국내산(한우)<br/>쌀 : 국내산<br/>배추 : 국내산<br/>고춧가루 : 국내산,854.1 Kcal,탄수화물(g) : 142.2<br/>단백질(g) : 26.2<br/>지방(g) : 19.7<br/>비타민A(R.E) : 17.1<br/>티아민(mg) : 0.5<br/>리보플라빈(mg) : 0.2<br/>비타민C(mg) : 58.3<br/>칼슘(mg) : 180.2<br/>철분(mg) : 2.6,20250530
B10,서울특별시교육청,7010073,당곡고등학교,2,중식,20250526,822.00,칼슘강화기장밥 <br/>짬뽕국 (5.6.9.13.17.18)<br/>청경채&두반장소스 (5.6.12.13.18)<br/>흑임자탕수육&파인애플s (1.5.6.10.12.13)<br/>배추김치 (9)<br/>황치즈파이 (1.2.5.6),돼지고기 식육가공품 : 국내산<br/>쌀 : 국내산<br/>배추 : 국내산<br/>고춧가루 : 국내산<br/>오징어 : 국내산<br/>비고 : 홍합살:국산,854.1 Kcal,탄수화물(g) : 114.8<br/>단백질(g) : 20.0<br/>지방(g) : 34.0<br/>비타민A(R.E) : 118.9<br/>티아민(mg) : 0.4<br/>리보플라빈(mg) : 0.4<br/>비타민C(mg) : 16.4<br/>칼슘(mg) : 168.3<br/>철분(mg) : 8.9,20250602
B10,서울특별시교육청,7010073,당곡고등학교,2,중식,20250527,810.00,친환경강황밥 <br/>조랭이떡국 (1.5.6.13)<br/>고등어무조림 (5.6.7.13)<br/>얼갈이겉절이 (13)<br/>비건김치만두찜 (5.6)<br/>깍두기 (9)<br/>포도 ,쌀 : 국내산<br/>배추 : 국내산<br/>고춧가루 : 국내산<br/>고등어 : 국내산,864.5 Kcal,탄수화물(g) : 139.2<br/>단백질(g) : 35.2<br/>지방(g) : 17.2<br/>비타민A(R.E) : 103.9<br/>티아민(mg) : 0.5<br/>리보플라빈(mg) : 1.0<br/>비타민C(mg) : 13.5<br/>칼슘(mg) : 315.2<br/>철분(mg) : 3.9,20250603
B10,서울특별시교육청,7010073,당곡고등학교,2,중식,20250528,810.00,친환경현미밥 <br/>닭곰탕 (13.15)<br/>오이고추된장무침 (5.6.13)<br/>콩나물불고기 (5.6.10.13)<br/>고구마치즈고로케 (1.2.5.6)<br/>석박지 (9)<br/>키위 ,돼지고기 : 국내산<br/>닭고기 : 국내산<br/>쌀 : 국내산<br/>배추 : 국내산<br/>고춧가루 : 국내산,852.0 Kcal,탄수화물(g) : 115.6<br/>단백질(g) : 49.4<br/>지방(g) : 20.1<br/>비타민A(R.E) : 131.0<br/>티아민(mg) : 1.4<br/>리보플라빈(mg) : 0.5<br/>비타민C(mg) : 76.9<br/>칼슘(mg) : 165.9<br/>철분(mg) : 3.0,20250604
B10,서울특별시교육청,7010073,당곡고등학교,2,중식,20250529,810.00,친환경흑미밥 <br/>몽글달걀탕 (1.13)<br/>무말랭이장아찌 <br/>닭고기구이 (5.6.12.13.15)<br/>배추김치 (9)<br/>깻잎&쌈장 (5.6)<br/>초코우유 (2),닭고기 : 국내산<br/>쌀 : 국내산<br/>배추 : 국내산<br/>고춧가루 : 국내산<br/>비고 : 우유(원유):국산,849.8 Kcal,탄수화물(g) : 110.1<br/>단백질(g) : 49.2<br/>지방(g) : 21.0<br/>비타민A(R.E) : 276.7<br/>티아민(mg) : 0.5<br/>리보플라빈(mg) : 1.1<br/>비타민C(mg) : 9.8<br/>칼슘(mg) : 414.7<br/>철분(mg) : 5.6,20250605
B10,서울특별시교육청,7010073,당곡고등학교,2,중식,20250530,810.00,카레라이스 (2.5.6.10.12.13.16.18)<br/>미소국 (5.6.13)<br/>미니돈가스&파채 (5.6.10.13.16)<br/>배추김치 (9)<br/>초코수리취떡 (1.2.5.6)<br/>연근양상추샐러드(흑임자D) (1.5.6.12),돼지고기 : 국내산<br/>돼지고기 식육가공품 : 국내산<br/>쌀 : 국내산<br/>배추 : 국내산<br/>고춧가루 : 국내산<br/>콩 가공품 : 두부(대두):외국산,876.2 Kcal,탄수화물(g) : 85.0<br/>단백질(g) : 22.4<br/>지방(g) : 49.2<br/>비타민A(R.E) : 100.9<br/>티아민(mg) : 0.6<br/>리보플라빈(mg) : 0.3<br/>비타민C(mg) : 8.2<br/>칼슘(mg) : 313.9<br/>철분(mg) : 3.9,20250606
B10,서울특별시교육청,7010073,당곡고등학교,2,중식,20250602,820.00,친환경칼슘기장밥 <br/>레드벨벳케이크 (1.2.5.6.13)<br/>쇠고기미역국 (5.6.16)<br/>수육 (5.6.10)<br/>무말랭이무침(자율) <br/>보쌈김치 (9)<br/>상추&오이&쌈장 (5.6),쇠고기(종류) : 국내산(한우)<br/>돼지고기 : 국내산<br/>쌀 : 국내산<br/>배추 : 국내산<br/>고춧가루 : 국내산,856.3 Kcal,탄수화물(g) : 98.2<br/>단백질(g) : 52.4<br/>지방(g) : 26.0<br/>비타민A(R.E) : 160.9<br/>티아민(mg) : 1.2<br/>리보플라빈(mg) : 0.6<br/>비타민C(mg) : 11.5<br/>칼슘(mg) : 251.8<br/>철분(mg) : 4.5,20250609
B10,서울특별시교육청,7010073,당곡고등학교,2,중식,20250604,810.00,추가밥 <br/>한우쌀국수 (5.6.15.16.18)<br/>오이탕탕이 (5.6.13)<br/>칠리지파이 (1.2.5.6.15.16.17)<br/>배추김치 (9)<br/>조각파인애플 ,쇠고기(종류) : 국내산(한우)<br/>닭고기 식육가공품 : 국내산<br/>쌀 : 국내산<br/>배추 : 국내산<br/>고춧가루 : 국내산,913.0 Kcal,탄수화물(g) : 153.6<br/>단백질(g) : 36.2<br/>지방(g) : 16.7<br/>비타민A(R.E) : 43.0<br/>티아민(mg) : 0.8<br/>리보플라빈(mg) : 0.5<br/>비타민C(mg) : 29.1<br/>칼슘(mg) : 227.0<br/>철분(mg) : 12.6,20250611
B10,서울특별시교육청,7010073,당곡고등학교,2,중식,20250605,810.00,추가밥 <br/>한우삼색떡국 (1.5.6.13.16)<br/>골뱅이야채무침 (5.6.17)<br/>교자만두 (1.5.6.10.16.18)<br/>배추김치 (9)<br/>초코파이 (1.2.4.5.6.10.16),"쇠고기(종류) : 국내산(한우)<br/>돼지고기 식육가공품 : 국내산<br/>쌀 : 국내산<br/>배추 : 국내산<br/>고춧가루 : 국내산<br/>비고 : 골뱅이:외국산(영국,아일랜드 등)",814.3 Kcal,탄수화물(g) : 136.8<br/>단백질(g) : 24.4<br/>지방(g) : 18.7<br/>비타민A(R.E) : 110.9<br/>티아민(mg) : 0.6<br/>리보플라빈(mg) : 0.3<br/>비타민C(mg) : 6.4<br/>칼슘(mg) : 211.7<br/>철분(mg) : 6.0,20250612
B10,서울특별시교육청,7010073,당곡고등학교,2,중식,20250609,820.00,친환경칼슘기장밥 <br/>얼큰쇠고기무국 (5.6.13.16)<br/>돈육메추리알조림 (1.5.6.10.13)<br/>콩나물무침 (5)<br/>임연수카레구이 (2.5.6.12.13.16.18)<br/>배추김치 (9)<br/>아이스경단 (1.2.6),"돼지고기 : 국내산<br/>쌀 : 국내산<br/>배추 : 국내산<br/>고춧가루 : 국내산<br/>비고 : 임연수살:국산, 메추리알:국산",853.3 Kcal,탄수화물(g) : 106.5<br/>단백질(g) : 45.1<br/>지방(g) : 24.4<br/>비타민A(R.E) : 100.7<br/>티아민(mg) : 0.7<br/>리보플라빈(mg) : 0.8<br/>비타민C(mg) : 6.9<br/>칼슘(mg) : 155.5<br/>철분(mg) : 8.7,20250616
B10,서울특별시교육청,7010073,당곡고등학교,2,중식,20250610,810.00,열무보리비빔밥 (6.9)<br/>근대된장국 (5.6)<br/>치즈감자채전 (2.5)<br/>오징어볼강정(오븐) (1.5.6.12.13.17)<br/>꽈배기 (1.2.5.6.13)<br/>배추김치 (9),쌀 : 국내산<br/>배추 : 국내산<br/>고춧가루 : 국내산<br/>오징어 수산가공품 : 외국산,820.4 Kcal,탄수화물(g) : 114.0<br/>단백질(g) : 28.6<br/>지방(g) : 26.3<br/>비타민A(R.E) : 191.7<br/>티아민(mg) : 3.9<br/>리보플라빈(mg) : 0.7<br/>비타민C(mg) : 13.3<br/>칼슘(mg) : 280.8<br/>철분(mg) : 2.9,20250617
B10,서울특별시교육청,7010073,당곡고등학교,2,중식,20250611,820.00,친환경현미밥 <br/>우렁된장찌개 (5.6)<br/>콩나물파채무침(초장) (5.6)<br/>대패삼겹살구이 (10.13)<br/>소시지+구운야채 (2.5.6.10.15.16)<br/>배추김치 (9)<br/>쌈장 (5.6)<br/>달콤한토마토 (12.13),돼지고기 : 국내산<br/>돼지고기 식육가공품 : 국내산<br/>쌀 : 국내산<br/>배추 : 국내산<br/>고춧가루 : 국내산<br/>콩 가공품 : 두부(대두):외국산<br/>비고 : 우렁살:국산,826.6 Kcal,탄수화물(g) : 72.1<br/>단백질(g) : 43.1<br/>지방(g) : 39.3<br/>비타민A(R.E) : 96.8<br/>티아민(mg) : 1.0<br/>리보플라빈(mg) : 0.6<br/>비타민C(mg) : 44.7<br/>칼슘(mg) : 340.8<br/>철분(mg) : 4.3,20250618
B10,서울특별시교육청,7010073,당곡고등학교,2,중식,20250612,820.00,친환경잡곡밥 (5)<br/>불마요들기름메밀국수 (3.5.6.13)<br/>순두부찌개 (5.6.9.10)<br/>크랜베리멸치볶음 (13)<br/>탄두리치킨 (2.5.12.13.15)<br/>총각김치 (9)<br/>포도 ,"돼지고기 : 국내산<br/>닭고기 : 국내산<br/>쌀 : 국내산<br/>배추 : 국내산<br/>고춧가루 : 국내산<br/>콩 가공품 : 순두부(대두):외국산<br/>비고 : 멸치(가이리):국산, 크렌베리:미국산",815.9 Kcal,탄수화물(g) : 115.2<br/>단백질(g) : 39.4<br/>지방(g) : 20.2<br/>비타민A(R.E) : 72.8<br/>티아민(mg) : 0.7<br/>리보플라빈(mg) : 0.5<br/>비타민C(mg) : 3.8<br/>칼슘(mg) : 231.6<br/>철분(mg) : 3.8,20250619
B10,서울특별시교육청,7010073,당곡고등학교,2,중식,20250613,820.00,추가밥 <br/>자장면 (2.5.6.10.13)<br/>짬뽕국 (5.6.9.13.17.18)<br/>꼬들단무지무침 <br/>수제멘보샤&칠리소스 (1.2.5.6.8.9.12.13)<br/>배추김치 (9)<br/>탄산수 ,"돼지고기 : 국내산<br/>쌀 : 국내산<br/>배추 : 국내산<br/>고춧가루 : 국내산<br/>오징어 : 국내산<br/>비고 : 새우:외국산, 맛살(연육):외국산. 홍합살:국산",862.8 Kcal,탄수화물(g) : 141.8<br/>단백질(g) : 39.5<br/>지방(g) : 16.2<br/>비타민A(R.E) : 124.1<br/>티아민(mg) : 0.4<br/>리보플라빈(mg) : 0.7<br/>비타민C(mg) : 21.2<br/>칼슘(mg) : 181.9<br/>철분(mg) : 7.3,20250620
B10,서울특별시교육청,7010073,당곡고등학교,2,중식,20250616,820.00,친환경칼슘기장밥 <br/>육개장 (1.16)<br/>너비아니조림 (2.5.6.10.13.16.18)<br/>매운닭볶음(정육) (5.6.13.15)<br/>궁채나물들깨볶음 <br/>배추김치 (9)<br/>오렌지 ,쇠고기(종류) : 국내산(한우)<br/>돼지고기 식육가공품 : 국내산<br/>닭고기 : 국내산<br/>쌀 : 국내산<br/>배추 : 국내산<br/>고춧가루 : 국내산,814.3 Kcal,탄수화물(g) : 121.2<br/>단백질(g) : 48.8<br/>지방(g) : 14.3<br/>비타민A(R.E) : 222.6<br/>티아민(mg) : 0.6<br/>리보플라빈(mg) : 0.7<br/>비타민C(mg) : 45.4<br/>칼슘(mg) : 219.4<br/>철분(mg) : 4.2,20250623
B10,서울특별시교육청,7010073,당곡고등학교,2,중식,20250617,820.00,친환경현미밥 <br/>설렁탕 (13.16)<br/>소시지케찹볶음 (2.5.6.10.12.15.16)<br/>간고등어구이 (6.7)<br/>오이지무침 <br/>석박지 (9)<br/>과일생크림모찌 (2.5.6),쇠고기(종류) : 국내산(한우)<br/>돼지고기 식육가공품 : 국내산<br/>쌀 : 국내산<br/>배추 : 국내산<br/>고춧가루 : 국내산<br/>고등어 : 국내산,849.9 Kcal,탄수화물(g) : 91.9<br/>단백질(g) : 38.1<br/>지방(g) : 34.5<br/>비타민A(R.E) : 39.6<br/>티아민(mg) : 0.5<br/>리보플라빈(mg) : 0.6<br/>비타민C(mg) : 38.5<br/>칼슘(mg) : 132.3<br/>철분(mg) : 3.0,20250624
B10,서울특별시교육청,7010073,당곡고등학교,2,중식,20250618,820.00,햄김치볶음밥 (1.2.5.6.9.10.15.16)<br/>얼큰콩나물국 (5)<br/>브로콜리무침 <br/>타코야끼 (1.2.5.6.10.15.16.18)<br/>깍두기 (9)<br/>초코우유 (2),"돼지고기 식육가공품 : 국내산<br/>쌀 : 국내산<br/>배추 : 국내산<br/>고춧가루 : 국내산<br/>비고 : 타코야끼:중국산, 초코우유(원유):국산",830.0 Kcal,탄수화물(g) : 102.6<br/>단백질(g) : 24.5<br/>지방(g) : 35.5<br/>비타민A(R.E) : 65.8<br/>티아민(mg) : 0.3<br/>리보플라빈(mg) : 0.4<br/>비타민C(mg) : 21.4<br/>칼슘(mg) : 346.5<br/>철분(mg) : 2.9,20250625
B10,서울특별시교육청,7010073,당곡고등학교,2,중식,20250619,820.00,"친환경잡곡밥 (5)<br/>얼갈이된장국 (5.6.13)<br/>오징어초무침(무x,부찬) (6.17)<br/>돈육고추장불고기 (6.10.13)<br/>배식용김 <br/>배추김치 (9)<br/>아이스크림 (1.2.5.6)",돼지고기 : 국내산<br/>쌀 : 국내산<br/>배추 : 국내산<br/>고춧가루 : 국내산<br/>오징어 : 국내산<br/>비고 : 김:국산,720.1 Kcal,탄수화물(g) : 96.0<br/>단백질(g) : 41.9<br/>지방(g) : 17.8<br/>비타민A(R.E) : 225.2<br/>티아민(mg) : 1.0<br/>리보플라빈(mg) : 0.5<br/>비타민C(mg) : 21.2<br/>칼슘(mg) : 286.2<br/>철분(mg) : 2.5,20250626
B10,서울특별시교육청,7010073,당곡고등학교,2,중식,20250620,820.00,카레라이스 (2.5.6.10.12.13.16.18)<br/>고명유부국 (1.2.5.6.9.13)<br/>마늘쫑무침 (6.13)<br/>레몬크림깐쇼새우 (1.2.5.6.9.13)<br/>배추김치 (9)<br/>액상요구르트 (2),돼지고기 : 국내산<br/>쌀 : 국내산<br/>배추 : 국내산<br/>고춧가루 : 국내산<br/>비고 : 깐쇼새우(새우):외국산,840.1 Kcal,탄수화물(g) : 110.3<br/>단백질(g) : 26.2<br/>지방(g) : 32.7<br/>비타민A(R.E) : 161.3<br/>티아민(mg) : 0.6<br/>리보플라빈(mg) : 0.3<br/>비타민C(mg) : 24.4<br/>칼슘(mg) : 373.5<br/>철분(mg) : 2.8,20250627
B10,서울특별시교육청,7010073,당곡고등학교,2,중식,20250623,820.00,친환경칼슘기장밥 <br/>오징어무국 (17)<br/>올방개묵김가루무침 <br/>치즈불닭 (2.5.6.13.15)<br/>고기완자전 (1.5.6.10.16)<br/>배추김치 (9)<br/>우리쌀도넛 (2.5.6),돼지고기 식육가공품 : 국내산<br/>닭고기 : 국내산<br/>쌀 : 국내산<br/>배추 : 국내산<br/>고춧가루 : 국내산<br/>오징어 : 국내산<br/>비고 : 올방개묵:미얀마산,850.5 Kcal,탄수화물(g) : 90.9<br/>단백질(g) : 49.1<br/>지방(g) : 31.4<br/>비타민A(R.E) : 177.8<br/>티아민(mg) : 0.5<br/>리보플라빈(mg) : 0.5<br/>비타민C(mg) : 14.6<br/>칼슘(mg) : 313.9<br/>철분(mg) : 3.1,20250630
B10,서울특별시교육청,7010073,당곡고등학교,2,중식,20250624,810.00,후리가케밥 (1.2.5.6.9.13.16.18)<br/>꼬치어묵국 (1.5.6.9.13)<br/>떡볶이 (2.5.6.12.13.16.18)<br/>가자미가스&타르소스 (1.2.5.6.13)<br/>배추김치 (9)<br/>아이스망고 ,"쌀 : 국내산<br/>배추 : 국내산<br/>고춧가루 : 국내산<br/>비고 : 어묵(연육):외국산, 가자미가스(가자미):미국산, 망고:베트남산",850.7 Kcal,탄수화물(g) : 141.4<br/>단백질(g) : 24.1<br/>지방(g) : 19.7<br/>비타민A(R.E) : 182.2<br/>티아민(mg) : 0.4<br/>리보플라빈(mg) : 0.4<br/>비타민C(mg) : 13.1<br/>칼슘(mg) : 255.3<br/>철분(mg) : 2.6,20250701
B10,서울특별시교육청,7010073,당곡고등학교,2,중식,20250625,810.00,돈육콩나물밥/양념장 (5.6.10.13)<br/>참치김치찌개 (5.6.9.13)<br/>명엽채볶음 (5.6.13)<br/>소떡소떡 (5.6.10.12.13.15)<br/>깍두기 (9)<br/>참외 ,돼지고기 : 국내산<br/>돼지고기 식육가공품 : 국내산<br/>쌀 : 국내산<br/>배추 : 국내산<br/>고춧가루 : 국내산<br/>콩 가공품 : 두부(대두):외국산<br/>명태 수산가공품 : 명엽채:러시아산,859.9 Kcal,탄수화물(g) : 111.7<br/>단백질(g) : 40.0<br/>지방(g) : 27.2<br/>비타민A(R.E) : 114.7<br/>티아민(mg) : 0.5<br/>리보플라빈(mg) : 0.7<br/>비타민C(mg) : 11.1<br/>칼슘(mg) : 245.2<br/>철분(mg) : 2.6,20250702
B10,서울특별시교육청,7010073,당곡고등학교,2,중식,20250626,810.00,친환경현미밥 <br/>도토리묵사발 (2.5.6.9.15.16.18)<br/>매운갈비찜 (5.6.10.13)<br/>시금치나물 <br/>맛살달걀볶음 (1)<br/>총각김치 (9)<br/>초코도넛 (1.2.5.6),"돼지고기 : 국내산<br/>쌀 : 국내산<br/>배추 : 국내산<br/>고춧가루 : 국내산<br/>비고 : 맛살(연육):외국산, 도토리묵:중국산",841.1 Kcal,탄수화물(g) : 107.0<br/>단백질(g) : 41.3<br/>지방(g) : 26.8<br/>비타민A(R.E) : 299.7<br/>티아민(mg) : 1.0<br/>리보플라빈(mg) : 1.2<br/>비타민C(mg) : 27.2<br/>칼슘(mg) : 285.8<br/>철분(mg) : 6.5,20250703
B10,서울특별시교육청,7010073,당곡고등학교,2,중식,20250627,810.00,스팸마요덮밥 (1.5.6.10.13.18)<br/>고명장국 (1.2.5.6.9.13)<br/>사과 <br/>치즈돈가스&소스 (2.5.6.10.12.16.18)<br/>배추김치 (9)<br/>양배추샐러드&사우전D (6.1.2.5),돼지고기 식육가공품 : 국내산<br/>쌀 : 국내산<br/>배추 : 국내산<br/>고춧가루 : 국내산,705.0 Kcal,탄수화물(g) : 54.8<br/>단백질(g) : 31.3<br/>지방(g) : 40.4<br/>비타민A(R.E) : 88.4<br/>티아민(mg) : 0.9<br/>리보플라빈(mg) : 0.4<br/>비타민C(mg) : 11.8<br/>칼슘(mg) : 193.5<br/>철분(mg) : 3.0,20250704
B10,서울특별시교육청,7010073,당곡고등학교,2,중식,20250630,820.00,친환경칼슘기장밥 <br/>햄찌개 (1.2.5.6.9.10.15.16)<br/>두부쑥갓나물 (5)<br/>주꾸미볶음 (6.13)<br/>양배추계란전 (1.5.6.13)<br/>깍두기 (9)<br/>수박 ,쌀 : 국내산<br/>배추 : 국내산<br/>고춧가루 : 국내산<br/>콩 가공품 : 두부(대두):외국산<br/>주꾸미 : 중국산,842.8 Kcal,탄수화물(g) : 90.9<br/>단백질(g) : 48.1<br/>지방(g) : 31.1<br/>비타민A(R.E) : 336.3<br/>티아민(mg) : 0.6<br/>리보플라빈(mg) : 0.9<br/>비타민C(mg) : 32.7<br/>칼슘(mg) : 266.6<br/>철분(mg) : 6.1,20250707
B10,서울특별시교육청,7010073,당곡고등학교,2,중식,20250708,806.00,칼슘강화기장밥 <br/>곰탕 (1.5.16)<br/>돈까스샐러드(허니소스) (1.2.5.6.10)<br/>마늘쫑무침 (6.13)<br/>낙지호롱구이 (2.5.6.16)<br/>석박지 (9)<br/>수박 ,쇠고기(종류) : 국내산(한우)<br/>돼지고기 식육가공품 : 국내산<br/>쌀 : 국내산<br/>배추 : 국내산<br/>고춧가루 : 국내산<br/>낙지 수산가공품 : 베트남산,791.1 Kcal,탄수화물(g) : 89.3<br/>단백질(g) : 26.2<br/>지방(g) : 35.4<br/>비타민A(R.E) : 92.5<br/>티아민(mg) : 0.2<br/>리보플라빈(mg) : 0.3<br/>비타민C(mg) : 14.2<br/>칼슘(mg) : 191.7<br/>철분(mg) : 3.9,20250715
B10,서울특별시교육청,7010073,당곡고등학교,2,중식,20250709,806.00,친환경현미밥 <br/>햄찌개 (1.2.5.6.9.10.15.16)<br/>꽈리고추메추리알조림 (1.5.6.13)<br/>매콤콩나물무침 (5)<br/>유린가자미 (3.5.6.13)<br/>깍두기 (9)<br/>미니도넛 (1.2.5.6),"돼지고기 : 국내산<br/>돼지고기 식육가공품 : 국내산<br/>쌀 : 국내산<br/>배추 : 국내산<br/>고춧가루 : 국내산<br/>콩 가공품 : 두부(대두):외국산<br/>비고 : 가자미살:미국산, 메추리알(무항생제):국산",852.6 Kcal,탄수화물(g) : 103.0<br/>단백질(g) : 44.7<br/>지방(g) : 25.7<br/>비타민A(R.E) : 152.3<br/>티아민(mg) : 0.7<br/>리보플라빈(mg) : 0.9<br/>비타민C(mg) : 29.8<br/>칼슘(mg) : 206.1<br/>철분(mg) : 4.2,20250716
B10,서울특별시교육청,7010073,당곡고등학교,2,중식,20250710,806.00,친환경잡곡밥 (5)<br/>해쉬브라운피자 (1.2.5.6.10.12.13.15.16)<br/>얼갈이된장국 (5.6)<br/>콩나물불고기 (5.6.10.13)<br/>오이지무침 <br/>배추김치 (9)<br/>포도주스 (2.5),돼지고기 : 국내산<br/>돼지고기 식육가공품 : 국내산<br/>쌀 : 국내산<br/>배추 : 국내산<br/>고춧가루 : 국내산,857.7 Kcal,탄수화물(g) : 107.3<br/>단백질(g) : 42.0<br/>지방(g) : 28.9<br/>비타민A(R.E) : 162.1<br/>티아민(mg) : 1.3<br/>리보플라빈(mg) : 0.7<br/>비타민C(mg) : 23.4<br/>칼슘(mg) : 303.4<br/>철분(mg) : 3.4,20250717
B10,서울특별시교육청,7010073,당곡고등학교,2,중식,20250711,806.00,잡채밥 (5.6.13)<br/>짬뽕국 (5.6.9.13.17.18)<br/>매운어묵볶음 (1.5.6.13)<br/>꿔바로우&소스 (1.2.5.6.10.12.16)<br/>배추김치 (9)<br/>자두 ,"돼지고기 식육가공품 : 국내산<br/>쌀 : 국내산<br/>배추 : 국내산<br/>고춧가루 : 국내산<br/>오징어 : 원양산<br/>비고 : 건홍합살:국산, 어묵(연육):국산",836.5 Kcal,탄수화물(g) : 134.0<br/>단백질(g) : 25.2<br/>지방(g) : 21.5<br/>비타민A(R.E) : 118.9<br/>티아민(mg) : 0.4<br/>리보플라빈(mg) : 0.8<br/>비타민C(mg) : 14.9<br/>칼슘(mg) : 167.2<br/>철분(mg) : 12.3,20250718
B10,서울특별시교육청,7010073,당곡고등학교,2,중식,20250714,820.00,칼슘강화기장밥 <br/>쇠고기미역국 (5.6.16)<br/>매운등갈비찜 (2.5.6.10.13.16)<br/>도토리묵&양념장 (5.6.13)<br/>브로콜리무침 <br/>배추김치 (9)<br/>마카롱 (1.2),쇠고기(종류) : 국내산(한우)<br/>돼지고기 : 국내산<br/>쌀 : 국내산<br/>배추 : 국내산<br/>고춧가루 : 국내산<br/>비고 : 도토리묵(전분):중국산,920.1 Kcal,탄수화물(g) : 126.5<br/>단백질(g) : 30.7<br/>지방(g) : 30.6<br/>비타민A(R.E) : 71.4<br/>티아민(mg) : 0.4<br/>리보플라빈(mg) : 0.7<br/>비타민C(mg) : 14.7<br/>칼슘(mg) : 236.6<br/>철분(mg) : 3.2,20250721
B10,서울특별시교육청,7010073,당곡고등학교,2,중식,20250715,806.00,추가밥 <br/>볼어묵국 (1.5.6.7.13.18)<br/>시금치나물 <br/>떡볶이 (2.5.6.12.13.16.18)<br/>두부카츠&돈가스소스 (5.6.12.16.18)<br/>배추김치 (9)<br/>친환경방울토마토 (12),쌀 : 국내산<br/>배추 : 국내산<br/>고춧가루 : 국내산<br/>콩 가공품 : 두부(대두):국산<br/>비고 : 볼어묵(연육):외국산,757.4 Kcal,탄수화물(g) : 146.9<br/>단백질(g) : 20.3<br/>지방(g) : 9.8<br/>비타민A(R.E) : 259.0<br/>티아민(mg) : 0.3<br/>리보플라빈(mg) : 0.3<br/>비타민C(mg) : 23.3<br/>칼슘(mg) : 157.8<br/>철분(mg) : 2.1,20250722
B10,서울특별시교육청,7010073,당곡고등학교,2,중식,20250716,806.00,추가밥 <br/>물비빔쫄면 (1.2.5.6.15.16.18)<br/>김치만두 (1.5.6.10.16.18)<br/>쌈무생채 <br/>돈육불백 (5.6.10.12.13)<br/>열무김치 (9)<br/>오렌지주스 ,돼지고기 : 국내산<br/>쌀 : 국내산<br/>배추 : 국내산<br/>고춧가루 : 국내산,1164.3 Kcal,탄수화물(g) : 204.7<br/>단백질(g) : 45.1<br/>지방(g) : 14.1<br/>비타민A(R.E) : 104.5<br/>티아민(mg) : 1.1<br/>리보플라빈(mg) : 1.1<br/>비타민C(mg) : 94.9<br/>칼슘(mg) : 178.4<br/>철분(mg) : 3.6,20250723
B10,서울특별시교육청,7010073,당곡고등학교,2,중식,20250717,806.00,나물비빔밥&약고추장(-콩) (6.13.16)<br/>전주식콩나물국 (1.5.9.17)<br/>찐두부 (5)<br/>김치볶음 (9.13)<br/>떡갈비&파채무침 (1.2.5.6.10.12.13.15.16)<br/>초코파이 (1.2.5.6.14.16),쇠고기(종류) : 국내산(한우)<br/>쇠고기 식육가공품 : 국내산<br/>돼지고기 식육가공품 : 국내산<br/>쌀 : 국내산<br/>배추 : 국내산<br/>고춧가루 : 국내산<br/>콩 가공품 : 두부(대두):국산,867.5 Kcal,탄수화물(g) : 117.7<br/>단백질(g) : 32.3<br/>지방(g) : 31.0<br/>비타민A(R.E) : 227.9<br/>티아민(mg) : 0.5<br/>리보플라빈(mg) : 0.8<br/>비타민C(mg) : 19.5<br/>칼슘(mg) : 377.6<br/>철분(mg) : 7.7,20250724
B10,서울특별시교육청,7010073,당곡고등학교,2,중식,20250814,806.00,추가후리가케밥 (1.2.5.6.9.13.16.18)<br/>토마토스파게티 (1.2.5.6.10.12.13.16)<br/>연근조림 (5.6.13)<br/>떡갈비+구운야채 (5.6.10.15.16)<br/>배추김치 (9)<br/>오렌지샐러드(발사믹D) (1.2.5.6),돼지고기 : 국내산<br/>돼지고기 식육가공품 : 국내산<br/>닭고기 식육가공품 : 국내산<br/>쌀 : 국내산<br/>배추 : 국내산<br/>고춧가루 : 국내산,714.2 Kcal,탄수화물(g) : 131.0<br/>단백질(g) : 20.4<br/>지방(g) : 12.2<br/>비타민A(R.E) : 167.5<br/>티아민(mg) : 0.5<br/>리보플라빈(mg) : 0.4<br/>비타민C(mg) : 50.2<br/>칼슘(mg) : 230.4<br/>철분(mg) : 3.1,20250821
B10,서울특별시교육청,7010073,당곡고등학교,2,중식,20250818,820.00,친환경칼슘기장밥 <br/>쇠고기미역국 (5.6.16)<br/>오이생채 (13)<br/>돈육고추장불고기 (6.10.13)<br/>집게맛살튀김&케찹 (1.5.6.8.12)<br/>배추김치 (9)<br/>크림떡 (2.5.10.13),쇠고기(종류) : 국내산(한우)<br/>돼지고기 : 국내산<br/>쌀 : 국내산<br/>쌀 가공품 : 찹쌀떡(찹쌀):국산<br/>배추 : 국내산<br/>고춧가루 : 국내산<br/>비고 : 집게맛살튀김(연육):외국산,821.8 Kcal,탄수화물(g) : 112.9<br/>단백질(g) : 42.6<br/>지방(g) : 21.5<br/>비타민A(R.E) : 85.4<br/>티아민(mg) : 1.0<br/>리보플라빈(mg) : 0.4<br/>비타민C(mg) : 14.3<br/>칼슘(mg) : 205.4<br/>철분(mg) : 2.7,20250825
B10,서울특별시교육청,7010073,당곡고등학교,2,중식,20250819,810.00,열무보리비빔밥 (5.6.9)<br/>우렁된장찌개 (5.6)<br/>메추리알장조림 (1.5.6.13)<br/>가자미순살튀김 (6)<br/>깍두기 (9)<br/>옥수수피자 (1.2.5.6.12.16),"쌀 : 국내산<br/>배추 : 국내산<br/>고춧가루 : 국내산<br/>콩 가공품 : 두부(대두):외국산<br/>비고 : 가자미살:미국산, 메추리알(무항생제):국산, 우렁살:국산",776.1 Kcal,탄수화물(g) : 91.1<br/>단백질(g) : 47.4<br/>지방(g) : 22.7<br/>비타민A(R.E) : 294.8<br/>티아민(mg) : 0.7<br/>리보플라빈(mg) : 0.9<br/>비타민C(mg) : 7.6<br/>칼슘(mg) : 520.5<br/>철분(mg) : 6.1,20250826
B10,서울특별시교육청,7010073,당곡고등학교,2,중식,20250820,810.00,친환경흑미밥 <br/>얼갈이된장국 (5.6)<br/>불닭팽이버섯 (5.6.13)<br/>돈육불백 (5.6.10.12.13)<br/>해물경단 (1.2.5.6.8.9.10.15.16.17.18)<br/>배추김치 (9)<br/>아이스망고 ,"돼지고기 : 국내산<br/>쌀 : 국내산<br/>배추 : 국내산<br/>고춧가루 : 국내산<br/>오징어 수산가공품 : 페루,중국산<br/>비고 : 해물경단(연육):외국산, 아이스망고:베트남산",801.5 Kcal,탄수화물(g) : 127.4<br/>단백질(g) : 44.7<br/>지방(g) : 12.2<br/>비타민A(R.E) : 114.9<br/>티아민(mg) : 1.2<br/>리보플라빈(mg) : 0.4<br/>비타민C(mg) : 17.3<br/>칼슘(mg) : 179.7<br/>철분(mg) : 2.7,20250827
B10,서울특별시교육청,7010073,당곡고등학교,2,중식,20250821,810.00,친환경현미밥 <br/>돈육감자탕 (5.6.10.13.16)<br/>두부조림 (5.6.13)<br/>찜닭(당면) (5.6.13.15)<br/>오이고추된장무침 (13.5.6)<br/>석박지 (9)<br/>포도주스(샤인) (5),돼지고기 : 국내산<br/>닭고기 : 국내산<br/>쌀 : 국내산<br/>배추 : 국내산<br/>고춧가루 : 국내산<br/>콩 가공품 : 두부(대두):국산,785.8 Kcal,탄수화물(g) : 106.9<br/>단백질(g) : 54.7<br/>지방(g) : 14.5<br/>비타민A(R.E) : 212.9<br/>티아민(mg) : 0.7<br/>리보플라빈(mg) : 0.9<br/>비타민C(mg) : 30.0<br/>칼슘(mg) : 242.8<br/>철분(mg) : 5.1,20250828
B10,서울특별시교육청,7010073,당곡고등학교,2,중식,20250822,810.00,돈까스덮밥 (1.2.5.6.9.10.13)<br/>고명장국 (1.2.5.6.9.13)<br/>매운어묵꼬치(소스) (1.5.6.13)<br/>비름나물무침 <br/>배추김치 (9)<br/>귤 ,돼지고기 식육가공품 : 국내산<br/>쌀 : 국내산<br/>배추 : 국내산<br/>고춧가루 : 국내산<br/>비고 : 어묵(연육):외국산,826.8 Kcal,탄수화물(g) : 123.4<br/>단백질(g) : 25.0<br/>지방(g) : 25.1<br/>비타민A(R.E) : 168.9<br/>티아민(mg) : 0.4<br/>리보플라빈(mg) : 0.4<br/>비타민C(mg) : 24.6<br/>칼슘(mg) : 204.3<br/>철분(mg) : 3.2,20250829
B10,서울특별시교육청,7010073,당곡고등학교,2,중식,20250825,820.00,카레라이스 (2.5.6.10.12.13.16.18)<br/>미소국 (5.6)<br/>매콤콩나물무침 (5)<br/>탄두리치킨 (2.5.12.13.15)<br/>배추김치 (9)<br/>후레쉬업(레몬&라임) ,돼지고기 : 국내산<br/>닭고기 : 국내산<br/>쌀 : 국내산<br/>배추 : 국내산<br/>고춧가루 : 국내산<br/>콩 가공품 : 두부(대두):외국산,834.5 Kcal,탄수화물(g) : 106.3<br/>단백질(g) : 41.0<br/>지방(g) : 26.5<br/>비타민A(R.E) : 140.3<br/>티아민(mg) : 0.8<br/>리보플라빈(mg) : 0.4<br/>비타민C(mg) : 12.6<br/>칼슘(mg) : 237.4<br/>철분(mg) : 3.4,20250901
B10,서울특별시교육청,7010073,당곡고등학교,2,중식,20250826,810.00,칼슘강화기장밥 <br/>비건김치만두국 (1.5.6.13)<br/>마늘쫑무침 (6.13)<br/>오징어야채볶음(링) (5.6.13.17.18)<br/>떡꼬치&매콤소스 (6.12.13)<br/>총각김치 (9)<br/>흰우유 (2),쌀 : 국내산<br/>쌀 가공품 : 떡꼬치떡(멥쌀):국산<br/>배추 : 국내산<br/>고춧가루 : 국내산<br/>오징어 : 원양산<br/>비고 : 흰우유(원유):국산,792.7 Kcal,탄수화물(g) : 134.7<br/>단백질(g) : 34.9<br/>지방(g) : 11.3<br/>비타민A(R.E) : 326.7<br/>티아민(mg) : 0.5<br/>리보플라빈(mg) : 0.6<br/>비타민C(mg) : 14.3<br/>칼슘(mg) : 430.0<br/>철분(mg) : 3.0,20250902
B10,서울특별시교육청,7010073,당곡고등학교,2,중식,20250827,810.00,친환경현미밥 <br/>우거지해장국 (5.6.13.16)<br/>매콤감자조림 (5.6.13)<br/>부추새콤무침 (13)<br/>오리불고기 (5.6.13)<br/>배추김치 (9)<br/>조각파인애플 ,쇠고기(종류) : 국내산(한우)<br/>오리고기 : 국내산<br/>쌀 : 국내산<br/>배추 : 국내산<br/>고춧가루 : 국내산,815.7 Kcal,탄수화물(g) : 103.1<br/>단백질(g) : 32.5<br/>지방(g) : 30.9<br/>비타민A(R.E) : 224.1<br/>티아민(mg) : 0.9<br/>리보플라빈(mg) : 0.8<br/>비타민C(mg) : 42.2<br/>칼슘(mg) : 213.1<br/>철분(mg) : 5.3,20250903
B10,서울특별시교육청,7010073,당곡고등학교,2,중식,20250828,810.00,순살양념치밥 (5.6.12.13.15)<br/>고명유부국 (1.2.5.6.9.13)<br/>맛살냉채 (1.5.6.8.13)<br/>김자반 (5)<br/>떡갈비&소스 (2.5.6.10.12.13.16)<br/>배추김치 (9)<br/>수박 ,"쇠고기 식육가공품 : 국내산<br/>돼지고기 식육가공품 : 국내산<br/>닭고기 : 국내산<br/>닭고기 식육가공품 : <br/>쌀 : 국내산<br/>배추 : 국내산<br/>고춧가루 : 국내산<br/>콩 가공품 : 유부(대두):외국산<br/>비고 : 김자반(김):국산, 맛살(연육):외국산",855.6 Kcal,탄수화물(g) : 82.5<br/>단백질(g) : 57.6<br/>지방(g) : 32.0<br/>비타민A(R.E) : 136.3<br/>티아민(mg) : 3.0<br/>리보플라빈(mg) : 0.4<br/>비타민C(mg) : 5.1<br/>칼슘(mg) : 198.7<br/>철분(mg) : 4.7,20250904
B10,서울특별시교육청,7010073,당곡고등학교,2,중식,20250829,810.00,친환경잡곡밥 (5)<br/>쇠고기무국 (16)<br/>돈육김치볶음 (6.9.10.13)<br/>분홍소시지전 (1.2.5.6.10.15.16)<br/>파김치 (9)<br/>양배추쌈(자율) <br/>초콜릿칩쿠키 (1.2.5.6)<br/>참치쌈장 (5.6.13),"쇠고기(종류) : 국내산(한우)<br/>돼지고기 : 국내산<br/>쌀 : 국내산<br/>배추 : 국내산<br/>고춧가루 : 국내산<br/>전복 수산가공품 : <br/>비고 : 소시지(연육):외국산, 참치:원양산",844.5 Kcal,탄수화물(g) : 111.0<br/>단백질(g) : 46.4<br/>지방(g) : 22.6<br/>비타민A(R.E) : 104.2<br/>티아민(mg) : 1.1<br/>리보플라빈(mg) : 0.5<br/>비타민C(mg) : 26.1<br/>칼슘(mg) : 255.8<br/>철분(mg) : 3.9,20250905
B10,서울특별시교육청,7010073,당곡고등학교,2,중식,20250901,813.00,칼슘강화기장밥 <br/>쇠고기미역국 (5.6.16)<br/>영양부추무침 (13)<br/>버섯잡채 (5.6.13)<br/>떡갈비 (1.2.5.6.10.12.15.16)<br/>배추김치 (9)<br/>9월생일케이크 (1.2.5.6.17),쇠고기(종류) : 국내산(한우)<br/>돼지고기 식육가공품 : 국내산<br/>쌀 : 국내산<br/>배추 : 국내산<br/>고춧가루 : 국내산,761.0 Kcal,탄수화물(g) : 129.4<br/>단백질(g) : 24.1<br/>지방(g) : 16.3<br/>비타민A(R.E) : 134.8<br/>티아민(mg) : 0.3<br/>리보플라빈(mg) : 0.3<br/>비타민C(mg) : 7.8<br/>칼슘(mg) : 247.5<br/>철분(mg) : 4.4,20250908
B10,서울특별시교육청,7010073,당곡고등학교,2,중식,20250902,800.00,친환경현미밥 <br/>근대된장국 (5.6)<br/>오이상추무침 (6.13)<br/>제육볶음 (6.10.13)<br/>만두탕수 (1.5.6.10.11.12.13.16.18)<br/>총각김치 (9)<br/>키위 ,돼지고기 : 국내산<br/>돼지고기 식육가공품 : 국내산<br/>쌀 : 국내산<br/>배추 : 국내산<br/>고춧가루 : 국내산,750.6 Kcal,탄수화물(g) : 113.3<br/>단백질(g) : 43.1<br/>지방(g) : 13.1<br/>비타민A(R.E) : 223.5<br/>티아민(mg) : 1.5<br/>리보플라빈(mg) : 0.4<br/>비타민C(mg) : 54.7<br/>칼슘(mg) : 243.6<br/>철분(mg) : 4.6,20250909
B10,서울특별시교육청,7010073,당곡고등학교,2,중식,20250903,800.00,친환경흑미밥 <br/>육개장 (1.5.6.16)<br/>시금치나물 <br/>미트볼데리야끼볶음 (1.2.5.6.10.13.15.16)<br/>애호박볶음 <br/>가자미순살튀김 (6)<br/>석박지 (9)<br/>십원빵 (1.2.5.6.16),쇠고기(종류) : 국내산(한우)<br/>쇠고기 식육가공품 : 국내산<br/>돼지고기 식육가공품 : 국내산<br/>쌀 : 국내산<br/>배추 : 국내산<br/>고춧가루 : 국내산<br/>비고 : 가자미살:미국산,884.7 Kcal,탄수화물(g) : 109.8<br/>단백질(g) : 42.3<br/>지방(g) : 28.0<br/>비타민A(R.E) : 237.2<br/>티아민(mg) : 0.5<br/>리보플라빈(mg) : 1.0<br/>비타민C(mg) : 25.7<br/>칼슘(mg) : 258.7<br/>철분(mg) : 6.6,20250910
B10,서울특별시교육청,7010073,당곡고등학교,2,중식,20250904,800.00,친환경보리밥 <br/>곰탕 (1.5.16)<br/>온두부&김치볶음 (5.9.13)<br/>부추해물전 (1.5.6)<br/>석박지 (9)<br/>포도 ,쇠고기(종류) : 국내산(한우)<br/>쌀 : 국내산<br/>배추 : 국내산<br/>고춧가루 : 국내산<br/>콩 가공품 : 두부(콩):외국산,802.4 Kcal,탄수화물(g) : 116.9<br/>단백질(g) : 31.4<br/>지방(g) : 22.2<br/>비타민A(R.E) : 76.4<br/>티아민(mg) : 0.3<br/>리보플라빈(mg) : 0.6<br/>비타민C(mg) : 10.5<br/>칼슘(mg) : 304.6<br/>철분(mg) : 5.0,20250911
B10,서울특별시교육청,7010073,당곡고등학교,2,중식,20250905,800.00,추가밥 <br/>토마토스파게티 (1.2.5.6.10.12.13.16)<br/>양송이스프 (2.5.6.13.16)<br/>치킨샐러드&허니머스터드S (1.2.5.6.15.16)<br/>삼색피클 <br/>망고우유빙수 (2),"돼지고기 : 국내산<br/>닭고기 식육가공품 : 국내산<br/>쌀 : 국내산<br/>배추 : 국내산<br/>고춧가루 : 국내산<br/>비고 : 우유(원유):국산, 망고:베트남산",861.6 Kcal,탄수화물(g) : 124.9<br/>단백질(g) : 33.5<br/>지방(g) : 25.7<br/>비타민A(R.E) : 308.9<br/>티아민(mg) : 0.6<br/>리보플라빈(mg) : 0.5<br/>비타민C(mg) : 13.8<br/>칼슘(mg) : 363.3<br/>철분(mg) : 3.8,20250912
B10,서울특별시교육청,7010073,당곡고등학교,2,중식,20250908,810.00,친환경현미밥 <br/>햄찌개 (1.2.5.6.9.10.15.16)<br/>브로콜리무침 <br/>치즈떡닭갈비 (2.6.13.15)<br/>잔멸치볶음 (13)<br/>석박지 (9)<br/>초콜릿칩쿠키 (1.2.5.6),돼지고기 : 국내산<br/>돼지고기 식육가공품 : 국내산<br/>닭고기 : 국내산<br/>쌀 : 국내산<br/>쌀 가공품 : 떡(멥쌀):국산<br/>배추 : 국내산<br/>고춧가루 : 국내산<br/>비고 : 지리멸치:국산,827.8 Kcal,탄수화물(g) : 100.5<br/>단백질(g) : 50.0<br/>지방(g) : 24.1<br/>비타민A(R.E) : 182.8<br/>티아민(mg) : 0.7<br/>리보플라빈(mg) : 0.5<br/>비타민C(mg) : 33.4<br/>칼슘(mg) : 277.7<br/>철분(mg) : 3.5,20250915
B10,서울특별시교육청,7010073,당곡고등학교,2,중식,20250909,800.00,비건햄김치볶음밥 (5.6.9)<br/>파송송달걀국 (1.5.6.13)<br/>숙주나물무침 <br/>채어묵볶음 (1.5.6.13.18)<br/>두부카츠&돈가스소스 (5.6.12.16.18)<br/>깍두기 (9)<br/>과일생크림모찌 (2.5.6),"쌀 : 국내산<br/>쌀 가공품 : 떡(멥쌀,찹쌀):국산<br/>배추 : 국내산<br/>고춧가루 : 국내산<br/>콩 가공품 : 비건햄(콩):중국산, 두부카츠(콩):국산<br/>비고 : 어묵(연육):외국산",813.0 Kcal,탄수화물(g) : 125.6<br/>단백질(g) : 29.3<br/>지방(g) : 21.2<br/>비타민A(R.E) : 101.8<br/>티아민(mg) : 0.3<br/>리보플라빈(mg) : 0.3<br/>비타민C(mg) : 25.4<br/>칼슘(mg) : 232.0<br/>철분(mg) : 2.5,20250916
B10,서울특별시교육청,7010073,당곡고등학교,2,중식,20250910,800.00,친환경보리밥 <br/>우렁된장찌개 (5.6)<br/>파채무침 (13)<br/>삼겹살구이 (10.13)<br/>배추김치 (9)<br/>오이&쌈장 (5.6)<br/>꿀자몽블랙티 ,돼지고기 : 국내산<br/>쌀 : 국내산<br/>배추 : 국내산<br/>고춧가루 : 국내산<br/>콩 가공품 : 두부(콩):외국산<br/>우렁쉥이 : 우렁살:국산,853.5 Kcal,탄수화물(g) : 49.3<br/>단백질(g) : 32.5<br/>지방(g) : 56.4<br/>비타민A(R.E) : 74.7<br/>티아민(mg) : 1.0<br/>리보플라빈(mg) : 0.7<br/>비타민C(mg) : 37.6<br/>칼슘(mg) : 396.9<br/>철분(mg) : 4.5,20250917
B10,서울특별시교육청,7010073,당곡고등학교,2,중식,20250911,800.00,"소고기우엉볶음밥 (5.6.13.16)<br/>김치국 (5.6.9.13)<br/>오징어초무침(무x,부찬) (6.17)<br/>미니돈가스&파채 (5.6.10.13.16)<br/>배식용김 <br/>깍두기 (9)<br/>애플망고주스 ",쇠고기(종류) : 국내산(한우)<br/>돼지고기 식육가공품 : 국내산<br/>쌀 : 국내산<br/>배추 : 국내산<br/>고춧가루 : 국내산<br/>오징어 : 국내산<br/>비고 : 김:국산,764.4 Kcal,탄수화물(g) : 92.4<br/>단백질(g) : 25.2<br/>지방(g) : 30.9<br/>비타민A(R.E) : 126.9<br/>티아민(mg) : 0.3<br/>리보플라빈(mg) : 0.4<br/>비타민C(mg) : 15.6<br/>칼슘(mg) : 258.3<br/>철분(mg) : 3.5,20250918
B10,서울특별시교육청,7010073,당곡고등학교,2,중식,20250912,800.00,추가밥 <br/>김치어묵우동(대) (5.6.9.13)<br/>메추리알카레조림 (1.2.5.6.12.13.16.18)<br/>새우튀김 (1.5.6.9.12.13)<br/>깍두기 (9)<br/>토마토카프레제 (1.2.5.6.12),"쌀 : 국내산<br/>배추 : 국내산<br/>고춧가루 : 국내산<br/>비고 : 어묵(연육):외국산, 새우튀김(흰다리새우):베트남산,메추리알:국산",816.5 Kcal,탄수화물(g) : 122.5<br/>단백질(g) : 29.8<br/>지방(g) : 21.6<br/>비타민A(R.E) : 211.0<br/>티아민(mg) : 0.4<br/>리보플라빈(mg) : 0.5<br/>비타민C(mg) : 11.6<br/>칼슘(mg) : 341.3<br/>철분(mg) : 3.9,20250919
B10,서울특별시교육청,7010073,당곡고등학교,2,중식,20250915,813.00,친환경칼슘기장밥 <br/>쇠고기무국 (5.6.16)<br/>돈육고추장볶음 (5.6.10.13)<br/>삼치구이 <br/>배추김치 (9)<br/>우리밀약과 (6)<br/>양배추쌈/저염쌈장 (5.6),쇠고기(종류) : 국내산(한우)<br/>돼지고기 : 국내산<br/>쌀 : 국내산<br/>배추 : 국내산<br/>고춧가루 : 국내산<br/>비고 : 삼치살:국산,859.3 Kcal,탄수화물(g) : 106.2<br/>단백질(g) : 56.6<br/>지방(g) : 20.3<br/>비타민A(R.E) : 98.1<br/>티아민(mg) : 1.3<br/>리보플라빈(mg) : 0.8<br/>비타민C(mg) : 18.4<br/>칼슘(mg) : 146.7<br/>철분(mg) : 4.3,20250922
B10,서울특별시교육청,7010073,당곡고등학교,2,중식,20250916,800.00,주꾸미야채비빔밥 (5.6.13)<br/>맑은콩나물국 (5.6.13)<br/>야채달걀찜 (1.9)<br/>고구마맛탕 (13)<br/>배추김치 (9)<br/>연근부각 (1.5.6),쌀 : 국내산<br/>배추 : 국내산<br/>고춧가루 : 국내산<br/>주꾸미 : 중국산,852.4 Kcal,탄수화물(g) : 150.8<br/>단백질(g) : 35.7<br/>지방(g) : 9.8<br/>비타민A(R.E) : 211.1<br/>티아민(mg) : 0.5<br/>리보플라빈(mg) : 0.6<br/>비타민C(mg) : 12.1<br/>칼슘(mg) : 288.0<br/>철분(mg) : 5.4,20250923
B10,서울특별시교육청,7010073,당곡고등학교,2,중식,20250917,800.00,친환경흑미밥 <br/>순대국 (2.5.6.10.13.16)<br/>매운어묵꼬치(소스) (1.5.6.13)<br/>부추무침 (13)<br/>생선까스&콘소스 (1.2.5.6.13)<br/>석박지 (9)<br/>청포도주스 (2.11),"돼지고기 : 국내산<br/>쌀 : 국내산<br/>배추 : 국내산<br/>고춧가루 : 국내산<br/>비고 : 생선까스(민대구):국산, 순대(돼지소창등):국산, 어묵(연육):외국산",842.5 Kcal,탄수화물(g) : 112.7<br/>단백질(g) : 36.7<br/>지방(g) : 25.8<br/>비타민A(R.E) : 108.0<br/>티아민(mg) : 0.6<br/>리보플라빈(mg) : 0.5<br/>비타민C(mg) : 5.6<br/>칼슘(mg) : 254.3<br/>철분(mg) : 5.3,20250924
B10,서울특별시교육청,7010073,당곡고등학교,2,중식,20250918,800.00,친환경잡곡밥 (5)<br/>참치김치찌개 (5.6.9.13)<br/>간장찜닭 (5.6.13.15)<br/>도토리묵무침 (5.6.13)<br/>소시지야채볶음 (2.5.6.10.12.13.15.16.18)<br/>총각김치 (9)<br/>아이스망고 ,"돼지고기 : <br/>돼지고기 식육가공품 : 국내산<br/>닭고기 : 국내산<br/>쌀 : 국내산<br/>배추 : 국내산<br/>고춧가루 : 국내산<br/>비고 : 참치:원양산, 도토리묵:중국산, 아이스망고:베트남산",856.4 Kcal,탄수화물(g) : 98.5<br/>단백질(g) : 59.4<br/>지방(g) : 23.8<br/>비타민A(R.E) : 231.0<br/>티아민(mg) : 0.7<br/>리보플라빈(mg) : 1.0<br/>비타민C(mg) : 42.8<br/>칼슘(mg) : 273.2<br/>철분(mg) : 4.7,20250925
B10,서울특별시교육청,7010073,당곡고등학교,2,중식,20250919,800.00,잡채밥 (5.6.13)<br/>짬뽕국 (5.6.9.13.17.18)<br/>실곤약야채무침(초) (5.6.13)<br/>흑임자탕수육&소스 (1.5.6.10.12.13)<br/>배추김치 (9)<br/>조각파인애플 ,"돼지고기 식육가공품 : 국내산<br/>쌀 : 국내산<br/>배추 : 국내산<br/>고춧가루 : 국내산<br/>오징어 : 국내산<br/>비고 : 홍합살:국산, 실곤약:중국산",780.3 Kcal,탄수화물(g) : 133.1<br/>단백질(g) : 22.7<br/>지방(g) : 17.2<br/>비타민A(R.E) : 153.6<br/>티아민(mg) : 0.4<br/>리보플라빈(mg) : 0.9<br/>비타민C(mg) : 30.8<br/>칼슘(mg) : 195.6<br/>철분(mg) : 10.7,20250926
B10,서울특별시교육청,7010073,당곡고등학교,2,중식,20250922,813.00,참치마요구운주먹밥 (1.2.5.6.16)<br/>볼어묵국 (1.2.5.6.7.13.18)<br/>야채튀김 (5.6.16)<br/>배추김치 (9)<br/>과일맛음료 (2.5)<br/>로제분모자떡볶이 (2.5.6.10.12.13.15.16)<br/>양배추샐러드&사우전D (1.2.5.6),쌀 : 국내산<br/>쌀 가공품 : 국내산<br/>배추 : 국내산<br/>고춧가루 : 국내산<br/>비고 : 볼어묵(연육):외국산,1054.1 Kcal,탄수화물(g) : 166.9<br/>단백질(g) : 21.9<br/>지방(g) : 33.9<br/>비타민A(R.E) : 159.7<br/>티아민(mg) : 1.1<br/>리보플라빈(mg) : 0.5<br/>비타민C(mg) : 42.0<br/>칼슘(mg) : 194.4<br/>철분(mg) : 6.8,20250929
B10,서울특별시교육청,7010073,당곡고등학교,2,중식,20250923,800.00,친환경현미밥 <br/>북어국 (1.5.6.13)<br/>매콤콩나물무침 (5)<br/>진미채고추장볶음 (6.13.17)<br/>닭볶음탕 (5.6.13.15)<br/>배추김치 (9)<br/>포테이토치즈스틱 (1.2.5.6.12),닭고기 : 국내산<br/>쌀 : 국내산<br/>배추 : 국내산<br/>고춧가루 : 국내산<br/>오징어 수산가공품 : 진미채:페루산<br/>비고 : 포테이토치즈스틱(감자):미국산,874.0 Kcal,탄수화물(g) : 136.1<br/>단백질(g) : 58.8<br/>지방(g) : 7.8<br/>비타민A(R.E) : 200.8<br/>티아민(mg) : 0.7<br/>리보플라빈(mg) : 1.0<br/>비타민C(mg) : 9.5<br/>칼슘(mg) : 178.4<br/>철분(mg) : 3.7,20250930
B10,서울특별시교육청,7010073,당곡고등학교,2,중식,20250924,800.00,단호박카레라이스 (2.5.6.10.12.13.16.18)<br/>고명장국 (1.2.5.6.9.13)<br/>두부쑥갓나물 (5)<br/>매운닭장각구이 (5.6.12.13.15)<br/>배추김치 (9)<br/>요구르트 (2),돼지고기 : 국내산<br/>닭고기 : 국내산<br/>쌀 : 국내산<br/>배추 : 국내산<br/>고춧가루 : 국내산<br/>콩 가공품 : 두부(콩):외국산,769.3 Kcal,탄수화물(g) : 105.4<br/>단백질(g) : 36.7<br/>지방(g) : 21.4<br/>비타민A(R.E) : 284.6<br/>티아민(mg) : 0.7<br/>리보플라빈(mg) : 0.5<br/>비타민C(mg) : 14.0<br/>칼슘(mg) : 203.0<br/>철분(mg) : 2.9,20251001
B10,서울특별시교육청,7010073,당곡고등학교,2,중식,20250925,800.00,장어덮밥 (1.5.6.13.16.18)<br/>불마요들기름메밀국수 (3.5.6.13)<br/>유부미소국 (5.6)<br/>미역줄기볶음 <br/>석박지 (9)<br/>조각파인애플 ,"쌀 : 국내산<br/>배추 : 국내산<br/>고춧가루 : 국내산<br/>콩 가공품 : 두부(콩):외국산, 유부(콩):외국산<br/>뱀장어 수산가공품 : 장어:외국산",877.5 Kcal,탄수화물(g) : 114.0<br/>단백질(g) : 45.5<br/>지방(g) : 25.0<br/>비타민A(R.E) : 116.8<br/>티아민(mg) : 0.3<br/>리보플라빈(mg) : 0.9<br/>비타민C(mg) : 22.7<br/>칼슘(mg) : 295.2<br/>철분(mg) : 6.4,20251002
B10,서울특별시교육청,7010073,당곡고등학교,2,중식,20251013,815.00,칼슘강화기장밥 <br/>쇠고기미역국 (5.6.16)<br/>돈육고추장불고기 (6.10.13)<br/>야채달걀말이 (1)<br/>총각김치 (9)<br/>양배추쌈/저염쌈장 (5.6)<br/>10월생일후식 (1.2.5.6),쇠고기(종류) : 국내산(한우)<br/>돼지고기 : 국내산<br/>쌀 : 국내산<br/>배추 : 국내산<br/>고춧가루 : 국내산,865.3 Kcal,탄수화물(g) : 91.1<br/>단백질(g) : 42.8<br/>지방(g) : 35.0<br/>비타민A(R.E) : 252.8<br/>티아민(mg) : 0.9<br/>리보플라빈(mg) : 0.7<br/>비타민C(mg) : 17.1<br/>칼슘(mg) : 256.2<br/>철분(mg) : 4.6,20251020
B10,서울특별시교육청,7010073,당곡고등학교,2,중식,20251014,800.00,해물순두부찌개 (1.5.6.17.18)<br/>곤드레나물밥&양념장 (5.6.13)<br/>볶음낙지소면 (5.6.9.13.17.18)<br/>타코야끼 (1.2.5.6.10.13.15.16.18)<br/>배추김치 (9)<br/>포도 ,"쌀 : 국내산<br/>배추 : 국내산<br/>고춧가루 : 국내산<br/>콩 가공품 : 대두(순두부):외국산<br/>낙지 : 중국산<br/>오징어 : 국내산(원양)<br/>비고 : 바지락살:국산, 타코야끼:중국산",854.6 Kcal,탄수화물(g) : 98.1<br/>단백질(g) : 53.4<br/>지방(g) : 24.9<br/>비타민A(R.E) : 243.6<br/>티아민(mg) : 0.7<br/>리보플라빈(mg) : 0.8<br/>비타민C(mg) : 11.7<br/>칼슘(mg) : 266.6<br/>철분(mg) : 6.9,20251021
B10,서울특별시교육청,7010073,당곡고등학교,2,중식,20251015,800.00,친환경현미밥 <br/>얼큰북어국 (5.6.9.13)<br/>간장찜닭 (5.6.13.15)<br/>깻잎순나물 <br/>떡꼬치&소스 (5.6.12.13)<br/>배추김치 (9)<br/>액상요구르트 (2),닭고기 : 국내산<br/>쌀 : 국내산<br/>쌀 가공품 : 떡꼬치(멥쌀):국산<br/>배추 : 국내산<br/>고춧가루 : 국내산<br/>꽃게 : <br/>비고 : 북어채:러시아산,869.7 Kcal,탄수화물(g) : 134.0<br/>단백질(g) : 56.2<br/>지방(g) : 10.1<br/>비타민A(R.E) : 296.0<br/>티아민(mg) : 0.6<br/>리보플라빈(mg) : 1.0<br/>비타민C(mg) : 9.3<br/>칼슘(mg) : 359.9<br/>철분(mg) : 4.1,20251022
B10,서울특별시교육청,7010073,당곡고등학교,2,중식,20251016,800.00,칼슘강화귀리밥 <br/>비빔국수 (5.6.9.13.16)<br/>오징어무국 (17)<br/>삼겹살구이 (10.13)<br/>보쌈김치 (9)<br/>오이&쌈장 (5.6)<br/>아이스망고 ,돼지고기 : 국내산<br/>쌀 : 국내산<br/>배추 : 국내산<br/>고춧가루 : 국내산<br/>오징어 : 국내산(원양)<br/>비고 : 아이스망고:베트남산,860.1 Kcal,탄수화물(g) : 86.9<br/>단백질(g) : 41.1<br/>지방(g) : 36.0<br/>비타민A(R.E) : 200.9<br/>티아민(mg) : 1.0<br/>리보플라빈(mg) : 0.7<br/>비타민C(mg) : 20.6<br/>칼슘(mg) : 197.6<br/>철분(mg) : 3.2,20251023
B10,서울특별시교육청,7010073,당곡고등학교,2,중식,20251017,800.00,추가밥 <br/>한우쌀국수 (5.6.15.16.18)<br/>도토리묵무침 (5.6.13)<br/>뱅글뱅글소세지 (1.2.5.6.10.15.16.18)<br/>배추김치 (9)<br/>아이스크림 (2.5.6),쇠고기(종류) : 국내산(한우)<br/>돼지고기 식육가공품 : 국내산<br/>쌀 : 국내산<br/>배추 : 국내산<br/>고춧가루 : 국내산<br/>비고 : 도토리묵:중국산,849.0 Kcal,탄수화물(g) : 123.6<br/>단백질(g) : 26.9<br/>지방(g) : 29.1<br/>비타민A(R.E) : 193.9<br/>티아민(mg) : 0.5<br/>리보플라빈(mg) : 0.8<br/>비타민C(mg) : 15.4<br/>칼슘(mg) : 352.7<br/>철분(mg) : 2.9,20251024
B10,서울특별시교육청,7010073,당곡고등학교,2,중식,20251020,815.00,칼슘강화기장밥 <br/>조랭이떡국 (1.5.6.13.16)<br/>무생채 (13)<br/>사과 <br/>김치볶음 (9.13)<br/>돈육불백 (5.6.10.12.13)<br/>온두부 (5),돼지고기 : 국내산<br/>쌀 : 국내산<br/>쌀 가공품 : 조랭이떡(멥쌀):국산<br/>배추 : 국내산<br/>고춧가루 : 국내산<br/>콩 가공품 : 두부(대두):국산,856.3 Kcal,탄수화물(g) : 110.4<br/>단백질(g) : 54.3<br/>지방(g) : 20.2<br/>비타민A(R.E) : 91.3<br/>티아민(mg) : 1.2<br/>리보플라빈(mg) : 0.9<br/>비타민C(mg) : 10.4<br/>칼슘(mg) : 229.7<br/>철분(mg) : 4.6,20251027
B10,서울특별시교육청,7010073,당곡고등학교,2,중식,20251021,800.00,친환경현미밥 <br/>닭다리닭곰탕 (13.15)<br/>군만두&양념장 (1.5.6.10.13.16.18)<br/>진미채야채무침 (6.13.17)<br/>애호박새우젓볶음 (9)<br/>석박지 (9)<br/>요구르트 (2),돼지고기 식육가공품 : 국내산<br/>닭고기 : 국내산<br/>쌀 : 국내산<br/>배추 : 국내산<br/>고춧가루 : 국내산<br/>오징어 수산가공품 : 진미채:페루산,862.6 Kcal,탄수화물(g) : 115.5<br/>단백질(g) : 42.5<br/>지방(g) : 23.6<br/>비타민A(R.E) : 178.2<br/>티아민(mg) : 0.9<br/>리보플라빈(mg) : 0.8<br/>비타민C(mg) : 8.4<br/>칼슘(mg) : 271.7<br/>철분(mg) : 6.0,20251028
B10,서울특별시교육청,7010073,당곡고등학교,2,중식,20251022,330.00,칼슘강화기장밥 <br/>얼큰콩나물국 (5)<br/>수육 (5.6.10)<br/>배추겉절이 (13)<br/>무말랭이장아찌 <br/>오징어부추전 (1.6.17),돼지고기 : 국내산<br/>쌀 : 국내산<br/>배추 : 국내산<br/>고춧가루 : 국내산<br/>오징어 : 국내산(원양),842.9 Kcal,탄수화물(g) : 94.3<br/>단백질(g) : 64.5<br/>지방(g) : 21.3<br/>비타민A(R.E) : 157.2<br/>티아민(mg) : 1.4<br/>리보플라빈(mg) : 1.0<br/>비타민C(mg) : 12.0<br/>칼슘(mg) : 317.0<br/>철분(mg) : 5.2,20251029
B10,서울특별시교육청,7010073,당곡고등학교,2,중식,20251023,330.00,칼슘강화기장밥 <br/>얼큰쇠고기무국 (16)<br/>돈까스샐러드(허니소스) (1.2.5.6.10)<br/>볼어묵볶음 (1.5.6.13.18)<br/>궁채나물들깨볶음 <br/>깍두기 (9)<br/>조각파인애플 ,쇠고기(종류) : 국내산(한우)<br/>돼지고기 식육가공품 : 국내산<br/>쌀 : 국내산<br/>배추 : 국내산<br/>고춧가루 : 국내산<br/>비고 : 어묵(연육):외국산,852.5 Kcal,탄수화물(g) : 107.4<br/>단백질(g) : 22.3<br/>지방(g) : 36.8<br/>비타민A(R.E) : 76.7<br/>티아민(mg) : 0.3<br/>리보플라빈(mg) : 0.3<br/>비타민C(mg) : 29.4<br/>칼슘(mg) : 207.9<br/>철분(mg) : 2.9,20251030
B10,서울특별시교육청,7010073,당곡고등학교,2,중식,20251024,330.00,추가밥 <br/>마라탕 (2.5.6.12.13.16.18)<br/>청경채&두반장소스 (5.6.12.13.18)<br/>꼬들단무지무침 <br/>꿔바로우&소스 (2.5.6.10.12.16)<br/>배추김치 (9)<br/>젤리 ,"쇠고기(종류) : 국내산(한우)<br/>돼지고기 식육가공품 : 국내산<br/>쌀 : 국내산<br/>쌀 가공품 : 고구마떡(멥쌀):외국산, 치즈떡(멥쌀):국산<br/>배추 : 국내산<br/>고춧가루 : 국내산<br/>콩 가공품 : 포두부(대두):외국산",862.1 Kcal,탄수화물(g) : 143.1<br/>단백질(g) : 21.6<br/>지방(g) : 22.3<br/>비타민A(R.E) : 78.2<br/>티아민(mg) : 0.4<br/>리보플라빈(mg) : 0.6<br/>비타민C(mg) : 16.8<br/>칼슘(mg) : 203.2<br/>철분(mg) : 12.0,20251031
B10,서울특별시교육청,7010073,당곡고등학교,2,중식,20251027,815.00,친환경흑미밥 <br/>두부된장찌개 (5.6.13)<br/>매콤콩나물무침 (5)<br/>제육볶음 (6.10.13)<br/>뿌리채소고구마맛탕 (5.6.13)<br/>배추김치 (9)<br/>귤 ,돼지고기 : 국내산<br/>쌀 : 국내산<br/>배추 : 국내산<br/>고춧가루 : 국내산<br/>콩 가공품 : 두부(대두):외국산,826.5 Kcal,탄수화물(g) : 135.2<br/>단백질(g) : 39.9<br/>지방(g) : 13.5<br/>비타민A(R.E) : 160.2<br/>티아민(mg) : 1.3<br/>리보플라빈(mg) : 0.5<br/>비타민C(mg) : 32.1<br/>칼슘(mg) : 234.7<br/>철분(mg) : 3.5,20251103
B10,서울특별시교육청,7010073,당곡고등학교,2,중식,20251028,800.00,김밥맛볶음밥 (1.5.6.8)<br/>고명유부국 (1.2.5.6.9.13)<br/>삼치무조림 (5.6.13)<br/>깻잎지 (9)<br/>오꼬노미야끼 (1.5.6.10.17)<br/>배추김치 (9)<br/>스위티자몽주스 (2),"쌀 : 국내산<br/>배추 : 국내산<br/>고춧가루 : 국내산<br/>콩 가공품 : 비건햄(대두):중국산, 유부(대두):외국산<br/>오징어 : 국내산(원양)<br/>비고 : 삼치살:국산",852.0 Kcal,탄수화물(g) : 129.6<br/>단백질(g) : 36.0<br/>지방(g) : 19.2<br/>비타민A(R.E) : 225.4<br/>티아민(mg) : 0.6<br/>리보플라빈(mg) : 1.0<br/>비타민C(mg) : 53.3<br/>칼슘(mg) : 267.8<br/>철분(mg) : 4.3,20251104
B10,서울특별시교육청,7010073,당곡고등학교,2,중식,20251029,800.00,"친환경잡곡밥 (5)<br/>참치김치찌개 (5.6.9.13)<br/>오리훈제&머스터드 (1.2.5.6)<br/>브로컬리,오징어숙회&초장 (6.17)<br/>총각김치 (9)<br/>더티초코크로와상 (1.2.5.6.13)",오리고기 가공품 : 국내산<br/>쌀 : 국내산<br/>배추 : 국내산<br/>고춧가루 : 국내산<br/>오징어 : 국내산(원양)<br/>비고 : 참치(가다랑어):원양산,865.3 Kcal,탄수화물(g) : 57.2<br/>단백질(g) : 45.4<br/>지방(g) : 49.8<br/>비타민A(R.E) : 103.0<br/>티아민(mg) : 0.5<br/>리보플라빈(mg) : 0.6<br/>비타민C(mg) : 36.2<br/>칼슘(mg) : 208.0<br/>철분(mg) : 2.5,20251105
B10,서울특별시교육청,7010073,당곡고등학교,2,중식,20251030,800.00,카레라이스 (2.5.6.10.12.13.16.18)<br/>파송송달걀국 (1.5.6.13)<br/>타워함박스테이크 (1.2.5.6.10.12.13.15.16)<br/>배추김치 (9)<br/>시리얼/흰우유 (2.5.6)<br/>블루베리샐러드(요거D) (1.2.5.6.12),쇠고기 식육가공품 : 국내산<br/>돼지고기 : 국내산<br/>돼지고기 식육가공품 : 국내산<br/>쌀 : 국내산<br/>배추 : 국내산<br/>고춧가루 : 국내산<br/>비고 : 우유(원유):국산,879.1 Kcal,탄수화물(g) : 119.7<br/>단백질(g) : 37.2<br/>지방(g) : 27.4<br/>비타민A(R.E) : 844.8<br/>티아민(mg) : 3.4<br/>리보플라빈(mg) : 1.2<br/>비타민C(mg) : 48.2<br/>칼슘(mg) : 536.1<br/>철분(mg) : 6.6,20251106
B10,서울특별시교육청,7010073,당곡고등학교,2,중식,20251031,800.00,칼슘강화기장밥 <br/>건새우아욱국 (5.6.9)<br/>브로콜리무침 <br/>파채소불고기 (5.6.13.16)<br/>버섯잡채 (5.6.13)<br/>배추김치 (9)<br/>찹쌀호떡&아이스크림 (1.2.5.6),쇠고기(종류) : 국내산(한우)<br/>쌀 : 국내산<br/>배추 : 국내산<br/>고춧가루 : 국내산<br/>비고 : 꽃새우:국산,918.9 Kcal,탄수화물(g) : 111.8<br/>단백질(g) : 42.8<br/>지방(g) : 32.9<br/>비타민A(R.E) : 224.4<br/>티아민(mg) : 0.4<br/>리보플라빈(mg) : 1.1<br/>비타민C(mg) : 30.3<br/>칼슘(mg) : 321.4<br/>철분(mg) : 7.2,20251107
B10,서울특별시교육청,7010073,당곡고등학교,2,중식,20251103,810.00,친환경칼슘기장밥 <br/>잔치국수 (1.5.6.13)<br/>시금치나물 <br/>돈육불백 (5.6.10.12.13)<br/>오징어김치전 (1.5.6)<br/>배추김치 (9)<br/>과일생크림찹쌀떡 (2.5.6),"돼지고기 : 국내산<br/>쌀 : 국내산<br/>쌀 가공품 : 찹쌀떡(멥쌀,찹쌀):국산<br/>배추 : 국내산<br/>고춧가루 : 국내산<br/>오징어 수산가공품 : 국내산",866.5 Kcal,탄수화물(g) : 121.9<br/>단백질(g) : 53.0<br/>지방(g) : 15.9<br/>비타민A(R.E) : 171.2<br/>티아민(mg) : 1.2<br/>리보플라빈(mg) : 0.8<br/>비타민C(mg) : 18.1<br/>칼슘(mg) : 232.7<br/>철분(mg) : 4.0,20251110
B10,서울특별시교육청,7010073,당곡고등학교,2,중식,20251104,810.00,나물비빔밥*고추장 (5.6.13)<br/>미소국 (5.6)<br/>불닭팽이버섯 (5.6.13)<br/>사과 <br/>새우가스&타르s (1.2.5.6.9.13)<br/>배추김치 (9),쌀 : 국내산<br/>배추 : 국내산<br/>고춧가루 : 국내산<br/>콩 가공품 : 두부(대두):외국산<br/>비고 : 새우까스(새우):베트남산,792.8 Kcal,탄수화물(g) : 121.3<br/>단백질(g) : 21.1<br/>지방(g) : 26.0<br/>비타민A(R.E) : 130.6<br/>티아민(mg) : 0.3<br/>리보플라빈(mg) : 0.5<br/>비타민C(mg) : 6.3<br/>칼슘(mg) : 240.3<br/>철분(mg) : 3.3,20251111
B10,서울특별시교육청,7010073,당곡고등학교,2,중식,20251105,810.00,순살양념치밥 (5.6.12.13.15)<br/>고명유부국 (1.2.5.6.9.13)<br/>브로콜리무침 <br/>오꼬노미야끼 (1.5.6.10.17)<br/>배추김치 (9)<br/>방울토마토 (12),닭고기 : 국내산<br/>쌀 : 국내산<br/>배추 : 국내산<br/>고춧가루 : 국내산<br/>콩 가공품 : 유부(대두):외국산<br/>오징어 : 국내산,787.6 Kcal,탄수화물(g) : 98.6<br/>단백질(g) : 62.7<br/>지방(g) : 13.9<br/>비타민A(R.E) : 127.2<br/>티아민(mg) : 0.6<br/>리보플라빈(mg) : 0.5<br/>비타민C(mg) : 26.2<br/>칼슘(mg) : 128.8<br/>철분(mg) : 3.3,20251112
B10,서울특별시교육청,7010073,당곡고등학교,2,중식,20251106,810.00,친환경잡곡밥 (5)<br/>얼큰콩나물국 (5.6.13)<br/>감자참치조림 (5.6.13.18)<br/>간장찜닭 (5.6.13.15)<br/>오이새콤무침 (13)<br/>배추김치 (9)<br/>블루레몬에이드 ,닭고기 : 국내산<br/>쌀 : 국내산<br/>배추 : 국내산<br/>고춧가루 : 국내산<br/>비고 : 참치(가다랑어):원양산,851.6 Kcal,탄수화물(g) : 140.3<br/>단백질(g) : 51.6<br/>지방(g) : 8.1<br/>비타민A(R.E) : 155.6<br/>티아민(mg) : 0.5<br/>리보플라빈(mg) : 0.9<br/>비타민C(mg) : 17.6<br/>칼슘(mg) : 231.6<br/>철분(mg) : 4.6,20251113
B10,서울특별시교육청,7010073,당곡고등학교,2,중식,20251107,810.00,친환경현미밥 <br/>얼갈이된장국 (5.6.13)<br/>달걀장조림 (1.5.6.13)<br/>깻잎지 (9)<br/>제육볶음 (6.10.13)<br/>배추김치 (9)<br/>단팥찐빵 (2.5.6),돼지고기 : 국내산<br/>쌀 : 국내산<br/>배추 : 국내산<br/>고춧가루 : 국내산,831.5 Kcal,탄수화물(g) : 118.8<br/>단백질(g) : 50.5<br/>지방(g) : 14.5<br/>비타민A(R.E) : 237.8<br/>티아민(mg) : 1.3<br/>리보플라빈(mg) : 0.8<br/>비타민C(mg) : 15.8<br/>칼슘(mg) : 284.9<br/>철분(mg) : 4.5,20251114
B10,서울특별시교육청,7010073,당곡고등학교,2,중식,20251110,810.00,스팸마요덮밥 (1.5.6.10.13.18)<br/>가쓰오브시국 (5.6.9.13)<br/>진미채야채무침 (6.17)<br/>떡볶이 (2.5.6.12.13.16.18)<br/>깍두기 (9)<br/>골드키위 ,"돼지고기 식육가공품 : 국내산<br/>쌀 : 국내산<br/>배추 : 국내산<br/>고춧가루 : 국내산<br/>콩 가공품 : 유부(대두):외국산<br/>오징어 수산가공품 : 진미채(오징어):페루산<br/>비고 : 연육:외국산(베트남,미국,중국)",752.8 Kcal,탄수화물(g) : 104.0<br/>단백질(g) : 28.8<br/>지방(g) : 24.3<br/>비타민A(R.E) : 166.3<br/>티아민(mg) : 0.5<br/>리보플라빈(mg) : 0.4<br/>비타민C(mg) : 53.4<br/>칼슘(mg) : 142.5<br/>철분(mg) : 3.2,20251117
B10,서울특별시교육청,7010073,당곡고등학교,2,중식,20251111,810.00,추가밥 <br/>누룽지닭죽 (15)<br/>도토리묵무침 (5.6.13)<br/>김치메밀전병 (2.3.5.6.16.18)<br/>오이지무침 <br/>동치미 (9)<br/>행운초콜릿 (2.5),돼지고기 식육가공품 : 국내산<br/>닭고기 : 국내산<br/>쌀 : 국내산<br/>배추 : 국내산<br/>고춧가루 : 국내산<br/>비고 : 도토리묵:중국산,854.7 Kcal,탄수화물(g) : 76.0<br/>단백질(g) : 49.6<br/>지방(g) : 36.8<br/>비타민A(R.E) : 170.3<br/>티아민(mg) : 0.6<br/>리보플라빈(mg) : 0.5<br/>비타민C(mg) : 3.4<br/>칼슘(mg) : 119.2<br/>철분(mg) : 2.8,20251118
B10,서울특별시교육청,7010073,당곡고등학교,2,중식,20251114,544.00,추가밥 <br/>토마토스파게티 (1.2.5.6.10.12.13.16)<br/>소시지토스트 (1.2.5.6.10.12.16)<br/>김치볶음 (9.13)<br/>삼색피클 <br/>시리얼/흰우유 (2.5.6),쇠고기(종류) : <br/>돼지고기 : 국내산<br/>돼지고기 식육가공품 : 국내산<br/>쌀 : 국내산<br/>배추 : 국내산<br/>고춧가루 : 국내산<br/>비고 : 우유(원유):국산,1094.1 Kcal,탄수화물(g) : 180.6<br/>단백질(g) : 33.3<br/>지방(g) : 26.3<br/>비타민A(R.E) : 1373.2<br/>티아민(mg) : 3.0<br/>리보플라빈(mg) : 2.0<br/>비타민C(mg) : 127.5<br/>칼슘(mg) : 373.0<br/>철분(mg) : 7.3,20251121
B10,서울특별시교육청,7010073,당곡고등학교,2,중식,20251117,544.00,칼슘강화기장밥 <br/>쇠고기미역국 (5.6.13.16)<br/>무생채 (13)<br/>치즈떡닭갈비 (2.6.13.15)<br/>두부구이&양념장 (5.6.13)<br/>배추김치 (9)<br/>귤 ,쇠고기(종류) : 국내산(한우)<br/>닭고기 : 국내산<br/>쌀 : 국내산<br/>쌀 가공품 : 치즈떡(멥쌀):국산<br/>배추 : 국내산<br/>고춧가루 : 국내산<br/>콩 가공품 : 두부(대두):국산,866.9 Kcal,탄수화물(g) : 118.7<br/>단백질(g) : 44.6<br/>지방(g) : 23.2<br/>비타민A(R.E) : 205.7<br/>티아민(mg) : 0.7<br/>리보플라빈(mg) : 0.6<br/>비타민C(mg) : 36.0<br/>칼슘(mg) : 288.5<br/>철분(mg) : 4.7,20251124
B10,서울특별시교육청,7010073,당곡고등학교,2,중식,20251118,544.00,친환경보리밥 <br/>참치김치찌개 (5.6.9.13)<br/>건새우마늘쫑볶음 (5.6.9.13)<br/>야채달걀말이 (1)<br/>삼치양념구이 (5.6.13)<br/>총각김치 (9)<br/>초코우유 (2),"쌀 : 국내산<br/>배추 : 국내산<br/>고춧가루 : 국내산<br/>비고 : 삼치:국산, 건새우(꽃새우):국산, 참치:원양산",858.7 Kcal,탄수화물(g) : 108.2<br/>단백질(g) : 49.0<br/>지방(g) : 22.3<br/>비타민A(R.E) : 266.1<br/>티아민(mg) : 0.4<br/>리보플라빈(mg) : 1.3<br/>비타민C(mg) : 8.5<br/>칼슘(mg) : 478.8<br/>철분(mg) : 5.9,20251125
B10,서울특별시교육청,7010073,당곡고등학교,2,중식,20251119,544.00,친환경흑미밥 <br/>순대국 (2.5.6.10.13.16)<br/>부추무침 (13)<br/>고기지짐 (1.2.5.6.10.15.16)<br/>석박지 (9)<br/>조각배 <br/>수제양파고추장아찌 (5.6.18),"돼지고기 : 국내산<br/>돼지고기 식육가공품 : 국내산<br/>쌀 : 국내산<br/>배추 : 국내산<br/>고춧가루 : 국내산<br/>비고 : 순대(돼지소창,내장등):국산",847.0 Kcal,탄수화물(g) : 114.2<br/>단백질(g) : 32.1<br/>지방(g) : 28.6<br/>비타민A(R.E) : 64.9<br/>티아민(mg) : 0.9<br/>리보플라빈(mg) : 0.5<br/>비타민C(mg) : 8.1<br/>칼슘(mg) : 238.8<br/>철분(mg) : 6.2,20251126
B10,서울특별시교육청,7010073,당곡고등학교,2,중식,20251120,544.00,친환경현미밥 <br/>메밀막국수 (2.3.5.6.16)<br/>두부된장찌개 (5.6.13)<br/>수육 (5.6.10)<br/>배추겉절이 (13)<br/>밀감푸딩 <br/>쌈장 (5.6),돼지고기 : 국내산<br/>쌀 : 국내산<br/>배추 : 국내산<br/>고춧가루 : 국내산<br/>콩 가공품 : 두부(대두):외국산,853.5 Kcal,탄수화물(g) : 102.6<br/>단백질(g) : 54.1<br/>지방(g) : 23.9<br/>비타민A(R.E) : 89.4<br/>티아민(mg) : 1.3<br/>리보플라빈(mg) : 0.8<br/>비타민C(mg) : 14.1<br/>칼슘(mg) : 241.1<br/>철분(mg) : 4.4,20251127
B10,서울특별시교육청,7010073,당곡고등학교,2,중식,20251121,544.00,카레라이스 (2.5.6.10.12.13.16.18)<br/>파송송달걀국 (1.5.6.13)<br/>매운어묵볶음 (1.5.6.13)<br/>닭날개오븐구이 (5.6.13.15)<br/>배추김치 (9)<br/>치즈양상추샐러드(발사믹D) (1.2.5.6.12),"돼지고기 : 국내산<br/>닭고기 : 국내산<br/>쌀 : 국내산<br/>배추 : 국내산<br/>고춧가루 : 국내산<br/>비고 : 어묵(연육):베트남,미국,중국",861.5 Kcal,탄수화물(g) : 90.5<br/>단백질(g) : 52.9<br/>지방(g) : 29.6<br/>비타민A(R.E) : 254.4<br/>티아민(mg) : 0.8<br/>리보플라빈(mg) : 0.9<br/>비타민C(mg) : 13.1<br/>칼슘(mg) : 271.4<br/>철분(mg) : 4.3,20251128
B10,서울특별시교육청,7010073,당곡고등학교,2,중식,20251124,701.00,칼슘강화기장밥 <br/>쇠고기무국 (5.6.13.16)<br/>달걀찜 (1.13)<br/>숙주나물무침 <br/>볶음낙지소면 (6.9.13.17.18.5)<br/>배추김치 (9)<br/>미니핫도그&케찹 (1.2.5.6.10.12.16),쇠고기(종류) : 국내산(한우)<br/>돼지고기 : <br/>돼지고기 식육가공품 : 국내산<br/>쌀 : 국내산<br/>배추 : 국내산<br/>고춧가루 : 국내산<br/>낙지 : 중국산,807.1 Kcal,탄수화물(g) : 101.3<br/>단백질(g) : 50.9<br/>지방(g) : 19.3<br/>비타민A(R.E) : 219.1<br/>티아민(mg) : 0.5<br/>리보플라빈(mg) : 0.6<br/>비타민C(mg) : 17.3<br/>칼슘(mg) : 280.8<br/>철분(mg) : 5.9,20251201
B10,서울특별시교육청,7010073,당곡고등학교,2,중식,20251125,700.00,친환경강황밥 <br/>김치어묵국 (5.6.9.13)<br/>청경채겉절이 (13)<br/>돈육고추장불고기 (6.10.13)<br/>떡꼬치&소스 (5.6.12.13)<br/>총각김치 (9)<br/>딸기크림빵 (1.2.5.6),"돼지고기 : 국내산<br/>쌀 : 국내산<br/>쌀 가공품 : 떡(멥쌀):국산<br/>배추 : 국내산<br/>고춧가루 : 국내산<br/>비고 : 어묵(연육):베트남,중국,미국",836.1 Kcal,탄수화물(g) : 127.8<br/>단백질(g) : 41.0<br/>지방(g) : 17.6<br/>비타민A(R.E) : 193.8<br/>티아민(mg) : 1.2<br/>리보플라빈(mg) : 0.5<br/>비타민C(mg) : 15.8<br/>칼슘(mg) : 238.0<br/>철분(mg) : 3.0,20251202
B10,서울특별시교육청,7010073,당곡고등학교,2,중식,20251126,700.00,추가밥 <br/>크루통스프 (2.5.6.13.16)<br/>망고야채샐러드 (1.2.5.6)<br/>실곤약야채무침(초) (5.6.13)<br/>등심돈가스&브라운 (1.2.5.6.10.12.13.16)<br/>깍두기 (9)<br/>핫자몽 ,"돼지고기 식육가공품 : 국내산<br/>쌀 : 국내산<br/>배추 : 국내산<br/>고춧가루 : 국내산<br/>비고 : 실곤약:중국산, 망고:베트남산",858.1 Kcal,탄수화물(g) : 102.8<br/>단백질(g) : 18.9<br/>지방(g) : 41.2<br/>비타민A(R.E) : 111.8<br/>티아민(mg) : 0.3<br/>리보플라빈(mg) : 0.4<br/>비타민C(mg) : 28.7<br/>칼슘(mg) : 192.6<br/>철분(mg) : 3.8,20251203
B10,서울특별시교육청,7010073,당곡고등학교,2,중식,20251127,700.00,친환경현미밥 <br/>순두부찌개 (5.6.9.10.16.17.18)<br/>근대된장무침(자율) (5.6)<br/>오삼불고기 (5.6.10.13.17)<br/>해물완자전 (1.2.5.6.8.9.16.17.18)<br/>깍두기 (9)<br/>츄러스 (1.2.5.6),돼지고기 : 국내산<br/>쌀 : 국내산<br/>배추 : 국내산<br/>고춧가루 : 국내산<br/>콩 가공품 : 순두부(대두):외국산<br/>오징어 : 국내산<br/>오징어 수산가공품 : 외국산<br/>비고 : 해물완자(연육):베트남산,820.4 Kcal,탄수화물(g) : 94.1<br/>단백질(g) : 57.4<br/>지방(g) : 22.4<br/>비타민A(R.E) : 286.0<br/>티아민(mg) : 1.8<br/>리보플라빈(mg) : 0.7<br/>비타민C(mg) : 12.8<br/>칼슘(mg) : 295.5<br/>철분(mg) : 4.7,20251204
B10,서울특별시교육청,7010073,당곡고등학교,2,중식,20251128,700.00,자장밥 (5.6.10.13.16)<br/>짬뽕국 (5.6.9.13.17.18)<br/>발효왕만두 (5.6.10.16)<br/>반달단무지 <br/>마파두부 (5.6.10.12.13.18)<br/>배추김치 (9)<br/>조각파인애플 ,"돼지고기 : 국내산<br/>돼지고기 식육가공품 : 국내산<br/>쌀 : 국내산<br/>배추 : 국내산<br/>고춧가루 : 국내산<br/>콩 가공품 : 두부(대두):외국산<br/>오징어 : 국내산<br/>비고 : 조각파인애플:필리핀산, 홍합살:국산",838.3 Kcal,탄수화물(g) : 131.5<br/>단백질(g) : 38.2<br/>지방(g) : 17.5<br/>비타민A(R.E) : 189.1<br/>티아민(mg) : 1.0<br/>리보플라빈(mg) : 0.6<br/>비타민C(mg) : 46.5<br/>칼슘(mg) : 299.6<br/>철분(mg) : 7.2,20251205
B10,서울특별시교육청,7010073,당곡고등학교,2,중식,20251201,700.00,칼슘강화기장밥 <br/>쇠고기미역국 (5.6.16)<br/>돼지갈비찜 (5.6.10.13)<br/>매콤콩나물무침 (5)<br/>야채달걀말이 (1)<br/>배추김치 (9)<br/>축하설기 ,쇠고기(종류) : 국내산(한우)<br/>돼지고기 : 국내산<br/>쌀 : 국내산<br/>쌀 가공품 : 떡(멥쌀):국산<br/>배추 : 국내산<br/>고춧가루 : 국내산,791.3 Kcal,탄수화물(g) : 91.7<br/>단백질(g) : 40.2<br/>지방(g) : 27.0<br/>비타민A(R.E) : 234.5<br/>티아민(mg) : 0.7<br/>리보플라빈(mg) : 0.8<br/>비타민C(mg) : 5.1<br/>칼슘(mg) : 278.7<br/>철분(mg) : 4.4,20251208
B10,서울특별시교육청,7010073,당곡고등학교,2,중식,20251202,700.00,우렁강된장비빔밥 (5.6)<br/>다시마감자국 <br/>무생채 (13)<br/>사과 <br/>잔멸치볶음 (13)<br/>비건김치만두 (5.6)<br/>배추김치 (9),쌀 : 국내산<br/>배추 : 국내산<br/>고춧가루 : 국내산<br/>비고 : 멸치(가이리):국산. 우렁살:국산,813.5 Kcal,탄수화물(g) : 147.4<br/>단백질(g) : 27.9<br/>지방(g) : 11.6<br/>비타민A(R.E) : 121.7<br/>티아민(mg) : 0.5<br/>리보플라빈(mg) : 0.6<br/>비타민C(mg) : 16.5<br/>칼슘(mg) : 454.2<br/>철분(mg) : 4.1,20251209
B10,서울특별시교육청,7010073,당곡고등학교,2,중식,20251203,700.00,칼슘강화기장밥 <br/>몽글달걀탕 (1.13)<br/>연두부&양념장 (5.6.13)<br/>애호박볶음 <br/>치즈불닭 (2.5.6.13.15)<br/>배추김치 (9)<br/>붕어빵 (6),닭고기 : <br/>쌀 : 국내산<br/>배추 : 국내산<br/>고춧가루 : 국내산<br/>콩 가공품 : 연두부(대두):국산,779.3 Kcal,탄수화물(g) : 74.9<br/>단백질(g) : 51.4<br/>지방(g) : 29.3<br/>비타민A(R.E) : 307.2<br/>티아민(mg) : 0.7<br/>리보플라빈(mg) : 0.8<br/>비타민C(mg) : 10.4<br/>칼슘(mg) : 306.3<br/>철분(mg) : 4.8,20251210
B10,서울특별시교육청,7010073,당곡고등학교,2,중식,20251204,700.00,친환경현미밥 <br/>햄찌개 (1.2.5.6.9.10.15.16)<br/>미트볼데리야끼볶음 (1.2.5.6.10.13.15.16)<br/>가자미순살튀김 (6)<br/>깍두기 (9)<br/>브로콜리&초장 (6)<br/>초코우유 (2),"쇠고기 식육가공품 : 국내산<br/>돼지고기 : 국내산<br/>돼지고기 식육가공품 : 국내산<br/>쌀 : 국내산<br/>배추 : 국내산<br/>고춧가루 : 국내산<br/>콩 가공품 : 두부(대두):외국산<br/>비고 : 가자미살:미국산, 초코우유(원유):국산",800.6 Kcal,탄수화물(g) : 85.5<br/>단백질(g) : 41.6<br/>지방(g) : 31.0<br/>비타민A(R.E) : 108.6<br/>티아민(mg) : 0.6<br/>리보플라빈(mg) : 0.7<br/>비타민C(mg) : 25.5<br/>칼슘(mg) : 397.5<br/>철분(mg) : 4.4,20251211
B10,서울특별시교육청,7010073,당곡고등학교,2,중식,20251205,543.00,카레라이스 (5.6.10.12.13.16.18.2)<br/>고명유부국 (1.2.5.6.9.13)<br/>마늘쫑무침 (6.13)<br/>탄두리치킨 (2.5.12.13.15)<br/>배추김치 (9)<br/>방울토마토 (12)<br/>인도난 (2.5.6),돼지고기 : 국내산<br/>닭고기 : 국내산<br/>쌀 : 국내산<br/>배추 : 국내산<br/>고춧가루 : 국내산<br/>콩 가공품 : 유부(대두):외국산,809.3 Kcal,탄수화물(g) : 98.7<br/>단백질(g) : 40.1<br/>지방(g) : 26.6<br/>비타민A(R.E) : 167.1<br/>티아민(mg) : 0.9<br/>리보플라빈(mg) : 0.4<br/>비타민C(mg) : 18.0<br/>칼슘(mg) : 172.7<br/>철분(mg) : 2.5,20251212
B10,서울특별시교육청,7010073,당곡고등학교,2,중식,20251208,543.00,돈육감자탕 (5.6.10.13.16)<br/>삼치무조림 (5.6.13)<br/>곤드레나물밥&양념장 (5.6.13)<br/>단호박묵무침 (5.6.13)<br/>배식용김 <br/>석박지 (9)<br/>귤 ,"돼지고기 : 국내산<br/>쌀 : 국내산<br/>배추 : 국내산<br/>고춧가루 : 국내산<br/>비고 : 삼치살:국산, 단호박묵(전분):중국산, 김:국산",1023.9 Kcal,탄수화물(g) : 168.8<br/>단백질(g) : 45.5<br/>지방(g) : 15.0<br/>비타민A(R.E) : 263.8<br/>티아민(mg) : 1.0<br/>리보플라빈(mg) : 1.2<br/>비타민C(mg) : 54.1<br/>칼슘(mg) : 276.3<br/>철분(mg) : 4.0,20251215
B10,서울특별시교육청,7010073,당곡고등학교,2,중식,20251209,540.00,친환경잡곡밥 (5)<br/>차돌박이된장찌개 (5.6.16)<br/>숙주나물무침 <br/>치즈떡닭갈비 (2.6.13.15)<br/>어묵바&머스터드 (1.2.5.6)<br/>배추김치 (9)<br/>포도주스 (2.5),쇠고기(종류) : 국내산(한우)<br/>닭고기 : 국내산<br/>쌀 : 국내산<br/>쌀 가공품 : 치즈떡(멥쌀):국산<br/>배추 : 국내산<br/>고춧가루 : 국내산<br/>콩 가공품 : 두부(대두):외국산<br/>비고 : 어묵(연육):외국산,862.3 Kcal,탄수화물(g) : 117.3<br/>단백질(g) : 48.4<br/>지방(g) : 21.7<br/>비타민A(R.E) : 216.6<br/>티아민(mg) : 0.7<br/>리보플라빈(mg) : 0.8<br/>비타민C(mg) : 14.1<br/>칼슘(mg) : 280.7<br/>철분(mg) : 4.5,20251216
B10,서울특별시교육청,7010073,당곡고등학교,2,중식,20251217,542.00,칼슘강화귀리밥 <br/>소고기버섯매운탕 (5.6.13.16)<br/>브로콜리무침 <br/>닭볶음탕 (5.6.13.15)<br/>고구마맛탕 (13)<br/>배추김치 (9)<br/>아이스홍시 ,쇠고기(종류) : 국내산(한우)<br/>닭고기 : 국내산<br/>쌀 : 국내산<br/>배추 : 국내산<br/>고춧가루 : 국내산,868.0 Kcal,탄수화물(g) : 144.9<br/>단백질(g) : 49.6<br/>지방(g) : 8.9<br/>비타민A(R.E) : 131.7<br/>티아민(mg) : 0.6<br/>리보플라빈(mg) : 0.7<br/>비타민C(mg) : 25.4<br/>칼슘(mg) : 218.3<br/>철분(mg) : 4.2,20251224
B10,서울특별시교육청,7010073,당곡고등학교,2,중식,20251218,542.00,칼슘강화기장밥 <br/>얼큰동태탕 (5.6.13)<br/>도토리묵무침 (5.6.13)<br/>돈육불백 (5.6.10.12.13)<br/>타코야끼 (1.2.5.6.10.15.16.18)<br/>배추김치 (9)<br/>초코과자 (2.5.6.16)<br/>상추&쌈장 (5.6),"돼지고기 : 국내산<br/>쌀 : 국내산<br/>배추 : 국내산<br/>고춧가루 : 국내산<br/>콩 가공품 : 두부(대두):외국산<br/>명태 : 동태살:러시아산<br/>비고 : 타코야끼:중국산, 도토리묵:중국산",902.3 Kcal,탄수화물(g) : 88.6<br/>단백질(g) : 59.2<br/>지방(g) : 32.4<br/>비타민A(R.E) : 111.5<br/>티아민(mg) : 1.3<br/>리보플라빈(mg) : 0.9<br/>비타민C(mg) : 9.3<br/>칼슘(mg) : 277.8<br/>철분(mg) : 4.8,20251225
B10,서울특별시교육청,7010073,당곡고등학교,2,중식,20251219,542.00,자장밥 (2.5.6.10.13.16)<br/>오이탕탕이 (5.6.13)<br/>파송송달걀국 (1.13)<br/>미나리초무침 (6)<br/>꿔바로우&소스 (2.5.6.10.12.16)<br/>배추김치 (9)<br/>조각파인애플 ,돼지고기 : 국내산<br/>돼지고기 식육가공품 : 국내산<br/>쌀 : 국내산<br/>배추 : 국내산<br/>고춧가루 : 국내산,900.8 Kcal,탄수화물(g) : 140.2<br/>단백질(g) : 31.6<br/>지방(g) : 23.0<br/>비타민A(R.E) : 218.7<br/>티아민(mg) : 0.6<br/>리보플라빈(mg) : 0.8<br/>비타민C(mg) : 35.5<br/>칼슘(mg) : 217.8<br/>철분(mg) : 10.6,20251226
B10,서울특별시교육청,7010073,당곡고등학교,2,중식,20251222,542.00,칼슘강화기장밥 <br/>얼갈이된장국 (5.6)<br/>제육볶음 (6.10.13)<br/>진미채고추장볶음 (6.13.17)<br/>달래양념장 (5.6.13)<br/>배추김치 (9)<br/>키위 ,돼지고기 : 국내산<br/>쌀 : 국내산<br/>배추 : 국내산<br/>고춧가루 : 국내산<br/>콩 가공품 : 두부(대두):국산<br/>오징어 수산가공품 : 진미채:페루산,975.6 Kcal,탄수화물(g) : 108.4<br/>단백질(g) : 37.3<br/>지방(g) : 41.1<br/>비타민A(R.E) : 183.5<br/>티아민(mg) : 0.9<br/>리보플라빈(mg) : 1.0<br/>비타민C(mg) : 64.0<br/>칼슘(mg) : 318.8<br/>철분(mg) : 4.0,20251229
B10,서울특별시교육청,7010073,당곡고등학교,2,중식,20251223,542.00,친환경현미밥 <br/>순두부짬뽕국 (5.6.9.10.13.16.17.18)<br/>도토리묵무침 (5.6.13)<br/>매운어묵볶음 (1.5.6.13)<br/>치즈가재구이 (1.2.5.6.9)<br/>배추김치 (9)<br/>크림치즈베이글 (2.5.6),"쌀 : 국내산<br/>배추 : 국내산<br/>고춧가루 : 국내산<br/>오징어 : 국내산<br/>비고 : 새우살:베트남산, 건홍합살:국산, 어묵(연육):국산(72%이상),도토리묵:중국산",815.6 Kcal,탄수화물(g) : 93.7<br/>단백질(g) : 34.9<br/>지방(g) : 32.9<br/>비타민A(R.E) : 199.5<br/>티아민(mg) : 0.6<br/>리보플라빈(mg) : 0.4<br/>비타민C(mg) : 11.4<br/>칼슘(mg) : 296.8<br/>철분(mg) : 6.4,20251230
B10,서울특별시교육청,7010073,당곡고등학교,2,중식,20251224,542.00,김가루밥 <br/>크림스프 (2.5.6.13.16)<br/>진미채야채무침 (6.17)<br/>고구마치즈돈까스&소스 (1.2.5.6.10.12.13.16)<br/>스마일감자튀김 (5.6)<br/>배추김치 (9)<br/>성탄케이크 (1.2.5.6.13),돼지고기 식육가공품 : 국내산<br/>쌀 : 국내산<br/>배추 : 국내산<br/>고춧가루 : 국내산<br/>오징어 수산가공품 : 진미채:페루산<br/>비고 : 김가루(김):국산,816.7 Kcal,탄수화물(g) : 131.7<br/>단백질(g) : 24.8<br/>지방(g) : 21.2<br/>비타민A(R.E) : 126.1<br/>티아민(mg) : 0.7<br/>리보플라빈(mg) : 0.4<br/>비타민C(mg) : 14.2<br/>칼슘(mg) : 193.2<br/>철분(mg) : 2.5,20251231
B10,서울특별시교육청,7010073,당곡고등학교,2,중식,20251226,542.00,친환경잡곡밥 (5)<br/>참치김치찌개 (5.6.9.13)<br/>달걀찜 (1.13)<br/>더블치즈스테이크&소스 (2.5.6.10.12.13.15.16.18)<br/>깍두기 (9)<br/>애플망고주스 <br/>양상추샐러드(발사믹D) (1.2.5.6.12),돼지고기 식육가공품 : 국내산<br/>쌀 : 국내산<br/>배추 : 국내산<br/>고춧가루 : 국내산<br/>콩 가공품 : 두부(대두):외국산<br/>비고 : 참치(가다랑어):원양산,856.7 Kcal,탄수화물(g) : 123.7<br/>단백질(g) : 35.8<br/>지방(g) : 23.0<br/>비타민A(R.E) : 134.7<br/>티아민(mg) : 1.0<br/>리보플라빈(mg) : 0.5<br/>비타민C(mg) : 10.3<br/>칼슘(mg) : 250.4<br/>철분(mg) : 4.1,20260102
B10,서울특별시교육청,7010073,당곡고등학교,2,중식,20251229,542.00,칼슘강화밥 <br/>닭곰탕 (13.15)<br/>물만두&양념장 (1.5.6.10.13.16)<br/>시금치나물 <br/>낙지야채볶음 (2.5.6.13.16)<br/>배추김치 (9)<br/>레드향 ,돼지고기 식육가공품 : 국내산<br/>닭고기 : 국내산<br/>쌀 : 국내산<br/>배추 : 국내산<br/>고춧가루 : 국내산<br/>낙지 : 중국산,857.8 Kcal,탄수화물(g) : 125.8<br/>단백질(g) : 53.2<br/>지방(g) : 14.1<br/>비타민A(R.E) : 282.0<br/>티아민(mg) : 1.2<br/>리보플라빈(mg) : 0.8<br/>비타민C(mg) : 121.1<br/>칼슘(mg) : 254.3<br/>철분(mg) : 7.5,20260105
B10,서울특별시교육청,7010073,당곡고등학교,2,중식,20251230,542.00,김치볶음밥 (2.5.6.9.13.18)<br/>마라샹궈 (2.5.6.10.15.16)<br/>고명유부국 (1.2.5.6.9.13)<br/>짜사이무침 (13)<br/>치킨텐더&머스터드 (1.2.5.6.15.16)<br/>깍두기 (9)<br/>딸기 ,쇠고기(종류) : 국내산(한우)<br/>돼지고기 식육가공품 : 국내산<br/>닭고기 식육가공품 : 국내산<br/>쌀 : 국내산<br/>쌀 가공품 : 떡볶이떡(멥쌀):국산<br/>배추 : 국내산<br/>고춧가루 : 국내산,901.8 Kcal,탄수화물(g) : 125.4<br/>단백질(g) : 33.4<br/>지방(g) : 29.6<br/>비타민A(R.E) : 28.6<br/>티아민(mg) : 0.4<br/>리보플라빈(mg) : 0.7<br/>비타민C(mg) : 96.5<br/>칼슘(mg) : 276.3<br/>철분(mg) : 4.8,20260106
B10,서울특별시교육청,7010073,당곡고등학교,2,중식,20260202,540.00,칼슘강화기장밥 <br/>케이크 (1.2.5.6.10.17)<br/>쇠고기미역국 (5.6.16)<br/>불닭팽이버섯 (5.6.13)<br/>돼지갈비찜 (5.6.10.13)<br/>해물완자전(계란) (1.2.5.6.8.9.12.16.17.18)<br/>배추김치 (9),쇠고기(종류) : 국내산(한우)<br/>돼지고기 : 국내산<br/>쌀 : 국내산<br/>배추 : 국내산<br/>고춧가루 : 국내산<br/>오징어 수산가공품 : 외국산,907.9 Kcal,탄수화물(g) : 128.9<br/>단백질(g) : 48.6<br/>지방(g) : 21.1<br/>비타민A(R.E) : 168.4<br/>티아민(mg) : 1.3<br/>리보플라빈(mg) : 1.1<br/>비타민C(mg) : 5.8<br/>칼슘(mg) : 216.3<br/>철분(mg) : 4.3,20260209
B10,서울특별시교육청,7010073,당곡고등학교,2,중식,20260203,540.00,칼슘강화기장밥 <br/>볼어묵국 (1.5.6.7.13.18)<br/>무말랭이무침(자율) <br/>치즈핫도그&케찹 (1.2.5.6.10.12.15.18)<br/>닭고기구이 (5.6.12.13.15)<br/>배추김치 (9)<br/>포도주스 (2.5)<br/>깻잎쌈무 ,닭고기 : 국내산<br/>쌀 : 국내산<br/>배추 : 국내산<br/>고춧가루 : 국내산<br/>비고 : 볼어묵(연육):외국산,858.1 Kcal,탄수화물(g) : 93.2<br/>단백질(g) : 48.9<br/>지방(g) : 31.3<br/>비타민A(R.E) : 169.8<br/>티아민(mg) : 0.6<br/>리보플라빈(mg) : 0.5<br/>비타민C(mg) : 15.3<br/>칼슘(mg) : 318.9<br/>철분(mg) : 3.0,20260210
B10,서울특별시교육청,7010073,당곡고등학교,2,중식,20260204,540.00,스팸마요덮밥 (1.5.6.10.13.18)<br/>고명유부국 (1.2.5.6.9.13)<br/>돈육곤약장조림 (5.6.10.13)<br/>봄동겉절이 (13)<br/>회오리감자 (2.5.6)<br/>배추김치 (9),돼지고기 : 국내산<br/>돼지고기 식육가공품 : 국내산<br/>쌀 : 국내산<br/>배추 : 국내산<br/>고춧가루 : 국내산<br/>콩 가공품 : 유부(대두):외국산,863.8 Kcal,탄수화물(g) : 90.9<br/>단백질(g) : 40.3<br/>지방(g) : 35.6<br/>비타민A(R.E) : 144.3<br/>티아민(mg) : 0.8<br/>리보플라빈(mg) : 1.2<br/>비타민C(mg) : 14.9<br/>칼슘(mg) : 218.5<br/>철분(mg) : 4.4,20260211
B10,서울특별시교육청,7010073,당곡고등학교,2,중식,20260205,540.00,추가밥 <br/>미니온메밀 (3.5.6.13)<br/>떡볶이 (2.5.6.13.16)<br/>목살스테이크 (5.6.10.13.16)<br/>배추김치 (9)<br/>딸기 <br/>양배추샐러드&사우전D (1.2.5.6),쌀 : 국내산<br/>배추 : 국내산<br/>고춧가루 : 국내산<br/>비고 : 어묵(연육):국산,985.2 Kcal,탄수화물(g) : 135.1<br/>단백질(g) : 32.9<br/>지방(g) : 34.6<br/>비타민A(R.E) : 122.3<br/>티아민(mg) : 1.0<br/>리보플라빈(mg) : 0.7<br/>비타민C(mg) : 65.5<br/>칼슘(mg) : 147.0<br/>철분(mg) : 3.3,20260212
B10,서울특별시교육청,7010073,당곡고등학교,2,중식,20260304,770.00,친환경칼슘기장밥 <br/>돈육감자탕 (5.6.10.13.16)<br/>매콤콩나물무침 (5)<br/>레몬크림깐쇼새우 (1.2.5.6.9.13)<br/>석박지 (9)<br/>두바이쫀득쿠키 (2.4.5.6.16),쌀 : 국내산<br/>배추 : 국내산<br/>고춧가루 : 국내산<br/>비고 : 깐쇼새우:베트남산,758.0 Kcal,탄수화물(g) : 95.5<br/>단백질(g) : 27.3<br/>지방(g) : 29.5<br/>비타민A(R.E) : 137.4<br/>티아민(mg) : 0.6<br/>리보플라빈(mg) : 0.6<br/>비타민C(mg) : 14.7<br/>칼슘(mg) : 283.7<br/>철분(mg) : 4.4,20260311
B10,서울특별시교육청,7010073,당곡고등학교,2,중식,20260305,770.00,친환경현미밥 <br/>북어국 (1.5.6.13)<br/>연근조림 (5.6.13)<br/>매운닭볶음(정육) (5.6.13.15)<br/>풋마늘오징어무침 (6.17)<br/>뱅글뱅글소세지 (1.2.5.6.10.15.16.18)<br/>배추김치 (9),돼지고기 식육가공품 : 국내산<br/>닭고기 : 국내산<br/>쌀 : 국내산<br/>배추 : 국내산<br/>고춧가루 : 국내산<br/>명태 수산가공품 : 북어채:러시아산<br/>오징어 : 국내산 또는 원양산,851.1 Kcal,탄수화물(g) : 110.7<br/>단백질(g) : 60.8<br/>지방(g) : 16.4<br/>비타민A(R.E) : 285.8<br/>티아민(mg) : 0.7<br/>리보플라빈(mg) : 1.0<br/>비타민C(mg) : 21.1<br/>칼슘(mg) : 289.0<br/>철분(mg) : 4.2,20260312
B10,서울특별시교육청,7010073,당곡고등학교,2,중식,20260306,770.00,달걀볶음밥 (1.5.6.13.18)<br/>마라탕 (2.5.6.12.13.16.18)<br/>양파무침 (13)<br/>꿔바로우&소스 (5.6.10.16)<br/>배추김치 (9)<br/>조각파인애플 ,"쇠고기(종류) : 국내산(한우)<br/>돼지고기 : <br/>돼지고기 식육가공품 : 국내산<br/>쌀 : 국내산<br/>배추 : 국내산<br/>고춧가루 : 국내산<br/>비고 : 포두부(대두):외국산, 어묵(연육):외국산",905.4 Kcal,탄수화물(g) : 141.8<br/>단백질(g) : 25.3<br/>지방(g) : 25.5<br/>비타민A(R.E) : 68.7<br/>티아민(mg) : 0.4<br/>리보플라빈(mg) : 0.6<br/>비타민C(mg) : 27.1<br/>칼슘(mg) : 168.1<br/>철분(mg) : 12.6,20260313
B10,서울특별시교육청,7010073,당곡고등학교,2,중식,20260309,770.00,칼슘강화기장밥 <br/>쇠고기미역국 (5.6.13.16)<br/>매운갈비찜 (5.6.10.13)<br/>시금치나물 <br/>야채달걀말이 (1)<br/>배추김치 (9)<br/>3월생일케이크 (1.2.5.6.13),쇠고기(종류) : 국내산(한우)<br/>돼지고기 : 국내산<br/>쌀 : 국내산<br/>배추 : 국내산<br/>고춧가루 : 국내산,785.2 Kcal,탄수화물(g) : 88.0<br/>단백질(g) : 45.4<br/>지방(g) : 26.5<br/>비타민A(R.E) : 319.5<br/>티아민(mg) : 0.8<br/>리보플라빈(mg) : 0.9<br/>비타민C(mg) : 20.7<br/>칼슘(mg) : 290.3<br/>철분(mg) : 5.1,20260316
B10,서울특별시교육청,7010073,당곡고등학교,2,중식,20260310,770.00,나물비빔밥*고추장 (5.6.13)<br/>꼬치어묵국 (5.6.8.9.13)<br/>브로콜리무침 <br/>타코야끼 (1.2.5.6.10.15.16.18)<br/>배추김치 (9)<br/>딸기 ,"쌀 : 국내산<br/>배추 : 국내산<br/>고춧가루 : 국내산<br/>비고 : 타코야끼(문어):외국산, 어묵(연육):외국산",804.7 Kcal,탄수화물(g) : 130.7<br/>단백질(g) : 27.6<br/>지방(g) : 19.1<br/>비타민A(R.E) : 132.3<br/>티아민(mg) : 0.4<br/>리보플라빈(mg) : 0.3<br/>비타민C(mg) : 76.5<br/>칼슘(mg) : 404.5<br/>철분(mg) : 3.1,20260317
B10,서울특별시교육청,7010073,당곡고등학교,2,중식,20260311,770.00,친환경현미밥 <br/>단호박스프 (2.5.6.13.16)<br/>쫄면야채무침 (5.6)<br/>고구마치즈돈까스&소스 (1.2.5.6.10.12.13.16)<br/>깍두기 (9)<br/>사과맛요구르트 (2)<br/>양배추샐러드&사우전D (1.2.5.6),돼지고기 식육가공품 : 국내산<br/>쌀 : 국내산<br/>배추 : 국내산<br/>고춧가루 : 국내산,837.0 Kcal,탄수화물(g) : 138.4<br/>단백질(g) : 25.4<br/>지방(g) : 19.4<br/>비타민A(R.E) : 141.6<br/>티아민(mg) : 0.7<br/>리보플라빈(mg) : 0.4<br/>비타민C(mg) : 11.3<br/>칼슘(mg) : 293.2<br/>철분(mg) : 2.3,20260318
B10,서울특별시교육청,7010073,당곡고등학교,2,중식,20260312,770.00,친환경보리밥 <br/>얼큰콩나물국 (5.6.13)<br/>두부조림 (5.6.13)<br/>무생채 (13)<br/>돈육불백 (5.6.10.12.13)<br/>배추김치 (9)<br/>오렌지 ,돼지고기 : 국내산<br/>쌀 : 국내산<br/>배추 : 국내산<br/>고춧가루 : 국내산<br/>갈치 : <br/>비고 : 두부(대두):국산,821.8 Kcal,탄수화물(g) : 109.7<br/>단백질(g) : 53.5<br/>지방(g) : 16.8<br/>비타민A(R.E) : 45.2<br/>티아민(mg) : 1.4<br/>리보플라빈(mg) : 0.9<br/>비타민C(mg) : 41.0<br/>칼슘(mg) : 290.0<br/>철분(mg) : 4.6,20260319
B10,서울특별시교육청,7010073,당곡고등학교,2,중식,20260313,770.00,"친환경흑미밥 <br/>닭다리삼계탕 (13.15)<br/>청포묵김가루무침 (5)<br/>김치메밀전병 (2.3.5.6.16.18)<br/>석박지 (9)<br/>오이,당근,고추&쌈장 (5.6)<br/>소금우유아이스크림 (2.5)",돼지고기 식육가공품 : 국내산<br/>닭고기 : 국내산<br/>쌀 : 국내산<br/>배추 : 국내산<br/>고춧가루 : 국내산,798.4 Kcal,탄수화물(g) : 94.9<br/>단백질(g) : 37.9<br/>지방(g) : 28.5<br/>비타민A(R.E) : 185.3<br/>티아민(mg) : 0.4<br/>리보플라빈(mg) : 0.4<br/>비타민C(mg) : 8.5<br/>칼슘(mg) : 175.1<br/>철분(mg) : 2.9,20260320
B10,서울특별시교육청,7010073,당곡고등학교,2,중식,20260316,770.00,친환경칼슘기장밥 <br/>얼큰동태탕 (5.6)<br/>간장찜닭 (5.6.13.15)<br/>오이생채 (13)<br/>꽈배기 (1.2.5.6.13)<br/>베이컨감자채전 (2.5.10)<br/>배추김치 (9),돼지고기 식육가공품 : 국내산<br/>닭고기 : 국내산<br/>쌀 : 국내산<br/>배추 : 국내산<br/>고춧가루 : 국내산<br/>명태 : 동태살:러시아산<br/>비고 : 두부(대두):외국산,802.8 Kcal,탄수화물(g) : 109.9<br/>단백질(g) : 62.4<br/>지방(g) : 9.9<br/>비타민A(R.E) : 177.1<br/>티아민(mg) : 0.6<br/>리보플라빈(mg) : 1.0<br/>비타민C(mg) : 22.3<br/>칼슘(mg) : 280.4<br/>철분(mg) : 4.3,20260323
B10,서울특별시교육청,7010073,당곡고등학교,2,중식,20260317,770.00,친환경잡곡밥 (5)<br/>참치김치찌개 (5.6.9.13)<br/>너비아니조림 (2.5.6.10.13.15.16.18)<br/>맛살달걀볶음 (1)<br/>배식용김 <br/>총각김치 (9)<br/>요거톡 (2.5.6),"돼지고기 식육가공품 : 국내산<br/>쌀 : 국내산<br/>배추 : 국내산<br/>고춧가루 : 국내산<br/>비고 : 참치:원양산, 두부(대두):외국산",762.8 Kcal,탄수화물(g) : 107.1<br/>단백질(g) : 34.1<br/>지방(g) : 21.8<br/>비타민A(R.E) : 205.3<br/>티아민(mg) : 0.3<br/>리보플라빈(mg) : 0.6<br/>비타민C(mg) : 5.9<br/>칼슘(mg) : 362.6<br/>철분(mg) : 5.0,20260324
B10,서울특별시교육청,7010073,당곡고등학교,2,중식,20260318,770.00,친환경흑미밥 <br/>쇠고기무국 (16)<br/>물만두&양념장 (1.5.6.10.13.16)<br/>숙주나물무침 <br/>사과 <br/>주꾸미돈육볶 (2.5.6.10.13.16)<br/>배추김치 (9),쇠고기(종류) : 국내산(한우)<br/>돼지고기 : 국내산<br/>돼지고기 식육가공품 : 국내산<br/>쌀 : 국내산<br/>배추 : 국내산<br/>고춧가루 : 국내산<br/>주꾸미 : 베트남산,835.9 Kcal,탄수화물(g) : 111.9<br/>단백질(g) : 50.6<br/>지방(g) : 19.0<br/>비타민A(R.E) : 139.1<br/>티아민(mg) : 1.4<br/>리보플라빈(mg) : 0.9<br/>비타민C(mg) : 16.4<br/>칼슘(mg) : 168.8<br/>철분(mg) : 6.7,20260325
B10,서울특별시교육청,7010073,당곡고등학교,2,중식,20260319,770.00,친환경강황밥 <br/>순두부찌개 (5.6.9.10.16.17.18)<br/>유채나물무침 (6.13)<br/>돈육간장불고기 (5.6.10.13)<br/>소시지케찹볶음 (2.5.6.10.12.15.16)<br/>배추김치 (9)<br/>조각배 ,돼지고기 : 국내산<br/>돼지고기 식육가공품 : 국내산<br/>쌀 : 국내산<br/>배추 : 국내산<br/>고춧가루 : 국내산<br/>비고 : 순두부(대두):외국산,753.0 Kcal,탄수화물(g) : 71.5<br/>단백질(g) : 55.6<br/>지방(g) : 26.1<br/>비타민A(R.E) : 154.3<br/>티아민(mg) : 1.6<br/>리보플라빈(mg) : 0.5<br/>비타민C(mg) : 55.9<br/>칼슘(mg) : 251.1<br/>철분(mg) : 3.8,20260326
B10,서울특별시교육청,7010073,당곡고등학교,2,중식,20260320,770.00,후리가케밥(소) (1.2.5.6.9.13.16.18)<br/>미소국 (5.6)<br/>떡볶이 (2.5.6.13.16)<br/>깍두기 (9)<br/>복숭아아이스티 (11)<br/>치킨스낵랩 (1.2.5.6.15.16),닭고기 식육가공품 : 국내산<br/>쌀 : 국내산<br/>배추 : 국내산<br/>고춧가루 : 국내산<br/>비고 : 어묵(연육):외국산,786.0 Kcal,탄수화물(g) : 132.1<br/>단백질(g) : 24.6<br/>지방(g) : 17.8<br/>비타민A(R.E) : 80.5<br/>티아민(mg) : 0.4<br/>리보플라빈(mg) : 0.3<br/>비타민C(mg) : 11.7<br/>칼슘(mg) : 289.1<br/>철분(mg) : 3.1,20260327
B10,서울특별시교육청,7010073,당곡고등학교,2,중식,20260323,770.00,친환경칼슘기장밥 <br/>햄찌개 (1.2.5.6.9.10.15.16)<br/>도토리묵무침 (5.6.13)<br/>닭카레볶음 (2.5.6.12.13.15.16.18)<br/>궁채나물들깨볶음 <br/>깍두기 (9)<br/>붕어빵 (6),돼지고기 : 국내산<br/>돼지고기 식육가공품 : 국내산<br/>닭고기 : 국내산<br/>쌀 : 국내산<br/>배추 : 국내산<br/>고춧가루 : 국내산<br/>비고 : 두부(대두):외국산,878.3 Kcal,탄수화물(g) : 111.0<br/>단백질(g) : 59.0<br/>지방(g) : 20.9<br/>비타민A(R.E) : 182.9<br/>티아민(mg) : 0.8<br/>리보플라빈(mg) : 0.6<br/>비타민C(mg) : 21.9<br/>칼슘(mg) : 257.4<br/>철분(mg) : 4.8,20260330
B10,서울특별시교육청,7010073,당곡고등학교,2,중식,20260324,770.00,비건햄김치볶음밥 (5.6.9)<br/>고명장국 (1.2.5.6.9.13)<br/>진미채고추장볶음 (1.5.6.13.17)<br/>가자미순살튀김 (6)<br/>총각김치 (9)<br/>바나나 ,쌀 : 국내산<br/>배추 : 국내산<br/>고춧가루 : 국내산<br/>오징어 수산가공품 : 진미채:페루산<br/>비고 : 가자미:미국산,702.3 Kcal,탄수화물(g) : 115.3<br/>단백질(g) : 34.6<br/>지방(g) : 9.7<br/>비타민A(R.E) : 81.0<br/>티아민(mg) : 0.6<br/>리보플라빈(mg) : 0.5<br/>비타민C(mg) : 19.5<br/>칼슘(mg) : 161.9<br/>철분(mg) : 2.6,20260331
B10,서울특별시교육청,7010073,당곡고등학교,2,중식,20260325,770.00,친환경현미밥 <br/>달래된장국 (5.6.13)<br/>달걀장조림 (1.5.6.13)<br/>제육볶음 (6.10.13)<br/>배추김치 (9)<br/>양배추쌈/저염쌈장 (5.6)<br/>초코우유 (2),"돼지고기 : 국내산<br/>쌀 : 국내산<br/>배추 : 국내산<br/>고춧가루 : 국내산<br/>비고 : 두부(대두):외국산, 참치:원양산",813.2 Kcal,탄수화물(g) : 96.9<br/>단백질(g) : 55.0<br/>지방(g) : 21.1<br/>비타민A(R.E) : 223.2<br/>티아민(mg) : 1.3<br/>리보플라빈(mg) : 1.1<br/>비타민C(mg) : 15.0<br/>칼슘(mg) : 381.5<br/>철분(mg) : 5.9,20260401
B10,서울특별시교육청,7010073,당곡고등학교,2,중식,20260326,770.00,친환경차수수밥 <br/>순대국 (2.5.6.10.13.16)<br/>골뱅이야채무침 (5.6.17)<br/>반달스테이크&소스 (1.2.5.6.10.12.13.15.16)<br/>석박지 (9)<br/>오렌지 ,돼지고기 : 국내산<br/>돼지고기 식육가공품 : 국내산<br/>쌀 : 국내산<br/>배추 : 국내산<br/>고춧가루 : 국내산<br/>오징어 수산가공품 : 진미채:페루산<br/>비고 : 골뱅이:외국산,868.5 Kcal,탄수화물(g) : 134.5<br/>단백질(g) : 37.7<br/>지방(g) : 19.5<br/>비타민A(R.E) : 143.8<br/>티아민(mg) : 1.9<br/>리보플라빈(mg) : 0.5<br/>비타민C(mg) : 37.6<br/>칼슘(mg) : 206.0<br/>철분(mg) : 5.3,20260402
B10,서울특별시교육청,7010073,당곡고등학교,2,중식,20260327,770.00,추가밥 <br/>스파게티 (1.2.5.6.10.12.13.16)<br/>코울슬로 (1.2.5.6.13)<br/>조각피자 (2.5.6.10.12.16)<br/>코코넛음료 <br/>오이피클 ,돼지고기 : 국내산<br/>쌀 : 국내산<br/>배추 : 국내산<br/>고춧가루 : 국내산,850.4 Kcal,탄수화물(g) : 137.5<br/>단백질(g) : 28.4<br/>지방(g) : 21.4<br/>비타민A(R.E) : 127.5<br/>티아민(mg) : 0.7<br/>리보플라빈(mg) : 0.7<br/>비타민C(mg) : 23.5<br/>칼슘(mg) : 433.9<br/>철분(mg) : 3.7,20260403
B10,서울특별시교육청,7010073,당곡고등학교,2,중식,20260330,770.00,추가밥 <br/>김치어묵우동(대) (5.6.9.13)<br/>청경채나물 <br/>새우까스&칠리S (2.5.6.9.12.13)<br/>배추김치 (9)<br/>오렌지주스 ,"쌀 : 국내산<br/>배추 : 국내산<br/>고춧가루 : 국내산<br/>비고 : 어묵(연육):외국산, 새우까스(베트남산)",851.8 Kcal,탄수화물(g) : 155.4<br/>단백질(g) : 20.8<br/>지방(g) : 15.7<br/>비타민A(R.E) : 61.1<br/>티아민(mg) : 0.4<br/>리보플라빈(mg) : 0.4<br/>비타민C(mg) : 129.7<br/>칼슘(mg) : 256.4<br/>철분(mg) : 2.9,20260406
B10,서울특별시교육청,7010073,당곡고등학교,2,중식,20260331,770.00,친환경흑미밥 <br/>오징어무국 (17)<br/>돌나물초회 (6)<br/>치즈불닭 (2.5.6.13.15)<br/>고구마맛탕 (13)<br/>배추김치 (9)<br/>방울토마토 (12),닭고기 : 국내산<br/>쌀 : 국내산<br/>배추 : 국내산<br/>고춧가루 : 국내산<br/>오징어 : 국내산,935.8 Kcal,탄수화물(g) : 144.4<br/>단백질(g) : 48.4<br/>지방(g) : 16.6<br/>비타민A(R.E) : 269.3<br/>티아민(mg) : 0.6<br/>리보플라빈(mg) : 0.6<br/>비타민C(mg) : 32.1<br/>칼슘(mg) : 261.9<br/>철분(mg) : 3.0,20260407
B10,서울특별시교육청,7010073,당곡고등학교,2,중식,20260401,770.00,친환경현미밥 <br/>닭개장 (1.5.6.13.15)<br/>시금치나물 <br/>동그랑땡 (1.5.6.10)<br/>코다리강정 (1.5.6.12.13)<br/>배추김치 (9)<br/>마카롱 (1.2.5.6),돼지고기 식육가공품 : 동그랑땡(돈육):국내산<br/>닭고기 : 국내산<br/>쌀 : 국내산<br/>배추 : 국내산<br/>고춧가루 : 국내산<br/>명태 수산가공품 : 코다리강정:러시아<br/>비고 : 동그랑땡(두부):외국산,815.9 Kcal,탄수화물(g) : 108.8<br/>단백질(g) : 36.4<br/>지방(g) : 24.5<br/>비타민A(R.E) : 189.6<br/>티아민(mg) : 0.6<br/>리보플라빈(mg) : 0.6<br/>비타민C(mg) : 19.8<br/>칼슘(mg) : 292.5<br/>철분(mg) : 4.4,20260408
B10,서울특별시교육청,7010073,당곡고등학교,2,중식,20260402,770.00,친환경칼슘기장밥 <br/>돈육고추장찌개 (5.6.10.13)<br/>쥐치포조림 (5.6.13)<br/>간장찜닭 (5.6.13.15)<br/>오징어김치전 (1.5.6)<br/>깍두기 (9)<br/>크림치즈베이글 (2.5.6),"돼지고기 : 국내산<br/>닭고기 : 국내산<br/>쌀 : 국내산<br/>배추 : 국내산<br/>고춧가루 : 국내산<br/>콩 가공품 : 두부(대두):외국산<br/>오징어 수산가공품 : 오징어김치전(오징어):국산<br/>비고 : 쥐치포:베트남산, 크림치즈(우유,크림):호주산",840.1 Kcal,탄수화물(g) : 99.1<br/>단백질(g) : 65.0<br/>지방(g) : 18.1<br/>비타민A(R.E) : 212.9<br/>티아민(mg) : 0.8<br/>리보플라빈(mg) : 1.1<br/>비타민C(mg) : 8.9<br/>칼슘(mg) : 242.9<br/>철분(mg) : 5.5,20260409
B10,서울특별시교육청,7010073,당곡고등학교,2,중식,20260403,770.00,소고기우엉볶음밥 (5.6.13.16)<br/>얼큰콩나물국 (5)<br/>바베큐폭립 (5.6.10.12.13)<br/>배식용김 <br/>깍두기 (9)<br/>아이스망고 <br/>양배추샐러드&사우전D (1.2.5.6),쇠고기(종류) : 국내산(한우)<br/>돼지고기 : 국내산<br/>쌀 : 국내산<br/>쌀 가공품 : 떡(쌀):국산<br/>배추 : 국내산<br/>고춧가루 : 국내산<br/>비고 : 망고:베트남산,765.1 Kcal,탄수화물(g) : 108.8<br/>단백질(g) : 25.9<br/>지방(g) : 23.4<br/>비타민A(R.E) : 169.0<br/>티아민(mg) : 0.5<br/>리보플라빈(mg) : 0.4<br/>비타민C(mg) : 33.5<br/>칼슘(mg) : 228.1<br/>철분(mg) : 3.2,20260410
B10,서울특별시교육청,7010073,당곡고등학교,2,중식,20260406,770.00,칼슘강화기장밥 <br/>쇠고기미역국 (5.6.16)<br/>숙주나물무침 <br/>새송이버섯전 (1.6)<br/>콩나물불고기 (5.6.10.13)<br/>배추김치 (9)<br/>골드키위케이크 (1.2.5.6.13),"쇠고기(종류) : 국내산(한우)<br/>돼지고기 : 국내산<br/>쌀 : 국내산<br/>배추 : 국내산<br/>고춧가루 : 국내산<br/>비고 : 달걀(전란):국산, 케이크(전란액):국산",732.2 Kcal,탄수화물(g) : 99.0<br/>단백질(g) : 42.8<br/>지방(g) : 17.8<br/>비타민A(R.E) : 164.2<br/>티아민(mg) : 1.1<br/>리보플라빈(mg) : 0.7<br/>비타민C(mg) : 9.8<br/>칼슘(mg) : 218.9<br/>철분(mg) : 3.3,20260413
B10,서울특별시교육청,7010073,당곡고등학교,2,중식,20260407,770.00,곤드레나물밥&양념장 (5.6.13)<br/>조랭이떡국 (1.5.6.13)<br/>볼어묵조림 (1.5.6.13.18)<br/>삼치감자조림 (5.6.13)<br/>배추김치 (9)<br/>야채모양찐빵 (6),"쌀 : 국내산<br/>쌀 가공품 : 조랭이떡(쌀):국산<br/>배추 : 국내산<br/>고춧가루 : 국내산<br/>비고 : 볼어묵(연육):외국산, 삼치:국산",817.9 Kcal,탄수화물(g) : 137.9<br/>단백질(g) : 37.1<br/>지방(g) : 10.8<br/>비타민A(R.E) : 140.4<br/>티아민(mg) : 0.3<br/>리보플라빈(mg) : 0.6<br/>비타민C(mg) : 10.0<br/>칼슘(mg) : 226.0<br/>철분(mg) : 3.2,20260414
B10,서울특별시교육청,7010073,당곡고등학교,2,중식,20260408,770.00,친환경현미밥 <br/>팽이버섯된장국 (5.6.13)<br/>진미채야채무침 (6.17)<br/>닭볶음탕 (5.6.13.15)<br/>오꼬노미야끼 (1.5.6.10.17)<br/>배추김치 (9)<br/>오렌지 ,"닭고기 : 국내산<br/>쌀 : 국내산<br/>배추 : 국내산<br/>고춧가루 : 국내산<br/>콩 가공품 : 마파두부(대두):외국산<br/>오징어 : 국내산<br/>오징어 수산가공품 : 진미채(오징어):페루산<br/>비고 : 달걀(전란):, 가쓰오부시(혼다랑어):국산",815.7 Kcal,탄수화물(g) : 110.9<br/>단백질(g) : 62.2<br/>지방(g) : 12.5<br/>비타민A(R.E) : 244.1<br/>티아민(mg) : 0.9<br/>리보플라빈(mg) : 0.9<br/>비타민C(mg) : 46.9<br/>칼슘(mg) : 258.6<br/>철분(mg) : 4.9,20260415
B10,서울특별시교육청,7010073,당곡고등학교,2,중식,20260409,770.00,친환경보리밥 <br/>닭곰탕 (1.6.13.15)<br/>제육볶음 (6.10.13)<br/>해물경단 (1.2.5.6.8.9.10.15.16.17.18)<br/>석박지 (9)<br/>양배추쌈/저염쌈장 (5.6)<br/>자두맛음료 ,"돼지고기 : 국내산<br/>닭고기 : 국내산<br/>쌀 : 국내산<br/>배추 : 국내산<br/>고춧가루 : 국내산<br/>콩 가공품 : 두부(대두):외국산<br/>오징어 수산가공품 : 해물경단(오징어):페루산,중국산<br/>비고 : 해물경단(연육):외국산",822.2 Kcal,탄수화물(g) : 107.5<br/>단백질(g) : 56.6<br/>지방(g) : 16.4<br/>비타민A(R.E) : 132.7<br/>티아민(mg) : 1.3<br/>리보플라빈(mg) : 0.4<br/>비타민C(mg) : 16.5<br/>칼슘(mg) : 148.9<br/>철분(mg) : 2.9,20260416
B10,서울특별시교육청,7010073,당곡고등학교,2,중식,20260410,770.00,카레라이스 (2.5.6.10.12.13.16.18)<br/>미소국 (5.6)<br/>실곤약야채무침(초) (5.6.13)<br/>치즈새우&칩 (1.2.5.9.13)<br/>배추김치 (9)<br/>조각파인애플 ,"돼지고기 : 국내산<br/>쌀 : 국내산<br/>배추 : 국내산<br/>고춧가루 : 국내산<br/>콩 가공품 : 두부(대두):외국산<br/>비고 : 치즈새우(새우):베트남산, 치즈:독일,덴마크산",713.9 Kcal,탄수화물(g) : 121.5<br/>단백질(g) : 28.6<br/>지방(g) : 11.8<br/>비타민A(R.E) : 135.5<br/>티아민(mg) : 0.6<br/>리보플라빈(mg) : 0.4<br/>비타민C(mg) : 28.7<br/>칼슘(mg) : 330.2<br/>철분(mg) : 3.1,20260417
B10,서울특별시교육청,7010073,당곡고등학교,2,중식,20260413,770.00,칼슘강화기장밥 <br/>고기만두국 (1.5.6.10.13.16.18)<br/>올방개묵김치무침 (9)<br/>오징어야채볶음(링) (2.5.6.13.16.17.18)<br/>미트볼데리야끼볶음 (1.2.5.6.10.13.15.16)<br/>총각김치 (9)<br/>청포도 ,"돼지고기 식육가공품 : 고기만두국(돼지):국산,외국산, 미트볼(돼지):국산<br/>쌀 : 국내산<br/>배추 : 국내산<br/>고춧가루 : 국내산<br/>오징어 : 국내산<br/>비고 : ",795.8 Kcal,탄수화물(g) : 96.0<br/>단백질(g) : 43.9<br/>지방(g) : 25.6<br/>비타민A(R.E) : 102.7<br/>티아민(mg) : 0.7<br/>리보플라빈(mg) : 0.6<br/>비타민C(mg) : 16.6<br/>칼슘(mg) : 327.7<br/>철분(mg) : 5.6,20260420
B10,서울특별시교육청,7010073,당곡고등학교,2,중식,20260414,770.00,자장밥 (5.6.10.13.16)<br/>파송송달걀국 (1.13)<br/>오이생채 (13)<br/>반달단무지 <br/>꿔바로우&소스 (5.6.10.16)<br/>배추김치 (9)<br/>벚꽃핀오레오 (1.2.6),돼지고기 : 국내산<br/>돼지고기 식육가공품 : 꿔바로우(돈육):국산<br/>쌀 : 국내산<br/>배추 : 국내산<br/>고춧가루 : 국내산<br/>비고 : ,841.8 Kcal,탄수화물(g) : 121.9<br/>단백질(g) : 30.6<br/>지방(g) : 25.2<br/>비타민A(R.E) : 157.3<br/>티아민(mg) : 0.6<br/>리보플라빈(mg) : 1.0<br/>비타민C(mg) : 23.6<br/>칼슘(mg) : 241.5<br/>철분(mg) : 11.4,20260421
B10,서울특별시교육청,7010073,당곡고등학교,2,중식,20260415,770.00,친환경현미밥 <br/>참치김치찌개 (5.6.9.13)<br/>돈사태떡찜 (5.6.10.13)<br/>야채달걀말이 (1)<br/>깍두기 (9)<br/>초코도너츠 (1.2.5.6)<br/>브로콜리&쌈다시마&초장 (6),"돼지고기 : 국내산<br/>쌀 : 국내산<br/>쌀 가공품 : 떡(쌀):국산<br/>배추 : 국내산<br/>고춧가루 : 국내산<br/>콩 가공품 : 두부(대두):외국산<br/>다랑어 수산가공품 : 참치(다랑어):원양산<br/>비고 : 도넛(밀):미국산,캐나다산",822.4 Kcal,탄수화물(g) : 90.0<br/>단백질(g) : 49.4<br/>지방(g) : 27.5<br/>비타민A(R.E) : 163.7<br/>티아민(mg) : 0.9<br/>리보플라빈(mg) : 1.2<br/>비타민C(mg) : 13.1<br/>칼슘(mg) : 239.5<br/>철분(mg) : 5.2,20260422
B10,서울특별시교육청,7010073,당곡고등학교,2,중식,20260416,770.00,친환경차수수밥 <br/>돈육감자탕 (5.6.10.13.16)<br/>두부쑥갓나물 (5)<br/>햄감자볶음 (10)<br/>생선까스&콘소스 (1.2.5.6.13)<br/>석박지 (9)<br/>딸기우유 (2),돼지고기 : 국내산<br/>돼지고기 식육가공품 : 햄(돼지):국산<br/>쌀 : 국내산<br/>배추 : 국내산<br/>고춧가루 : 국내산<br/>콩 가공품 : 두부(대두):외국산<br/>비고 : 생선까스(민대구):국산,823.5 Kcal,탄수화물(g) : 101.4<br/>단백질(g) : 40.7<br/>지방(g) : 26.9<br/>비타민A(R.E) : 151.1<br/>티아민(mg) : 0.6<br/>리보플라빈(mg) : 0.6<br/>비타민C(mg) : 18.9<br/>칼슘(mg) : 408.3<br/>철분(mg) : 4.1,20260423
B10,서울특별시교육청,7010073,당곡고등학교,2,중식,20260417,770.00,순살양념치밥 (5.6.12.13.15)<br/>고명장국 (1.2.5.6.9.13)<br/>부추무침 (13)<br/>떡갈비&소스 (1.2.5.6.10.12.13.15.16)<br/>깍두기 (9)<br/>달콤한토마토 (12.13),돼지고기 식육가공품 : 떡갈비(돼지):국산<br/>닭고기 : 국내산<br/>쌀 : 국내산<br/>배추 : 국내산<br/>고춧가루 : 국내산,834.2 Kcal,탄수화물(g) : 106.6<br/>단백질(g) : 60.3<br/>지방(g) : 17.6<br/>비타민A(R.E) : 99.9<br/>티아민(mg) : 2.2<br/>리보플라빈(mg) : 0.5<br/>비타민C(mg) : 15.2<br/>칼슘(mg) : 147.2<br/>철분(mg) : 4.1,20260424
B10,서울특별시교육청,7010073,당곡고등학교,2,중식,20260420,770.00,칼슘강화기장밥 <br/>근대된장국 (5.6.13)<br/>매운갈비찜 (5.6.10.13)<br/>청경채나물 <br/>떡꼬치&소스 (6.12.13)<br/>배추김치 (9)<br/>과채주스 ,돼지고기 : 국내산<br/>쌀 : 국내산<br/>쌀 가공품 : 떡(쌀):국산<br/>배추 : 국내산<br/>고춧가루 : 국내산,741.5 Kcal,탄수화물(g) : 121.2<br/>단백질(g) : 31.5<br/>지방(g) : 13.5<br/>비타민A(R.E) : 209.8<br/>티아민(mg) : 0.8<br/>리보플라빈(mg) : 0.5<br/>비타민C(mg) : 63.1<br/>칼슘(mg) : 193.9<br/>철분(mg) : 4.5,20260427
B10,서울특별시교육청,7010073,당곡고등학교,2,중식,20260421,770.00,콩나물밥/양념장 (5.6.13)<br/>순두부짬뽕국 (5.6.9.13.17.18)<br/>연근조림 (5.6.13)<br/>고추장멸치볶음 (5.6.13)<br/>배추김치 (9)<br/>고구마치즈또띠아 (1.2.5.6.12.13)<br/>키위 ,쌀 : 국내산<br/>배추 : 국내산<br/>고춧가루 : 국내산<br/>콩 가공품 : 순두부(대두):외국산<br/>오징어 : 국내산<br/>비고 : 홍합:국산,754.6 Kcal,탄수화물(g) : 112.4<br/>단백질(g) : 33.5<br/>지방(g) : 17.9<br/>비타민A(R.E) : 119.4<br/>티아민(mg) : 0.9<br/>리보플라빈(mg) : 1.0<br/>비타민C(mg) : 58.5<br/>칼슘(mg) : 326.8<br/>철분(mg) : 3.8,20260428
B10,서울특별시교육청,7010073,당곡고등학교,2,중식,20260422,770.00,친환경잡곡밥 (5)<br/>소고기무국 (16)<br/>연두부&양념장 (5.6.13)<br/>닭김치찜 (5.6.9.13.15)<br/>명엽채볶음 (5.6.13)<br/>총각김치 (9)<br/>미니핫도그&케찹 (1.2.5.6.10.12.16),"쇠고기(종류) : 국내산(한우)<br/>돼지고기 : <br/>돼지고기 식육가공품 : 핫도그(돈육):국산<br/>닭고기 : 국내산<br/>쌀 : 국내산<br/>배추 : 국내산<br/>고춧가루 : 국내산<br/>콩 가공품 : 연두부(대두):국산<br/>명태 수산가공품 : 명엽채(명태,동태):러시아산",822.1 Kcal,탄수화물(g) : 111.8<br/>단백질(g) : 52.2<br/>지방(g) : 16.5<br/>비타민A(R.E) : 100.4<br/>티아민(mg) : 0.9<br/>리보플라빈(mg) : 0.7<br/>비타민C(mg) : 11.1<br/>칼슘(mg) : 253.5<br/>철분(mg) : 4.0,20260429
B10,서울특별시교육청,7010073,당곡고등학교,2,중식,20260430,770.00,스팸마요덮밥 (1.5.6.10.13.18)<br/>고명장국 (1.2.5.6.9.13)<br/>매콤콩나물무침 (5)<br/>떡볶이 (2.5.6.13.16)<br/>명엽채볶음 (5.6.13)<br/>깍두기 (9)<br/>요구르트 (2),"돼지고기 식육가공품 : 햄(돈육):국산<br/>쌀 : 국내산<br/>배추 : 국내산<br/>고춧가루 : 국내산<br/>명태 수산가공품 : 명엽채(명태,동태):러시아산<br/>비고 : 어묵(연육):외국산, 떡(밀):호주,미국산",829.5 Kcal,탄수화물(g) : 123.0<br/>단백질(g) : 26.4<br/>지방(g) : 25.3<br/>비타민A(R.E) : 127.7<br/>티아민(mg) : 0.6<br/>리보플라빈(mg) : 0.4<br/>비타민C(mg) : 1.8<br/>칼슘(mg) : 193.1<br/>철분(mg) : 2.8,20260507
B10,서울특별시교육청,7010073,당곡고등학교,2,중식,20260504,770.00,칼슘강화기장밥 <br/>초코케이크 (1.2.5.6)<br/>참치미역국 (5.6)<br/>돈사태떡찜 (5.6.10.13)<br/>오징어숙회&초장 (6.17)<br/>애호박볶음 <br/>배추김치 (9),쇠고기(종류) : <br/>돼지고기 : 국내산<br/>쌀 : 국내산<br/>배추 : 국내산<br/>고춧가루 : 국내산<br/>오징어 : 국내산<br/>비고 : 참치:원양또는베트남,854.3 Kcal,탄수화물(g) : 113.9<br/>단백질(g) : 47.9<br/>지방(g) : 20.2<br/>비타민A(R.E) : 132.9<br/>티아민(mg) : 0.8<br/>리보플라빈(mg) : 0.9<br/>비타민C(mg) : 6.4<br/>칼슘(mg) : 151.6<br/>철분(mg) : 3.3,20260511
B10,서울특별시교육청,7010073,당곡고등학교,2,중식,20260506,770.00,친환경현미밥 <br/>육개장 (1.16)<br/>달걀장조림 (1.5.6.13)<br/>올방개묵김치무침 (9)<br/>가자미순살튀김 (6)<br/>소떡소떡 (5.6.10.12.13.16)<br/>석박지 (9),돼지고기 : 국내산<br/>돼지고기 식육가공품 : 국내산<br/>쌀 : 국내산<br/>배추 : 국내산<br/>고춧가루 : 국내산<br/>비고 : 가자미:미국,850.8 Kcal,탄수화물(g) : 101.4<br/>단백질(g) : 51.6<br/>지방(g) : 23.9<br/>비타민A(R.E) : 141.5<br/>티아민(mg) : 0.4<br/>리보플라빈(mg) : 1.1<br/>비타민C(mg) : 13.3<br/>칼슘(mg) : 331.2<br/>철분(mg) : 4.9,20260513
B10,서울특별시교육청,7010073,당곡고등학교,2,중식,20260507,770.00,친환경잡곡밥 (5)<br/>맑은순두부국 (5)<br/>숙주나물무침 <br/>치즈불닭 (2.5.6.13.15)<br/>회오리감자 (2.5.6)<br/>배추김치 (9)<br/>요구르트 (2),닭고기 : 국내산<br/>쌀 : 국내산<br/>배추 : 국내산<br/>고춧가루 : 국내산<br/>비고 : 대두:외국산,836.1 Kcal,탄수화물(g) : 125.3<br/>단백질(g) : 42.3<br/>지방(g) : 17.2<br/>비타민A(R.E) : 171.2<br/>티아민(mg) : 0.7<br/>리보플라빈(mg) : 0.5<br/>비타민C(mg) : 15.8<br/>칼슘(mg) : 273.2<br/>철분(mg) : 3.1,20260514
B10,서울특별시교육청,7010073,당곡고등학교,2,중식,20260508,770.00,친환경보리밥 <br/>얼갈이된장국 (5.6.13)<br/>파채무침 (13)<br/>삼겹살야채구이 (5.6.10.13.16)<br/>배추김치 (9)<br/>초코맛아이스크림 (2)<br/>상추&쌈장 (5.6),돼지고기 : 국내산<br/>돼지고기 식육가공품 : 국내산<br/>쌀 : 국내산<br/>배추 : 국내산<br/>고춧가루 : 국내산<br/>비고 : ,866.6 Kcal,탄수화물(g) : 64.9<br/>단백질(g) : 36.8<br/>지방(g) : 49.6<br/>비타민A(R.E) : 238.2<br/>티아민(mg) : 0.9<br/>리보플라빈(mg) : 0.7<br/>비타민C(mg) : 18.3<br/>칼슘(mg) : 315.8<br/>철분(mg) : 4.1,20260515
B10,서울특별시교육청,7010073,당곡고등학교,2,중식,20260511,770.00,칼슘강화기장밥 <br/>오징어무국 (17)<br/>찜닭(당면) (5.6.13.15)<br/>미역줄기볶음 <br/>어묵바&케찹 (1.2.5.12)<br/>배추김치 (9)<br/>슈크림츄스틱 (2.5.6.16),닭고기 : 국내산<br/>쌀 : 국내산<br/>배추 : 국내산<br/>고춧가루 : 국내산<br/>오징어 : 국내산<br/>비고 : 어묵바(연육:베트남산),853.4 Kcal,탄수화물(g) : 126.1<br/>단백질(g) : 59.4<br/>지방(g) : 10.2<br/>비타민A(R.E) : 162.2<br/>티아민(mg) : 0.5<br/>리보플라빈(mg) : 0.9<br/>비타민C(mg) : 8.2<br/>칼슘(mg) : 262.8<br/>철분(mg) : 4.8,20260518
B10,서울특별시교육청,7010073,당곡고등학교,2,중식,20260512,770.00,콩나물밥/양념장 (5.6.13)<br/>두부된장국 (5.6.13)<br/>삼치감자조림 (5.6.13)<br/>비건김치만두 (5.6)<br/>배추김치 (9)<br/>초코우유 (2),쌀 : 국내산<br/>배추 : 국내산<br/>고춧가루 : 국내산<br/>비고 : 삼치:국산,822.1 Kcal,탄수화물(g) : 123.3<br/>단백질(g) : 39.7<br/>지방(g) : 16.3<br/>비타민A(R.E) : 87.4<br/>티아민(mg) : 0.4<br/>리보플라빈(mg) : 1.0<br/>비타민C(mg) : 10.3<br/>칼슘(mg) : 401.0<br/>철분(mg) : 4.5,20260519
B10,서울특별시교육청,7010073,당곡고등학교,2,중식,20260513,770.00,달걀볶음밥 (1.5.6.13.18)<br/>김치국 (9)<br/>두부조림 (5.6.13)<br/>코울슬로 (1.2.5.6.13)<br/>탕수육&후르츠소스 (2.5.6.10.11.12.13.16)<br/>깍두기 (9)<br/>조각파인애플 ,돼지고기 식육가공품 : 국내산<br/>쌀 : 국내산<br/>배추 : 국내산<br/>고춧가루 : 국내산<br/>참조기 수산가공품 : <br/>비고 : 두부(대두):국산,842.1 Kcal,탄수화물(g) : 113.2<br/>단백질(g) : 27.7<br/>지방(g) : 30.4<br/>비타민A(R.E) : 109.5<br/>티아민(mg) : 0.4<br/>리보플라빈(mg) : 0.7<br/>비타민C(mg) : 31.0<br/>칼슘(mg) : 239.2<br/>철분(mg) : 11.0,20260520
B10,서울특별시교육청,7010073,당곡고등학교,2,중식,20260514,770.00,친환경현미밥 <br/>시금치된장국 (5.6)<br/>깻잎지 (9)<br/>돈육김치볶음 (6.9.10.13)<br/>오꼬노미야끼 (1.5.6.13.17)<br/>깍두기 (9)<br/>유자에이드 ,돼지고기 : 국내산<br/>쌀 : 국내산<br/>배추 : 국내산<br/>고춧가루 : 국내산<br/>오징어 : 국내산,808.5 Kcal,탄수화물(g) : 113.2<br/>단백질(g) : 46.1<br/>지방(g) : 17.9<br/>비타민A(R.E) : 295.2<br/>티아민(mg) : 1.4<br/>리보플라빈(mg) : 0.6<br/>비타민C(mg) : 24.6<br/>칼슘(mg) : 244.2<br/>철분(mg) : 3.8,20260521
B10,서울특별시교육청,7010073,당곡고등학교,2,중식,20260515,510.00,추가밥 <br/>미니한우쌀국수 (2.5.6.13.16)<br/>베리케이크 (1.2.5.6)<br/>청경채&두반장소스 (6.12.13.18.5)<br/>짜조&칠리파디소스 (1.5.6.9.10.13.16)<br/>배추김치 (9)<br/>토마토카프레제 (1.2.3.5.6.12),쇠고기(종류) : 국내산(한우)<br/>쇠고기 식육가공품 : 쌀국수육수:호주산<br/>돼지고기 : <br/>돼지고기 식육가공품 : 국내산<br/>쌀 : 국내산<br/>배추 : 국내산<br/>고춧가루 : 국내산,823.1 Kcal,탄수화물(g) : 112.4<br/>단백질(g) : 29.0<br/>지방(g) : 28.7<br/>비타민A(R.E) : 479.3<br/>티아민(mg) : 1.8<br/>리보플라빈(mg) : 0.4<br/>비타민C(mg) : 42.7<br/>칼슘(mg) : 287.8<br/>철분(mg) : 3.7,20260522
B10,서울특별시교육청,7010073,당곡고등학교,2,중식,20260518,770.00,친환경칼슘기장밥 <br/>얼큰콩나물국 (5)<br/>부추무침 (13)<br/>훈제오리&야채&머스터드 (1.2.5.6)<br/>배추김치 (9)<br/>슈크림만쥬 (1.2.6)<br/>무쌈 ,오리고기 가공품 : 국내산<br/>쌀 : 국내산<br/>배추 : 국내산<br/>고춧가루 : 국내산,846.1 Kcal,탄수화물(g) : 88.2<br/>단백질(g) : 34.1<br/>지방(g) : 39.4<br/>비타민A(R.E) : 132.5<br/>티아민(mg) : 0.5<br/>리보플라빈(mg) : 0.6<br/>비타민C(mg) : 55.7<br/>칼슘(mg) : 186.8<br/>철분(mg) : 2.2,20260525
B10,서울특별시교육청,7010073,당곡고등학교,2,중식,20260519,770.00,친환경흑미밥 <br/>참치김치찌개 (5.6.9.13)<br/>브로콜리무침 <br/>스크램블드에그 (1)<br/>치즈핫도그&케찹 (1.2.5.6.12)<br/>훈제연어&양파소스 (1.2.5.6)<br/>총각김치 (9),"쌀 : 국내산<br/>배추 : 국내산<br/>고춧가루 : 국내산<br/>비고 : 참치:원양or베트남산, 두부(대두):외국산, 연어:칠레산",889.0 Kcal,탄수화물(g) : 99.9<br/>단백질(g) : 48.5<br/>지방(g) : 31.8<br/>비타민A(R.E) : 177.7<br/>티아민(mg) : 0.6<br/>리보플라빈(mg) : 0.6<br/>비타민C(mg) : 17.8<br/>칼슘(mg) : 337.4<br/>철분(mg) : 4.1,20260526
B10,서울특별시교육청,7010073,당곡고등학교,2,중식,20260520,770.00,친환경잡곡밥 (5)<br/>다시마감자국 (5.6.13)<br/>얼갈이된장무침 (5.6.13)<br/>치즈떡닭갈비 (2.6.13.15)<br/>메추리알카레조림 (1.2.5.6.12.13.16.18)<br/>배추김치 (9)<br/>삼색과일&망고드레싱 (1.5),닭고기 : 국내산<br/>쌀 : 국내산<br/>배추 : 국내산<br/>고춧가루 : 국내산,808.3 Kcal,탄수화물(g) : 99.5<br/>단백질(g) : 45.7<br/>지방(g) : 25.1<br/>비타민A(R.E) : 381.4<br/>티아민(mg) : 0.8<br/>리보플라빈(mg) : 0.9<br/>비타민C(mg) : 46.4<br/>칼슘(mg) : 353.5<br/>철분(mg) : 5.7,20260527
B10,서울특별시교육청,7010073,당곡고등학교,2,중식,20260521,770.00,친환경현미밥 <br/>우렁된장찌개 (5.6)<br/>수육 (5.6.10)<br/>무말랭이장아찌 <br/>오징어김치전 (1.5.6)<br/>보쌈김치 (9)<br/>오렌지 ,쌀 : 국내산<br/>배추 : 국내산<br/>고춧가루 : 국내산,805.9 Kcal,탄수화물(g) : 92.5<br/>단백질(g) : 53.5<br/>지방(g) : 23.2<br/>비타민A(R.E) : 84.1<br/>티아민(mg) : 1.3<br/>리보플라빈(mg) : 0.8<br/>비타민C(mg) : 40.9<br/>칼슘(mg) : 430.8<br/>철분(mg) : 5.0,20260528
B10,서울특별시교육청,7010073,당곡고등학교,2,중식,20260522,770.00,참치마요구운주먹밥 (1.5.6)<br/>고명유부국 (1.2.5.6.9.13)<br/>국수떡볶이 (1.5.6.13)<br/>야채햄튀김 (5.6.10.13.16)<br/>깍두기 (9)<br/>청사과청귤에이드 <br/>양배추샐러드&사우전D (1.2.5.6),"돼지고기 식육가공품 : 국내산<br/>쌀 : 국내산<br/>배추 : 국내산<br/>고춧가루 : 국내산<br/>비고 : 참치:외국산, 유부(대두):외국산, 어묵(연육):외국산",771.1 Kcal,탄수화물(g) : 114.9<br/>단백질(g) : 16.4<br/>지방(g) : 28.4<br/>비타민A(R.E) : 128.5<br/>티아민(mg) : 0.3<br/>리보플라빈(mg) : 0.4<br/>비타민C(mg) : 22.8<br/>칼슘(mg) : 140.7<br/>철분(mg) : 6.0,20260529
B10,서울특별시교육청,7010073,당곡고등학교,2,중식,20260526,814.00,칼슘강화기장밥 <br/>김치어묵국 (5.6.9.13)<br/>망고야채샐러드 (1.2.5.6.12)<br/>진미채고추장볶음 (6.13.17)<br/>등심돈가스&소스 (1.2.5.6.10.12.15.16)<br/>깍두기 (9)<br/>과일생크림찹쌀떡 (2.5.6),돼지고기 식육가공품 : 국내산<br/>쌀 : 국내산<br/>배추 : 국내산<br/>고춧가루 : 국내산<br/>오징어 수산가공품 : 진미채:페루산<br/>비고 : 어묵(연육):외국산,887.1 Kcal,탄수화물(g) : 106.2<br/>단백질(g) : 24.4<br/>지방(g) : 40.2<br/>비타민A(R.E) : 108.0<br/>티아민(mg) : 0.2<br/>리보플라빈(mg) : 0.3<br/>비타민C(mg) : 6.7<br/>칼슘(mg) : 186.2<br/>철분(mg) : 2.5,20260602
B10,서울특별시교육청,7010073,당곡고등학교,2,중식,20260527,770.00,친환경차수수밥 <br/>소고기무국 (16)<br/>매콤콩나물무침 (5)<br/>주꾸미볶음 (2.5.6.13.16)<br/>배추김치 (9)<br/>딸기맛요구르트 (2)<br/>콘치즈버터구이 (1.2.5.13),쇠고기(종류) : 국내산(한우)<br/>쌀 : 국내산<br/>배추 : 국내산<br/>고춧가루 : 국내산<br/>주꾸미 : 베트남산,871.4 Kcal,탄수화물(g) : 137.0<br/>단백질(g) : 37.7<br/>지방(g) : 18.9<br/>비타민A(R.E) : 117.0<br/>티아민(mg) : 0.4<br/>리보플라빈(mg) : 0.9<br/>비타민C(mg) : 20.2<br/>칼슘(mg) : 294.5<br/>철분(mg) : 4.5,20260603
B10,서울특별시교육청,7010073,당곡고등학교,2,중식,20260528,770.00,친환경강황밥 <br/>소보로토스트 (1.2.4.5.6)<br/>꽃만두국 (1.5.6.10.16)<br/>시금치나물 <br/>제육볶음 (6.10.13)<br/>명엽채볶음 (5.6.13)<br/>총각김치 (9),돼지고기 : 국내산<br/>돼지고기 식육가공품 : 국내산<br/>쌀 : 국내산<br/>배추 : 국내산<br/>고춧가루 : 국내산<br/>비고 : 명엽채:베트남산,938.4 Kcal,탄수화물(g) : 134.4<br/>단백질(g) : 45.4<br/>지방(g) : 23.7<br/>비타민A(R.E) : 215.0<br/>티아민(mg) : 1.4<br/>리보플라빈(mg) : 0.6<br/>비타민C(mg) : 21.8<br/>칼슘(mg) : 177.9<br/>철분(mg) : 5.4,20260604
B10,서울특별시교육청,7010073,당곡고등학교,2,중식,20260529,770.00,순살양념치밥 (5.6.12.13.15)<br/>고명장국 (1.2.5.6.9.13)<br/>사과치커리생채 <br/>배식용김 <br/>고구마함박&소스 (2.5.6.10.12.13.16)<br/>배추김치 (9)<br/>후레쉬업(레몬&라임) ,쌀 : 국내산<br/>배추 : 국내산<br/>고춧가루 : 국내산,881.8 Kcal,탄수화물(g) : 115.2<br/>단백질(g) : 50.7<br/>지방(g) : 23.2<br/>비타민A(R.E) : 133.3<br/>티아민(mg) : 2.0<br/>리보플라빈(mg) : 0.4<br/>비타민C(mg) : 11.2<br/>칼슘(mg) : 139.4<br/>철분(mg) : 2.5,20260605
B10,서울특별시교육청,7010073,당곡고등학교,2,중식,20260601,770.00,친환경칼슘기장밥 <br/>초코케이크 (1.2.5.6)<br/>소고기미역국 (16)<br/>돈사태김치찜 (9.10.13)<br/>올방개묵김가루무침 <br/>고구마야채튀김 (5.6.10.13.16)<br/>총각김치 (9),쇠고기(종류) : 국내산(한우)<br/>돼지고기 : 국내산<br/>돼지고기 식육가공품 : 국내산<br/>쌀 : 국내산<br/>배추 : 국내산<br/>고춧가루 : 국내산,926.7 Kcal,탄수화물(g) : 116.0<br/>단백질(g) : 39.8<br/>지방(g) : 32.0<br/>비타민A(R.E) : 129.6<br/>티아민(mg) : 0.8<br/>리보플라빈(mg) : 0.7<br/>비타민C(mg) : 7.1<br/>칼슘(mg) : 277.9<br/>철분(mg) : 4.2,20260608
B10,서울특별시교육청,7010073,당곡고등학교,2,중식,20260602,770.00,친환경현미밥 <br/>오징어무국 (5.6.13.17)<br/>두부조림 (5.6.13)<br/>찜닭(당면) (5.6.13.15)<br/>얼갈이무침 <br/>배추김치 (9)<br/>초코맛아이스크림 (2),닭고기 : 국내산<br/>쌀 : 국내산<br/>배추 : 국내산<br/>고춧가루 : 국내산<br/>콩 : 국내산<br/>콩 가공품 : 국내산<br/>오징어 : 국내산,941.7 Kcal,탄수화물(g) : 102.5<br/>단백질(g) : 60.7<br/>지방(g) : 29.7<br/>비타민A(R.E) : 310.9<br/>티아민(mg) : 0.6<br/>리보플라빈(mg) : 1.3<br/>비타민C(mg) : 15.4<br/>칼슘(mg) : 416.6<br/>철분(mg) : 6.0,20260609
B10,서울특별시교육청,7010073,당곡고등학교,2,중식,20260604,770.00,칼슘강화귀리밥 <br/>돈육감자탕 (5.6.10.13.16)<br/>소시지야채볶음 (2.5.6.10.12.13.15.16.18)<br/>삼치카레구이 (2.5.6.12.13.16.18)<br/>석박지 (9)<br/>에그타르트 (1.2.5.6.16)<br/>양상추샐러드(발사믹D) (1.2.5.6.12),돼지고기 : 국내산<br/>돼지고기 식육가공품 : 국내산<br/>쌀 : 국내산<br/>배추 : 국내산<br/>고춧가루 : 국내산<br/>비고 : 삼치:국산,931.2 Kcal,탄수화물(g) : 113.1<br/>단백질(g) : 45.5<br/>지방(g) : 30.6<br/>비타민A(R.E) : 116.0<br/>티아민(mg) : 1.1<br/>리보플라빈(mg) : 0.7<br/>비타민C(mg) : 38.4<br/>칼슘(mg) : 218.9<br/>철분(mg) : 4.6,20260611
B10,서울특별시교육청,7010073,당곡고등학교,2,중식,20260605,770.00,추가밥 <br/>초코파이 (1.2.5.6)<br/>물비빔쫄면 (1.2.5.6.15.16.18)<br/>연근조림 (5.6.13)<br/>쌈무생채 <br/>돈육불백 (1.2.4.5.6.10.12.13.15.16.18)<br/>배추김치 (9),돼지고기 : 국내산<br/>쌀 : 국내산<br/>배추 : 국내산<br/>고춧가루 : 국내산,1076.7 Kcal,탄수화물(g) : 160.4<br/>단백질(g) : 51.2<br/>지방(g) : 22.2<br/>비타민A(R.E) : 97.2<br/>티아민(mg) : 1.3<br/>리보플라빈(mg) : 1.1<br/>비타민C(mg) : 12.0<br/>칼슘(mg) : 168.4<br/>철분(mg) : 5.3,20260612
B10,서울특별시교육청,7010073,당곡고등학교,2,중식,20260608,770.00,친환경칼슘기장밥 <br/>북어국 (1)<br/>야채달걀찜 (1.9)<br/>제육볶음 (6.10.13)<br/>배추김치 (9)<br/>브로콜리&초장 (6)<br/>초코우유 (2),돼지고기 : 국내산<br/>쌀 : 국내산<br/>배추 : 국내산<br/>고춧가루 : 국내산<br/>넙치 : <br/>명태 수산가공품 : 북어채:러시아,829.1 Kcal,탄수화물(g) : 105.9<br/>단백질(g) : 53.6<br/>지방(g) : 19.7<br/>비타민A(R.E) : 286.1<br/>티아민(mg) : 1.2<br/>리보플라빈(mg) : 0.8<br/>비타민C(mg) : 18.1<br/>칼슘(mg) : 384.4<br/>철분(mg) : 5.3,20260615
B10,서울특별시교육청,7010073,당곡고등학교,2,중식,20260609,770.00,친환경잡곡밥 (5)<br/>순두부짬뽕국 (5.6.9.13.17.18)<br/>채식물만두&양념장 (5.6.13)<br/>순살해물아귀찜 (5.6.9.13.17.18)<br/>시금치나물 <br/>배추김치 (9)<br/>달콤한토마토 (12.13),쌀 : 국내산<br/>배추 : 국내산<br/>고춧가루 : 국내산<br/>콩 가공품 : 두부(대두):외국산<br/>오징어 : 국내산<br/>아귀 : 국내산<br/>비고 : 건홍합:국내산,733.4 Kcal,탄수화물(g) : 118.7<br/>단백질(g) : 35.5<br/>지방(g) : 12.2<br/>비타민A(R.E) : 252.7<br/>티아민(mg) : 0.6<br/>리보플라빈(mg) : 0.5<br/>비타민C(mg) : 31.5<br/>칼슘(mg) : 234.1<br/>철분(mg) : 5.0,20260616
B10,서울특별시교육청,7010073,당곡고등학교,2,중식,20260610,770.00,소고기우엉볶음밥 (5.6.13.16)<br/>김치국 (5.6.9.13)<br/>진미채고추장볶음 (6.13.17)<br/>닭꼬치&양념치킨소스 (2.5.6.12)<br/>깍두기 (9)<br/>감말랭이야채샐러드 (1.2.5.6),쇠고기(종류) : 국내산(한우)<br/>닭고기 식육가공품 : 국내산<br/>쌀 : 국내산<br/>배추 : 국내산<br/>고춧가루 : 국내산<br/>오징어 수산가공품 : 진미채:페루산,728.8 Kcal,탄수화물(g) : 145.8<br/>단백질(g) : 22.1<br/>지방(g) : 4.8<br/>비타민A(R.E) : 62.1<br/>티아민(mg) : 0.3<br/>리보플라빈(mg) : 0.2<br/>비타민C(mg) : 24.1<br/>칼슘(mg) : 148.1<br/>철분(mg) : 2.0,20260617
B10,서울특별시교육청,7010073,당곡고등학교,2,중식,20260611,770.00,친환경현미밥 <br/>소고기무국 (16)<br/>카레감자채볶음 (2.5.6.12.13.16.18)<br/>닭볶음탕 (5.6.13.15)<br/>배추김치 (9)<br/>푸딩 <br/>수제양파고추장아찌 (5.6),쇠고기(종류) : 국내산(한우)<br/>닭고기 : 국내산<br/>쌀 : 국내산<br/>배추 : 국내산<br/>고춧가루 : 국내산,705.7 Kcal,탄수화물(g) : 97.5<br/>단백질(g) : 49.9<br/>지방(g) : 11.2<br/>비타민A(R.E) : 116.8<br/>티아민(mg) : 0.6<br/>리보플라빈(mg) : 0.5<br/>비타민C(mg) : 13.2<br/>칼슘(mg) : 150.1<br/>철분(mg) : 3.6,20260618
B10,서울특별시교육청,7010073,당곡고등학교,2,중식,20260612,770.00,후리가케김가루밥 (1.2.5.6.9.13.16.18)<br/>미소국 (5.6)<br/>골뱅이야채무침 (5.6.17)<br/>등심돈가스&소스 (1.2.5.6.10.12.15.16)<br/>배추김치 (9)<br/>오렌지 <br/>모닝마늘빵 (1.2.5.6.13),돼지고기 식육가공품 : 국내산<br/>쌀 : 국내산<br/>배추 : 국내산<br/>고춧가루 : 국내산<br/>콩 가공품 : 두부(대두):외국산<br/>비고 : 골뱅이:외국산,821.6 Kcal,탄수화물(g) : 85.8<br/>단백질(g) : 25.8<br/>지방(g) : 41.4<br/>비타민A(R.E) : 81.6<br/>티아민(mg) : 0.3<br/>리보플라빈(mg) : 0.3<br/>비타민C(mg) : 36.5<br/>칼슘(mg) : 278.3<br/>철분(mg) : 3.8,20260619
B10,서울특별시교육청,7010073,당곡고등학교,2,중식,20260615,770.00,칼슘강화기장밥 <br/>육개장 (1.5.6.13.16)<br/>도토리묵&양념장 (5.6.13)<br/>코다리조림 (5.6.13)<br/>치킨샐러드&허니머스터드S (1.2.5.6.15.16)<br/>깍두기 (9)<br/>액상요구르트 (2),쇠고기(종류) : 국내산(한우)<br/>닭고기 식육가공품 : 국내산<br/>쌀 : 국내산<br/>배추 : 국내산<br/>고춧가루 : 국내산<br/>명태 : 코다리:러시아산,801.0 Kcal,탄수화물(g) : 92.2<br/>단백질(g) : 49.9<br/>지방(g) : 24.6<br/>비타민A(R.E) : 97.2<br/>티아민(mg) : 0.3<br/>리보플라빈(mg) : 0.4<br/>비타민C(mg) : 10.3<br/>칼슘(mg) : 393.8<br/>철분(mg) : 3.4,20260622
B10,서울특별시교육청,7010073,당곡고등학교,2,중식,20260616,770.00,나물비빔밥*고추장 (5.6.13)<br/>청국장찌개 (5.6.9.13)<br/>떡꼬치&소스 (6.12.13)<br/>간고등어구이 (6.7)<br/>배추김치 (9)<br/>체리 ,쌀 : 국내산<br/>배추 : 국내산<br/>고춧가루 : 국내산<br/>고등어 : 국내산<br/>부세 : 참치:베트남산,820.8 Kcal,탄수화물(g) : 146.5<br/>단백질(g) : 31.7<br/>지방(g) : 11.4<br/>비타민A(R.E) : 158.6<br/>티아민(mg) : 0.5<br/>리보플라빈(mg) : 0.7<br/>비타민C(mg) : 8.9<br/>칼슘(mg) : 231.9<br/>철분(mg) : 3.6,20260623
B10,서울특별시교육청,7010073,당곡고등학교,2,중식,20260617,770.00,친환경잡곡밥 (5)<br/>팽이장국 (5.6.13)<br/>매콤콩나물무침 (5)<br/>치즈불닭 (2.5.6.13.15)<br/>볼어묵볶음 (1.5.6.13.18)<br/>배추김치 (9)<br/>사과앵두스무디 ,닭고기 : 국내산<br/>쌀 : 국내산<br/>배추 : 국내산<br/>고춧가루 : 국내산<br/>콩 : <br/>콩 가공품 : 두부(대두):외국산<br/>비고 : 어묵(연육):외국산,813.4 Kcal,탄수화물(g) : 107.9<br/>단백질(g) : 49.0<br/>지방(g) : 20.2<br/>비타민A(R.E) : 176.1<br/>티아민(mg) : 0.5<br/>리보플라빈(mg) : 0.6<br/>비타민C(mg) : 49.9<br/>칼슘(mg) : 298.7<br/>철분(mg) : 3.6,20260624
B10,서울특별시교육청,7010073,당곡고등학교,2,중식,20260618,770.00,친환경흑미밥 <br/>불마요들기름메밀국수 (3.5.6.13)<br/>얼큰동태탕 (5.6)<br/>수육 (5.6.10)<br/>깻잎지 (9)<br/>배추김치 (9)<br/>조각파인애플 ,쌀 : 국내산<br/>배추 : 국내산<br/>고춧가루 : 국내산<br/>고춧가루 가공품 : <br/>콩 : <br/>콩 가공품 : 두부(대두):외국산<br/>명태 : 국내산,848.9 Kcal,탄수화물(g) : 95.7<br/>단백질(g) : 59.9<br/>지방(g) : 22.7<br/>비타민A(R.E) : 110.5<br/>티아민(mg) : 1.2<br/>리보플라빈(mg) : 0.9<br/>비타민C(mg) : 28.7<br/>칼슘(mg) : 240.7<br/>철분(mg) : 5.8,20260625
B10,서울특별시교육청,7010073,당곡고등학교,2,중식,20260619,770.00,카레라이스 (2.5.6.10.12.13.16.18)<br/>파송송달걀국 (1.13)<br/>목살스테이크 (5.6.10.13.16.18)<br/>배추김치 (9)<br/>토마토오이샐러드 (5.6.12)<br/>초코수리취떡 (1.2.5.6),돼지고기 : 국내산<br/>쌀 : 국내산<br/>배추 : 국내산<br/>고춧가루 : 국내산,841.9 Kcal,탄수화물(g) : 104.1<br/>단백질(g) : 36.8<br/>지방(g) : 28.5<br/>비타민A(R.E) : 142.0<br/>티아민(mg) : 1.2<br/>리보플라빈(mg) : 0.7<br/>비타민C(mg) : 19.8<br/>칼슘(mg) : 202.7<br/>철분(mg) : 3.6,20260626
B10,서울특별시교육청,7010073,당곡고등학교,2,중식,20260622,770.00,칼슘강화기장밥 <br/>얼큰콩나물국 (5)<br/>바베큐폭찹 (5.6.10.12.13)<br/>찐두부 (5)<br/>건새우마늘쫑볶음 (5.6.9.13)<br/>김치볶음 (9.13)<br/>망고우유빙수 (2),돼지고기 : 국내산<br/>쌀 : 국내산<br/>배추 : 국내산<br/>고춧가루 : 국내산<br/>콩 가공품 : 두부(대두):국내산<br/>비고 : 건새우:국산,810.1 Kcal,탄수화물(g) : 109.6<br/>단백질(g) : 44.0<br/>지방(g) : 20.6<br/>비타민A(R.E) : 269.9<br/>티아민(mg) : 1.0<br/>리보플라빈(mg) : 0.9<br/>비타민C(mg) : 30.4<br/>칼슘(mg) : 624.2<br/>철분(mg) : 5.3,20260629
B10,서울특별시교육청,7010073,당곡고등학교,2,중식,20260623,770.00,깍두기볶음밥 (5.6.9.13)<br/>고명장국 (1.2.5.6.9.13)<br/>미나리초무침 (6)<br/>미트볼데리야끼볶음 (1.2.5.6.10.13.15.16)<br/>스크램블드에그 (1)<br/>배추김치 (9)<br/>수박 ,돼지고기 식육가공품 : 국내산<br/>쌀 : 국내산<br/>배추 : 국내산<br/>고춧가루 : 국내산,836.2 Kcal,탄수화물(g) : 102.1<br/>단백질(g) : 31.1<br/>지방(g) : 32.7<br/>비타민A(R.E) : 266.1<br/>티아민(mg) : 0.4<br/>리보플라빈(mg) : 0.7<br/>비타민C(mg) : 13.8<br/>칼슘(mg) : 159.3<br/>철분(mg) : 4.1,20260630
B10,서울특별시교육청,7010073,당곡고등학교,2,중식,20260624,770.00,친환경현미밥 <br/>돈육고추장찌개 (6.10.13)<br/>단호박오리훈제 (5.6.13)<br/>두부튀김&칠리S (5.6.12)<br/>배추김치 (9)<br/>귤주스 <br/>무쌈 ,돼지고기 : 국내산<br/>오리고기 가공품 : 국내산<br/>쌀 : 국내산<br/>배추 : 국내산<br/>고춧가루 : 국내산<br/>콩 가공품 : 두부(대두):외국산,881.6 Kcal,탄수화물(g) : 93.4<br/>단백질(g) : 38.7<br/>지방(g) : 39.9<br/>비타민A(R.E) : 207.1<br/>티아민(mg) : 0.8<br/>리보플라빈(mg) : 0.5<br/>비타민C(mg) : 46.8<br/>칼슘(mg) : 382.4<br/>철분(mg) : 3.2,20260701
B10,서울특별시교육청,7010073,당곡고등학교,2,중식,20260625,770.00,친환경보리밥 <br/>순대국 (2.5.6.10.13.16)<br/>오이고추된장무침 (5.6.13)<br/>한입돈가스&파채 (1.2.5.6.10.13)<br/>배식용김 <br/>석박지 (9)<br/>초당옥수수 ,"돼지고기 : 국내산<br/>돼지고기 식육가공품 : 국내산<br/>쌀 : 국내산<br/>배추 : 국내산<br/>고춧가루 : 국내산<br/>비고 : 삼치:국내산, 메추리알:국산",822.3 Kcal,탄수화물(g) : 97.8<br/>단백질(g) : 25.1<br/>지방(g) : 36.2<br/>비타민A(R.E) : 96.4<br/>티아민(mg) : 0.6<br/>리보플라빈(mg) : 0.5<br/>비타민C(mg) : 26.3<br/>칼슘(mg) : 195.1<br/>철분(mg) : 5.7,20260702
B10,서울특별시교육청,7010073,당곡고등학교,2,중식,20260703,760.00,치킨마요덮밥 (1.5.6.13.15.16)<br/>고명장국 (1.2.5.6.9.13)<br/>매콤콩나물무침 (5)<br/>떡볶이 (5.6.13)<br/>깍두기 (9)<br/>에그타르트 (1.2.5.6.16),닭고기 식육가공품 : 국내산<br/>쌀 : 국내산<br/>배추 : 국내산<br/>고춧가루 : 국내산<br/>비고 : 어묵(연육):외국산,1075.7 Kcal,탄수화물(g) : 144.3<br/>단백질(g) : 41.9<br/>지방(g) : 34.9<br/>비타민A(R.E) : 203.3<br/>티아민(mg) : 0.7<br/>리보플라빈(mg) : 0.7<br/>비타민C(mg) : 2.8<br/>칼슘(mg) : 164.5<br/>철분(mg) : 5.5,20260710
B10,서울특별시교육청,7010073,당곡고등학교,2,중식,20260706,760.00,칼슘강화기장밥 <br/>소고기미역국 (5.6.16)<br/>매운갈비찜 (5.6.10.13)<br/>참나물사과무침 <br/>햄전 (1.10)<br/>배추김치 (9)<br/>케이크 (1.2.5.6),쇠고기(종류) : 국내산(한우)<br/>돼지고기 : <br/>돼지고기 식육가공품 : 국내산<br/>쌀 : 국내산<br/>배추 : 국내산<br/>고춧가루 : 국내산,877.2 Kcal,탄수화물(g) : 83.3<br/>단백질(g) : 42.8<br/>지방(g) : 39.8<br/>비타민A(R.E) : 163.0<br/>티아민(mg) : 1.0<br/>리보플라빈(mg) : 0.6<br/>비타민C(mg) : 21.6<br/>칼슘(mg) : 166.3<br/>철분(mg) : 3.2,20260713
B10,서울특별시교육청,7010073,당곡고등학교,2,중식,20260707,760.00,열무비빔밥 (6.9.13)<br/>팽이장국 (5.6.13)<br/>연두부&양념장 (5.6.13)<br/>뿌리채소고구마맛탕 (13)<br/>비건김치만두 (5.6)<br/>동치미 (9)<br/>청포도 ,쌀 : 국내산<br/>배추 : 국내산<br/>고춧가루 : 국내산<br/>콩 가공품 : 국내산,836.0 Kcal,탄수화물(g) : 152.8<br/>단백질(g) : 23.4<br/>지방(g) : 14.3<br/>비타민A(R.E) : 128.2<br/>티아민(mg) : 0.8<br/>리보플라빈(mg) : 0.9<br/>비타민C(mg) : 11.3<br/>칼슘(mg) : 332.9<br/>철분(mg) : 4.1,20260714
B10,서울특별시교육청,7010073,당곡고등학교,2,중식,20260708,760.00,친환경현미밥 <br/>햄찌개 (1.2.5.6.9.10.15.16)<br/>돈육메추리알조림 (1.5.6.10.13)<br/>브로콜리무침 <br/>회오리감자 (2.5.6)<br/>삼치양념구이 (5.6.13)<br/>깍두기 (9),돼지고기 : 국내산<br/>돼지고기 식육가공품 : 국내산<br/>쌀 : 국내산<br/>배추 : 국내산<br/>고춧가루 : 국내산<br/>조피볼락 수산가공품 : 외국산<br/>비고 : 삼치:국산,844.2 Kcal,탄수화물(g) : 106.2<br/>단백질(g) : 50.7<br/>지방(g) : 20.5<br/>비타민A(R.E) : 84.2<br/>티아민(mg) : 0.8<br/>리보플라빈(mg) : 0.9<br/>비타민C(mg) : 29.8<br/>칼슘(mg) : 193.4<br/>철분(mg) : 3.8,20260715
B10,서울특별시교육청,7010073,당곡고등학교,2,중식,20260709,760.00,친환경잡곡밥 (5)<br/>소고기무국 (16)<br/>마늘쫑무침 (6.13)<br/>치즈떡닭갈비 (2.6.13.15)<br/>어묵볶음 (5.6.13.18)<br/>배추김치 (9)<br/>시리얼/흰우유 (2.5.6),쇠고기(종류) : 국내산(한우)<br/>닭고기 : 국내산<br/>쌀 : 국내산<br/>배추 : 국내산<br/>고춧가루 : 국내산<br/>비고 : 어묵(연육):외국산,851.9 Kcal,탄수화물(g) : 112.0<br/>단백질(g) : 46.1<br/>지방(g) : 23.5<br/>비타민A(R.E) : 458.7<br/>티아민(mg) : 0.6<br/>리보플라빈(mg) : 0.8<br/>비타민C(mg) : 32.3<br/>칼슘(mg) : 384.9<br/>철분(mg) : 3.3,20260716
B10,서울특별시교육청,7010073,당곡고등학교,2,중식,20260710,760.00,친환경현미밥 <br/>짬뽕국 (5.6.9.13.17.18)<br/>고추잡채/꽃빵 (5.6.10.13.18)<br/>가지나물 (5.6)<br/>마파두부 (5.6.10.12.13.18)<br/>배추김치 (9)<br/>아이스망고 ,"돼지고기 : 국내산<br/>쌀 : 국내산<br/>배추 : 국내산<br/>고춧가루 : 국내산<br/>콩 가공품 : 외국산<br/>오징어 : 국내산<br/>비고 : 새우:베트남산, 건홍합:국산",824.3 Kcal,탄수화물(g) : 113.9<br/>단백질(g) : 50.1<br/>지방(g) : 18.0<br/>비타민A(R.E) : 186.1<br/>티아민(mg) : 1.2<br/>리보플라빈(mg) : 0.8<br/>비타민C(mg) : 38.4<br/>칼슘(mg) : 209.6<br/>철분(mg) : 5.3,20260717
B10,서울특별시교육청,7010073,당곡고등학교,2,중식,20260713,760.00,친환경칼슘기장밥 <br/>맑은콩나물국 (5.6.13)<br/>버섯잡채 (5.6.13)<br/>제육볶음 (6.10.13)<br/>총각김치 (9)<br/>사과생크림와플 (2.5.6)<br/>참치쌈장&양배추쌈 (5.6.13),돼지고기 : 국내산<br/>쌀 : 국내산<br/>배추 : 국내산<br/>고춧가루 : 국내산<br/>콩 가공품 : 외국산<br/>비고 : 참치:원양 또는 베트남산,1091.3 Kcal,탄수화물(g) : 169.2<br/>단백질(g) : 52.5<br/>지방(g) : 21.7<br/>비타민A(R.E) : 203.6<br/>티아민(mg) : 1.4<br/>리보플라빈(mg) : 1.0<br/>비타민C(mg) : 23.3<br/>칼슘(mg) : 376.0<br/>철분(mg) : 6.4,20260720
B10,서울특별시교육청,7010073,당곡고등학교,2,중식,20260714,760.00,친환경흑미밥 <br/>순대국 (2.5.6.10.13.16)<br/>부추무침 (13)<br/>도토리묵무침 (5.6.13)<br/>지파이 (1.2.5.6.10.12.15.16)<br/>석박지 (9)<br/>아이스크림(컵) (1.2.5.6),쇠고기 식육가공품 : 국내산<br/>돼지고기 : 국내산<br/>돼지고기 식육가공품 : 국내산<br/>닭고기 식육가공품 : 국내산<br/>쌀 : 국내산<br/>배추 : 국내산<br/>고춧가루 : 국내산,938.8 Kcal,탄수화물(g) : 126.4<br/>단백질(g) : 28.2<br/>지방(g) : 34.9<br/>비타민A(R.E) : 182.4<br/>티아민(mg) : 0.7<br/>리보플라빈(mg) : 0.4<br/>비타민C(mg) : 7.2<br/>칼슘(mg) : 244.8<br/>철분(mg) : 4.9,20260721
B10,서울특별시교육청,7010073,당곡고등학교,2,중식,20260715,760.00,카레라이스 (2.5.6.10.12.13.16.18)<br/>두부된장국 (5.6)<br/>반마리치킨 (5.15)<br/>오이지무침 <br/>배추김치 (9)<br/>자두슬러시 <br/>양배추샐러드&사우전D (1.2.5.6),돼지고기 : 국내산<br/>닭고기 : <br/>닭고기 식육가공품 : 국내산<br/>쌀 : 국내산<br/>배추 : 국내산<br/>고춧가루 : 국내산<br/>콩 가공품 : 외국산,935.5 Kcal,탄수화물(g) : 110.8<br/>단백질(g) : 42.0<br/>지방(g) : 35.6<br/>비타민A(R.E) : 124.8<br/>티아민(mg) : 0.7<br/>리보플라빈(mg) : 0.5<br/>비타민C(mg) : 13.9<br/>칼슘(mg) : 193.1<br/>철분(mg) : 4.1,20260722
B10,서울특별시교육청,7010073,당곡고등학교,2,중식,20260818,760.00,친환경칼슘기장밥 <br/>해쉬브라운피자 (1.2.5.6.10.12.13.15.16)<br/>오징어무국 (17)<br/>명엽채볶음 (5.6.13)<br/>콩나물불고기 (5.6.10.13)<br/>배추김치 (9)<br/>청사과청귤에이드 ,돼지고기 : 국내산<br/>돼지고기 식육가공품 : 국내산<br/>쌀 : 국내산<br/>배추 : 국내산<br/>고춧가루 : 국내산<br/>명태 수산가공품 : 명엽채:러시아산<br/>오징어 : 국내산,820.5 Kcal,탄수화물(g) : 107.4<br/>단백질(g) : 48.1<br/>지방(g) : 21.4<br/>비타민A(R.E) : 136.2<br/>티아민(mg) : 1.3<br/>리보플라빈(mg) : 0.7<br/>비타민C(mg) : 34.0<br/>칼슘(mg) : 263.5<br/>철분(mg) : 2.8,20260825
B10,서울특별시교육청,7010073,당곡고등학교,2,중식,20260819,760.00,친환경잡곡밥 (5)<br/>참치김치찌개 (5.6.9.13)<br/>간장찜닭 (5.6.13.15)<br/>매콤콩나물무침 (5)<br/>미니돈가스&파채 (5.6.10.13.16)<br/>깍두기 (9)<br/>방울토마토 (12),돼지고기 식육가공품 : 국내산<br/>닭고기 : 국내산<br/>쌀 : 국내산<br/>배추 : 국내산<br/>고춧가루 : 국내산<br/>콩 가공품 : 외국산<br/>비고 : 참치:원양또는베트남산,847.2 Kcal,탄수화물(g) : 83.2<br/>단백질(g) : 54.4<br/>지방(g) : 31.1<br/>비타민A(R.E) : 143.0<br/>티아민(mg) : 0.6<br/>리보플라빈(mg) : 0.9<br/>비타민C(mg) : 11.5<br/>칼슘(mg) : 192.4<br/>철분(mg) : 4.7,20260826
B10,서울특별시교육청,7010073,당곡고등학교,2,중식,20260820,760.00,친환경흑미밥 <br/>돈육감자탕 (5.6.9.10.13.16.18)<br/>오이부추무침 (13)<br/>떡강정 (5.6.12.13)<br/>닭꼬치&매콤소스 (6.12.13.15)<br/>석박지 (9)<br/>청포도 ,돼지고기 : 국내산<br/>닭고기 식육가공품 : 국내산<br/>쌀 : 국내산<br/>쌀 가공품 : 국내산<br/>배추 : 국내산<br/>고춧가루 : 국내산<br/>오징어 : 국내산,862.8 Kcal,탄수화물(g) : 134.4<br/>단백질(g) : 36.6<br/>지방(g) : 20.3<br/>비타민A(R.E) : 158.5<br/>티아민(mg) : 0.9<br/>리보플라빈(mg) : 0.7<br/>비타민C(mg) : 16.1<br/>칼슘(mg) : 166.3<br/>철분(mg) : 14.5,20260827
B10,서울특별시교육청,7010073,당곡고등학교,2,중식,20260821,760.00,김밥맛볶음밥 (1.2.5.6.8.10.13.15.16.18)<br/>고명장국 (1.2.5.6.9.13)<br/>시금치나물 <br/>떡볶이 (2.5.6.12.13.16.18)<br/>어묵튀김 (5.6)<br/>깍두기 (9)<br/>조각파인애플 ,"돼지고기 식육가공품 : 국내산<br/>쌀 : 국내산<br/>쌀 가공품 : 국내산<br/>배추 : 국내산<br/>고춧가루 : 국내산<br/>비고 : 어묵연육:미국,중국,베트남,국산",851.4 Kcal,탄수화물(g) : 162.2<br/>단백질(g) : 26.0<br/>지방(g) : 10.9<br/>비타민A(R.E) : 268.6<br/>티아민(mg) : 0.5<br/>리보플라빈(mg) : 0.5<br/>비타민C(mg) : 42.8<br/>칼슘(mg) : 161.3<br/>철분(mg) : 3.0,20260828
B10,서울특별시교육청,7010073,당곡고등학교,2,중식,20260824,760.00,친환경칼슘기장밥 <br/>전복들깨미역국 (5.6.9.13.18)<br/>숙주나물무침 <br/>돈육고추장불고기 (6.10.13)<br/>동그랑땡&케찹 (1.5.6.10.12)<br/>총각김치 (9)<br/>자두맛음료 <br/>꿀떡 ,돼지고기 : 국내산<br/>돼지고기 식육가공품 : 국내산<br/>쌀 : 국내산<br/>쌀 가공품 : 국내산<br/>배추 : 국내산<br/>고춧가루 : 국내산<br/>전복 : 국내산,850.0 Kcal,탄수화물(g) : 108.3<br/>단백질(g) : 48.1<br/>지방(g) : 23.8<br/>비타민A(R.E) : 122.3<br/>티아민(mg) : 1.4<br/>리보플라빈(mg) : 0.5<br/>비타민C(mg) : 32.5<br/>칼슘(mg) : 203.3<br/>철분(mg) : 4.6,20260831
B10,서울특별시교육청,7010073,당곡고등학교,2,중식,20260825,760.00,깍두기볶음밥 (5.6.9.13.18)<br/>두부된장국 (5.6)<br/>양상추샐러드(오리엔탈D) (1.2.5.6.12)<br/>스크램블드에그 (1)<br/>가자미순살튀김 (6)<br/>배추김치 (9)<br/>더티초코크로와상 (1.2.5.6),쌀 : 국내산<br/>배추 : 국내산<br/>고춧가루 : 국내산<br/>콩 가공품 : 외국산<br/>비고 : 가자미:미국산,806.0 Kcal,탄수화물(g) : 97.9<br/>단백질(g) : 40.3<br/>지방(g) : 25.4<br/>비타민A(R.E) : 170.3<br/>티아민(mg) : 0.5<br/>리보플라빈(mg) : 0.8<br/>비타민C(mg) : 8.4<br/>칼슘(mg) : 221.6<br/>철분(mg) : 5.1,20260901
B10,서울특별시교육청,7010073,당곡고등학교,2,중식,20260826,760.00,친환경현미밥 <br/>얼갈이된장국 (5.6.9.13)<br/>고춧잎나물(초) (6)<br/>치즈불닭 (2.5.6.13.15)<br/>현미육원전 (1.5.6.10.15.16)<br/>배추김치 (9)<br/>고구마도넛 (2.5.6),돼지고기 식육가공품 : 국내산<br/>닭고기 : 국내산<br/>닭고기 식육가공품 : 국내산<br/>쌀 : 국내산<br/>쌀 가공품 : 외국산<br/>배추 : 국내산<br/>고춧가루 : 국내산,912.8 Kcal,탄수화물(g) : 123.9<br/>단백질(g) : 47.5<br/>지방(g) : 24.7<br/>비타민A(R.E) : 340.5<br/>티아민(mg) : 0.8<br/>리보플라빈(mg) : 0.5<br/>비타민C(mg) : 23.0<br/>칼슘(mg) : 527.6<br/>철분(mg) : 8.4,20260902
B10,서울특별시교육청,7010073,당곡고등학교,2,중식,20260827,760.00,친환경현미밥 <br/>얼큰소고기무국 (16)<br/>온두부&김치볶음 (5.9.13)<br/>들기름감자채볶음 <br/>피자핫도그 (1.2.5.6.10.12.13.16)<br/>갈아만든키위주스 ,쇠고기(종류) : 국내산(한우)<br/>돼지고기 식육가공품 : 국내산<br/>쌀 : 국내산<br/>배추 : 국내산<br/>고춧가루 : 국내산<br/>콩 가공품 : 외국산,843.4 Kcal,탄수화물(g) : 125.1<br/>단백질(g) : 25.9<br/>지방(g) : 25.6<br/>비타민A(R.E) : 69.6<br/>티아민(mg) : 0.3<br/>리보플라빈(mg) : 0.5<br/>비타민C(mg) : 89.1<br/>칼슘(mg) : 263.0<br/>철분(mg) : 3.3,20260903
B10,서울특별시교육청,7010073,당곡고등학교,2,중식,20260828,760.00,추가밥 <br/>스파게티 (1.2.5.6.10.12.13.16.18)<br/>목살스테이크 (5.6.10.13.16.18)<br/>소시지+구운야채 (2.5.6.10.15.16)<br/>깍두기 (9)<br/>오이피클 <br/>토마토카프레제 (1.2.3.5.6.12),돼지고기 : 국내산<br/>돼지고기 식육가공품 : 국내산<br/>쌀 : 국내산<br/>배추 : 국내산<br/>고춧가루 : 국내산,849.8 Kcal,탄수화물(g) : 99.3<br/>단백질(g) : 40.6<br/>지방(g) : 31.4<br/>비타민A(R.E) : 161.6<br/>티아민(mg) : 1.1<br/>리보플라빈(mg) : 0.7<br/>비타민C(mg) : 44.1<br/>칼슘(mg) : 224.4<br/>철분(mg) : 3.6,20260904
B10,서울특별시교육청,7010073,당곡고등학교,2,중식,20260831,760.00,친환경칼슘기장밥 <br/>북어국 (1.5.6.9.13)<br/>얼갈이된장무침 (5.6.13)<br/>미트볼데리야끼볶음 (1.2.5.6.10.13.15.16)<br/>닭볶음탕 (5.6.13.15)<br/>배추김치 (9)<br/>한라봉주스 (1.2),돼지고기 식육가공품 : 국내산<br/>닭고기 : 국내산<br/>쌀 : 국내산<br/>배추 : 국내산<br/>고춧가루 : 국내산<br/>명태 수산가공품 : 북어:러시아산,824.8 Kcal,탄수화물(g) : 98.9<br/>단백질(g) : 52.7<br/>지방(g) : 22.5<br/>비타민A(R.E) : 245.6<br/>티아민(mg) : 0.7<br/>리보플라빈(mg) : 0.6<br/>비타민C(mg) : 17.0<br/>칼슘(mg) : 191.3<br/>철분(mg) : 3.6,20260907
B10,서울특별시교육청,7010073,당곡고등학교,2,중식,20260901,760.00,참치야채비빔밥 (5.6.13)<br/>팽이장국 (5.6.9)<br/>브로콜리무침 <br/>잔멸치볶음 (13)<br/>떡갈비&소스 (1.2.5.6.10.12.13.15.16)<br/>배추김치 (9)<br/>오렌지자몽주스 ,돼지고기 식육가공품 : 국내산<br/>쌀 : 국내산<br/>배추 : 국내산<br/>고춧가루 : 국내산<br/>다랑어 : <br/>다랑어 수산가공품 : 참치: 베트남산,854.2 Kcal,탄수화물(g) : 140.7<br/>단백질(g) : 33.9<br/>지방(g) : 16.9<br/>비타민A(R.E) : 140.2<br/>티아민(mg) : 2.2<br/>리보플라빈(mg) : 0.5<br/>비타민C(mg) : 13.1<br/>칼슘(mg) : 283.9<br/>철분(mg) : 3.6,20260908
B10,서울특별시교육청,7010073,당곡고등학교,2,중식,20260902,760.00,친환경현미밥 <br/>소고기무국 (16)<br/>두부조림 (5.6.13)<br/>동파육 (5.6.10.13.18)<br/>청경채겉절이 (13)<br/>배추김치 (9)<br/>초콜릿칩쿠키 (1.2.5.6),돼지고기 : 국내산<br/>돼지고기 식육가공품 : <br/>쌀 : 국내산<br/>배추 : 국내산<br/>고춧가루 : 국내산,889.4 Kcal,탄수화물(g) : 83.1<br/>단백질(g) : 48.6<br/>지방(g) : 37.7<br/>비타민A(R.E) : 70.7<br/>티아민(mg) : 1.0<br/>리보플라빈(mg) : 1.0<br/>비타민C(mg) : 12.0<br/>칼슘(mg) : 182.0<br/>철분(mg) : 4.4,20260909
B10,서울특별시교육청,7010073,당곡고등학교,2,중식,20260903,760.00,친환경흑미밥 <br/>불마요들기름메밀국수 (3.5.6.13)<br/>양송이스프 (2.5.6.13.16)<br/>시저샐러드 (1.2.5.6.10.12)<br/>등심돈까스&소스 (1.2.5.6.10.12.15.16)<br/>깍두기 (9),쌀 : 국내산<br/>배추 : 국내산<br/>고춧가루 : 국내산,842.3 Kcal,탄수화물(g) : 60.8<br/>단백질(g) : 17.9<br/>지방(g) : 57.9<br/>비타민A(R.E) : 72.3<br/>티아민(mg) : 0.2<br/>리보플라빈(mg) : 0.5<br/>비타민C(mg) : 4.2<br/>칼슘(mg) : 130.4<br/>철분(mg) : 3.8,20260910
B10,서울특별시교육청,7010073,당곡고등학교,2,중식,20260904,760.00,달걀볶음밥 (1.5.6.13.18)<br/>미니한우쌀국수 (2.5.6.13.16)<br/>오이탕탕이 (5.6.13)<br/>짜조&칠리파디소스 (1.5.6.9.10.13.16)<br/>배추김치 (9)<br/>아이스망고 ,쌀 : 국내산<br/>배추 : 국내산<br/>고춧가루 : 국내산,837.8 Kcal,탄수화물(g) : 126.5<br/>단백질(g) : 31.3<br/>지방(g) : 22.6<br/>비타민A(R.E) : 439.5<br/>티아민(mg) : 1.8<br/>리보플라빈(mg) : 0.5<br/>비타민C(mg) : 40.3<br/>칼슘(mg) : 239.7<br/>철분(mg) : 4.4,20260910
B10,서울특별시교육청,7010073,당곡고등학교,2,중식,20260907,760.00,친환경칼슘기장밥 <br/>케이크 (1.2.5.6)<br/>소고기미역국 (5.6.16)<br/>고춧잎나물(초) (6)<br/>버섯잡채 (5.6.13)<br/>제육볶음 (6.10.13)<br/>배추김치 (9),쇠고기(종류) : 국내산(한우)<br/>돼지고기 : 국내산<br/>쌀 : 국내산<br/>배추 : 국내산<br/>고춧가루 : 국내산<br/>콩 가공품 : <br/>비고 : ,843.2 Kcal,탄수화물(g) : 128.0<br/>단백질(g) : 48.5<br/>지방(g) : 14.6<br/>비타민A(R.E) : 357.8<br/>티아민(mg) : 1.2<br/>리보플라빈(mg) : 0.9<br/>비타민C(mg) : 22.2<br/>칼슘(mg) : 344.7<br/>철분(mg) : 5.9,20260910
B10,서울특별시교육청,7010073,당곡고등학교,2,중식,20260908,760.00,나물비빔밥*고추장 (5.6.13)<br/>유부미소국 (5.6)<br/>청포묵김가루무침 (5)<br/>떡볶이(부찬) (1.2.5.6.12.13.16.18)<br/>훈제연어&양파소스 (1.2.5.6)<br/>배추김치 (9)<br/>키위 ,"쌀 : 국내산<br/>쌀 가공품 : 떡볶이떡(쌀):국내산<br/>배추 : 국내산<br/>고춧가루 : 국내산<br/>콩 가공품 : 유부(대두):외국산, 두부(대두):외국산<br/>비고 : 훈제연어:칠레산",800.1 Kcal,탄수화물(g) : 138.3<br/>단백질(g) : 28.2<br/>지방(g) : 15.6<br/>비타민A(R.E) : 133.1<br/>티아민(mg) : 0.6<br/>리보플라빈(mg) : 0.4<br/>비타민C(mg) : 48.9<br/>칼슘(mg) : 251.6<br/>철분(mg) : 3.0,20260910
B10,서울특별시교육청,7010073,당곡고등학교,2,중식,20260909,760.00,친환경현미밥 <br/>시래기된장국 (5.6.9)<br/>달걀장조림 (1.5.6.13)<br/>돈사태김치찜 (5.6.9.10.13)<br/>숙주나물무침 <br/>총각김치 (9)<br/>자두 ,돼지고기 : 국내산<br/>쌀 : 국내산<br/>배추 : 국내산<br/>고춧가루 : 국내산<br/>비고 : 건새우:국내산,829.1 Kcal,탄수화물(g) : 105.6<br/>단백질(g) : 49.9<br/>지방(g) : 20.6<br/>비타민A(R.E) : 137.8<br/>티아민(mg) : 1.0<br/>리보플라빈(mg) : 1.3<br/>비타민C(mg) : 13.5<br/>칼슘(mg) : 251.9<br/>철분(mg) : 5.4,20260910
B10,서울특별시교육청,7010073,당곡고등학교,2,중식,20260910,760.00,친환경보리밥 <br/>전통씨앗호떡 (2.4.5.6)<br/>육개장 (1.5.6.15.16)<br/>실곤약야채무침(초) (5.6.13)<br/>스팸감자채볶음 (10)<br/>지파이 (1.2.5.6.10.12.15.16)<br/>깍두기 (9),쇠고기(종류) : 국내산(한우)<br/>돼지고기 식육가공품 : 햄:국내산<br/>닭고기 식육가공품 : 지파이:국내산<br/>쌀 : 국내산<br/>배추 : 국내산<br/>고춧가루 : 국내산,829.2 Kcal,탄수화물(g) : 122.1<br/>단백질(g) : 29.5<br/>지방(g) : 24.7<br/>비타민A(R.E) : 111.4<br/>티아민(mg) : 0.6<br/>리보플라빈(mg) : 0.4<br/>비타민C(mg) : 16.8<br/>칼슘(mg) : 199.9<br/>철분(mg) : 3.4,20260910
B10,서울특별시교육청,7010073,당곡고등학교,2,중식,20260911,760.00,주꾸미야채비빔밥 (2.5.6.16)<br/>파송송달걀국 (1.13)<br/>피자핫도그 (1.2.5.6.10.12.13.16)<br/>오이지무침 <br/>배추김치 (9)<br/>아이스요구르트 (2),돼지고기 식육가공품 : 피자핫도그(소시지):국내산<br/>쌀 : 국내산<br/>배추 : 국내산<br/>고춧가루 : 국내산<br/>주꾸미 : 베트남산,847.4 Kcal,탄수화물(g) : 130.6<br/>단백질(g) : 36.6<br/>지방(g) : 18.5<br/>비타민A(R.E) : 183.5<br/>티아민(mg) : 0.4<br/>리보플라빈(mg) : 0.7<br/>비타민C(mg) : 15.2<br/>칼슘(mg) : 332.3<br/>철분(mg) : 4.5,20260910
B10,서울특별시교육청,7010073,당곡고등학교,2,중식,20260914,760.00,친환경칼슘기장밥 <br/>조랭이떡국 (1.5.6.13.16)<br/>매운갈비찜 (5.6.10.13)<br/>얼갈이된장무침 (5.6.13)<br/>해물완자전 (1.2.5.6.8.9.16.17.18)<br/>배추김치 (9)<br/>블루베리&요거트 (2),"쇠고기(종류) : 국내산(한우)<br/>돼지고기 : 국내산<br/>쌀 : 국내산<br/>쌀 가공품 : 떡볶이떡(쌀):국내산<br/>배추 : 국내산<br/>고춧가루 : 국내산<br/>고등어 : <br/>고등어 수산가공품 : <br/>오징어 수산가공품 : 해물완자전(오징어):칠레산,페루산<br/>비고 : 해물완자전(연육):베트남산",847.3 Kcal,탄수화물(g) : 108.8<br/>단백질(g) : 48.3<br/>지방(g) : 23.9<br/>비타민A(R.E) : 217.8<br/>티아민(mg) : 1.2<br/>리보플라빈(mg) : 0.9<br/>비타민C(mg) : 16.7<br/>칼슘(mg) : 352.8<br/>철분(mg) : 3.8,20260910
B10,서울특별시교육청,7010073,당곡고등학교,2,중식,20260915,760.00,친환경잡곡밥 (5)<br/>도토리묵사발 (2.5.6.9.15.16.18)<br/>간장찜닭 (5.6.13.15.16)<br/>매콤콩나물무침 (5)<br/>해물볶음우동 (2.5.6.9.13.15.17.18)<br/>치즈볼 (2.5.6)<br/>총각김치 (9),"닭고기 : 국내산<br/>쌀 : 국내산<br/>배추 : 국내산<br/>고춧가루 : 국내산<br/>오징어 : 국내산<br/>다랑어 수산가공품 : 국내산<br/>비고 : 새우:중국산, 건홍합:국산",850.5 Kcal,탄수화물(g) : 114.0<br/>단백질(g) : 66.9<br/>지방(g) : 11.4<br/>비타민A(R.E) : 139.8<br/>티아민(mg) : 0.6<br/>리보플라빈(mg) : 1.3<br/>비타민C(mg) : 14.6<br/>칼슘(mg) : 326.6<br/>철분(mg) : 4.1,20260910
B10,서울특별시교육청,7010073,당곡고등학교,2,중식,20260916,760.00,친환경강황밥 <br/>돈육감자탕 (16.5.6.10.13)<br/>야채달걀찜 (1.9)<br/>깐쇼새우 (1.5.6.9.12.13)<br/>석박지 (9)<br/>토마토카프레제 (1.2.3.5.6.12)<br/>바람떡 ,"돼지고기 : 국내산<br/>쌀 : 국내산<br/>배추 : 국내산<br/>고춧가루 : 국내산<br/>비고 : 깐쇼새우(새우):베트남,중국산",833.5 Kcal,탄수화물(g) : 115.6<br/>단백질(g) : 40.3<br/>지방(g) : 22.2<br/>비타민A(R.E) : 303.1<br/>티아민(mg) : 0.6<br/>리보플라빈(mg) : 0.7<br/>비타민C(mg) : 18.4<br/>칼슘(mg) : 344.3<br/>철분(mg) : 4.7,20260910
B10,서울특별시교육청,7010073,당곡고등학교,2,중식,20260917,760.00,친환경현미밥 <br/>우렁된장찌개 (5.6.9)<br/>수육 (5.6.10)<br/>파채무침 (13)<br/>낙지호롱구이 (2.5.6.16)<br/>배추김치 (9)<br/>상추&쌈장 (5.6),돼지고기 : 국내산<br/>쌀 : 국내산<br/>배추 : 국내산<br/>고춧가루 : 국내산<br/>낙지 수산가공품 : 베트남산<br/>우렁쉥이 : 국내산<br/>비고 : 건새우:국내산,840.4 Kcal,탄수화물(g) : 98.6<br/>단백질(g) : 58.5<br/>지방(g) : 21.1<br/>비타민A(R.E) : 117.7<br/>티아민(mg) : 1.3<br/>리보플라빈(mg) : 0.7<br/>비타민C(mg) : 10.7<br/>칼슘(mg) : 355.0<br/>철분(mg) : 5.3,20260910
B10,서울특별시교육청,7010073,당곡고등학교,2,중식,20260918,760.00,칼슘강화기장밥 <br/>자장면(주찬) (2.5.6.10.13.16.18)<br/>순두부짬뽕국 (5.6.9.13.15.17.18)<br/>꼬들단무지무침 <br/>꿔바로우&소스 (5.6.10.16)<br/>배추김치 (9)<br/>조각파인애플 ,"돼지고기 : 국내산<br/>돼지고기 식육가공품 : 국내산<br/>쌀 : 국내산<br/>배추 : 국내산<br/>고춧가루 : 국내산<br/>오징어 수산가공품 : 국내산<br/>비고 : 건새우:국내산, 건홍합:국내산",837.0 Kcal,탄수화물(g) : 129.7<br/>단백질(g) : 32.7<br/>지방(g) : 22.9<br/>비타민A(R.E) : 93.2<br/>티아민(mg) : 0.7<br/>리보플라빈(mg) : 0.5<br/>비타민C(mg) : 34.9<br/>칼슘(mg) : 211.9<br/>철분(mg) : 9.8,20260910
B10,서울특별시교육청,7010073,당곡고등학교,2,중식,20260921,760.00,친환경칼슘기장밥 <br/>얼큰돼지국밥 (10.13.16)<br/>골뱅이소면무침 (5.6.13.17)<br/>부추무침 (13)<br/>야채달걀말이 (1)<br/>석박지 (9)<br/>초코우유 (2),돼지고기 : 국내산<br/>쌀 : 국내산<br/>배추 : 국내산<br/>고춧가루 : 국내산<br/>오징어 수산가공품 : 진미채:페루산<br/>비고 : 골뱅이:국내산,843.8 Kcal,탄수화물(g) : 104.8<br/>단백질(g) : 43.6<br/>지방(g) : 26.2<br/>비타민A(R.E) : 282.7<br/>티아민(mg) : 0.8<br/>리보플라빈(mg) : 0.8<br/>비타민C(mg) : 6.8<br/>칼슘(mg) : 350.1<br/>철분(mg) : 5.6,20260910
B10,서울특별시교육청,7010073,당곡고등학교,2,중식,20260922,760.00,친환경현미밥 <br/>닭다리닭곰탕 (5.6.13.15)<br/>오이고추된장무침 (5.6.13)<br/>오징어김치전 (1.5.6)<br/>코다리강정 (1.5.6.12.13)<br/>배추김치 (9)<br/>아이스슈 (1.2.5.6),닭고기 : 국내산<br/>쌀 : 국내산<br/>배추 : 국내산<br/>고춧가루 : 국내산<br/>오징어 수산가공품 : 국내산<br/>비고 : 코다리강정(코다리):러시아산,831.5 Kcal,탄수화물(g) : 115.0<br/>단백질(g) : 38.0<br/>지방(g) : 21.9<br/>비타민A(R.E) : 53.7<br/>티아민(mg) : 0.5<br/>리보플라빈(mg) : 0.6<br/>비타민C(mg) : 17.1<br/>칼슘(mg) : 136.2<br/>철분(mg) : 3.0,20260910
B10,서울특별시교육청,7010073,당곡고등학교,2,중식,20260923,760.00,친환경보리밥 <br/>참치김치찌개 (5.6.9.13)<br/>불닭팽이버섯 (5.6.13)<br/>돈육불백 (5.6.10.13.16)<br/>떡꼬치&소스 (6.12.13)<br/>깍두기 (9)<br/>키위 ,돼지고기 : 국내산<br/>쌀 : 국내산<br/>쌀 가공품 : 떡꼬치떡(쌀):국내산<br/>배추 : 국내산<br/>고춧가루 : 국내산<br/>콩 가공품 : 두부(대두):외국산<br/>다랑어 : 베트남산,857.9 Kcal,탄수화물(g) : 129.8<br/>단백질(g) : 50.3<br/>지방(g) : 15.0<br/>비타민A(R.E) : 33.9<br/>티아민(mg) : 1.3<br/>리보플라빈(mg) : 0.8<br/>비타민C(mg) : 45.9<br/>칼슘(mg) : 173.6<br/>철분(mg) : 3.7,20260910
B10,서울특별시교육청,7010073,당곡고등학교,2,중식,20260928,760.00,친환경칼슘기장밥 <br/>북어국 (1.5.6.9.13)<br/>양배추쌈/쌈장 (5.6)<br/>돈육고추장볶음 (6.10.13)<br/>분홍소시지전 (1.2.5.6.10.15.16)<br/>파김치 (9)<br/>찰떡아이스 (1.2.5.14),"돼지고기 : 국내산<br/>돼지고기 식육가공품 : 국내산<br/>쌀 : 국내산<br/>배추 : 국내산<br/>고춧가루 : 국내산<br/>명태 수산가공품 : 북어채:러시아산<br/>비고 : 분홍소시지(연육):중국,베트남,국내산",872.8 Kcal,탄수화물(g) : 110.0<br/>단백질(g) : 50.3<br/>지방(g) : 25.3<br/>비타민A(R.E) : 244.1<br/>티아민(mg) : 1.2<br/>리보플라빈(mg) : 0.6<br/>비타민C(mg) : 25.0<br/>칼슘(mg) : 217.6<br/>철분(mg) : 3.3,20260910
B10,서울특별시교육청,7010073,당곡고등학교,2,중식,20260929,760.00,곤드레나물밥&양념장 (5.6.13)<br/>오징어무국 (17)<br/>도토리묵&양념장 (5.6.13)<br/>가자미순살튀김 (6)<br/>치즈핫도그&케찹 (1.2.5.6.12)<br/>배추김치 (9),쌀 : 국내산<br/>배추 : 국내산<br/>고춧가루 : 국내산<br/>오징어 : 국내산<br/>비고 : 가자미:미국산,826.1 Kcal,탄수화물(g) : 124.3<br/>단백질(g) : 40.3<br/>지방(g) : 14.6<br/>비타민A(R.E) : 129.8<br/>티아민(mg) : 0.5<br/>리보플라빈(mg) : 0.8<br/>비타민C(mg) : 12.2<br/>칼슘(mg) : 256.7<br/>철분(mg) : 3.0,20260910
B10,서울특별시교육청,7010073,당곡고등학교,2,중식,20260930,760.00,추가밥 <br/>나가사끼짬뽕 (5.6.8.9.10.13.17.18)<br/>연근조림 (5.6.13)<br/>발효왕만두 (5.6.10.16)<br/>배추김치 (9)<br/>우리밀약과 (6)<br/>브로콜리&초장 (6),"돼지고기 : 국내산<br/>돼지고기 식육가공품 : 만두(돈육):국내산<br/>쌀 : 국내산<br/>배추 : 국내산<br/>고춧가루 : 국내산<br/>비고 : 새우:중국산, 바지락:국산",869.6 Kcal,탄수화물(g) : 154.8<br/>단백질(g) : 34.1<br/>지방(g) : 13.2<br/>비타민A(R.E) : 77.6<br/>티아민(mg) : 0.6<br/>리보플라빈(mg) : 0.8<br/>비타민C(mg) : 20.5<br/>칼슘(mg) : 166.8<br/>철분(mg) : 6.1,20260910
B10,서울특별시교육청,7010073,당곡고등학교,3,석식,20210322,66.00,친환경잡곡밥*5.<br/>감자옹심이국*5.6.13.<br/>도토리묵무침*5.6.13.<br/>돼지고기김치찜*5.6.9.10.13.<br/>채어묵볶음*1.5.6.13.16.18.<br/>열무김치*9.13.,쌀 : 국내산<br/>김치류 : 국내산<br/>고춧가루(김치류) : 국내산<br/>쇠고기(종류) : 국내산(한우)<br/>돼지고기 : 국내산<br/>닭고기 : 국내산<br/>오리고기 : 국내산<br/>쇠고기 식육가공품 : 국내산<br/>돼지고기 식육가공품 : 국내산<br/>닭고기 식육가공품 : 국내산<br/>오리고기 가공품 : 국내산<br/>낙지 : 국내산<br/>고등어 : 국내산<br/>갈치 : 국내산<br/>오징어 : 국내산<br/>꽃게 : 국내산<br/>참조기 : 국내산<br/>콩 : 국내산,909.2 Kcal,탄수화물(g) : 140.3<br/>단백질(g) : 55.2<br/>지방(g) : 19.0<br/>비타민A(R.E) : 587.7<br/>티아민(mg) : 0.9<br/>리보플라빈(mg) : 1.2<br/>비타민C(mg) : 19.6<br/>칼슘(mg) : 266.6<br/>철분(mg) : 5.2,20210329043018
B10,서울특별시교육청,7010073,당곡고등학교,3,석식,20210323,66.00,하이라이스*1.2.5.6.10.12.13.<br/>팽이장국*5.6.13.<br/>치킨스낵랩*1.2.5.6.13.15.18.<br/>깍두기*9.13.<br/>감귤음료*5.13.<br/>고구마단호박샐러드*1.5.13.,쌀 : 국내산<br/>김치류 : 국내산<br/>고춧가루(김치류) : 국내산<br/>쇠고기(종류) : 국내산(한우)<br/>돼지고기 : 국내산<br/>닭고기 : 국내산<br/>오리고기 : 국내산<br/>쇠고기 식육가공품 : 국내산<br/>돼지고기 식육가공품 : 국내산<br/>닭고기 식육가공품 : 국내산<br/>오리고기 가공품 : 국내산<br/>낙지 : 국내산<br/>고등어 : 국내산<br/>갈치 : 국내산<br/>오징어 : 국내산<br/>꽃게 : 국내산<br/>참조기 : 국내산<br/>콩 : 국내산,1063.9 Kcal,탄수화물(g) : 187.2<br/>단백질(g) : 35.6<br/>지방(g) : 30.0<br/>비타민A(R.E) : 298.2<br/>티아민(mg) : 0.5<br/>리보플라빈(mg) : 0.7<br/>비타민C(mg) : 86.5<br/>칼슘(mg) : 157.6<br/>철분(mg) : 3.8,20210330043046
B10,서울특별시교육청,7010073,당곡고등학교,3,석식,20210324,66.00,쫄면야채무침(大)*5.6.13.<br/>미역장국*5.6.13.<br/>한입고기만두*1.6.10.16.18.5.<br/>미니츄러스*1.2.5.6.<br/>배추김치*9.13.,쌀 : 국내산<br/>김치류 : 국내산<br/>고춧가루(김치류) : 국내산<br/>쇠고기(종류) : 국내산(한우)<br/>돼지고기 : 국내산<br/>닭고기 : 국내산<br/>오리고기 : 국내산<br/>쇠고기 식육가공품 : 국내산<br/>돼지고기 식육가공품 : 국내산<br/>닭고기 식육가공품 : 국내산<br/>오리고기 가공품 : 국내산<br/>낙지 : 국내산<br/>고등어 : 국내산<br/>갈치 : 국내산<br/>오징어 : 국내산<br/>꽃게 : 국내산<br/>참조기 : 국내산<br/>콩 : 국내산,885.5 Kcal,탄수화물(g) : 145.2<br/>단백질(g) : 27.8<br/>지방(g) : 20.4<br/>비타민A(R.E) : 210.5<br/>티아민(mg) : 0.7<br/>리보플라빈(mg) : 0.4<br/>비타민C(mg) : 9.1<br/>칼슘(mg) : 214.8<br/>철분(mg) : 9.3,20210331043017
B10,서울특별시교육청,7010073,당곡고등학교,3,석식,20210325,66.00,친환경현미밥*<br/>시금치장국*5.6.13.<br/>콩나물불고기*5.6.10.13.<br/>야채달걀찜*1.2.13.<br/>백김치*9.13.<br/>우리쌀식혜*,쌀 : 국내산<br/>김치류 : 국내산<br/>고춧가루(김치류) : 국내산<br/>쇠고기(종류) : 국내산(한우)<br/>돼지고기 : 국내산<br/>닭고기 : 국내산<br/>오리고기 : 국내산<br/>쇠고기 식육가공품 : 국내산<br/>돼지고기 식육가공품 : 국내산<br/>닭고기 식육가공품 : 국내산<br/>오리고기 가공품 : 국내산<br/>낙지 : 국내산<br/>고등어 : 국내산<br/>갈치 : 국내산<br/>오징어 : 국내산<br/>꽃게 : 국내산<br/>참조기 : 국내산<br/>콩 : 국내산,715.6 Kcal,탄수화물(g) : 97.6<br/>단백질(g) : 52.3<br/>지방(g) : 15.0<br/>비타민A(R.E) : 487.4<br/>티아민(mg) : 0.8<br/>리보플라빈(mg) : 1.0<br/>비타민C(mg) : 33.2<br/>칼슘(mg) : 195.9<br/>철분(mg) : 4.7,20210401043050
B10,서울특별시교육청,7010073,당곡고등학교,3,석식,20210329,51.00,친환경현미밥*<br/>얼큰김치콩나물국*5.6.9.13.<br/>닭살카레볶음*2.5.6.12.15.16.18.<br/>명엽채볶음5.6.13.<br/>알감자조림*5.6.13.<br/>섞박지*9.13.,쌀 : 국내산<br/>김치류 : 국내산<br/>고춧가루(김치류) : 국내산<br/>쇠고기(종류) : 국내산(한우)<br/>돼지고기 : 국내산<br/>닭고기 : 국내산<br/>오리고기 : 국내산<br/>쇠고기 식육가공품 : 국내산<br/>돼지고기 식육가공품 : 국내산<br/>닭고기 식육가공품 : 국내산<br/>오리고기 가공품 : 국내산<br/>낙지 : 국내산<br/>고등어 : 국내산<br/>갈치 : 국내산<br/>오징어 : 국내산<br/>꽃게 : 국내산<br/>참조기 : 국내산<br/>콩 : 국내산,801.9 Kcal,탄수화물(g) : 123.2<br/>단백질(g) : 66.1<br/>지방(g) : 10.6<br/>비타민A(R.E) : 161.0<br/>티아민(mg) : 0.6<br/>리보플라빈(mg) : 0.5<br/>비타민C(mg) : 16.5<br/>칼슘(mg) : 257.9<br/>철분(mg) : 5.3,20210405043023
B10,서울특별시교육청,7010073,당곡고등학교,3,석식,20210330,51.00,딸기잼하트파이*1.2.5.6.<br/>봄동된장국*5.6.13.<br/>돼지고기메추리알조림*1.5.6.10.13.<br/>마파두부덮밥*5.6.10.12.13.<br/>총각김치*9.13.,쌀 : 국내산<br/>김치류 : 국내산<br/>고춧가루(김치류) : 국내산<br/>쇠고기(종류) : 국내산(한우)<br/>돼지고기 : 국내산<br/>닭고기 : 국내산<br/>오리고기 : 국내산<br/>쇠고기 식육가공품 : 국내산<br/>돼지고기 식육가공품 : 국내산<br/>닭고기 식육가공품 : 국내산<br/>오리고기 가공품 : 국내산<br/>낙지 : 국내산<br/>고등어 : 국내산<br/>갈치 : 국내산<br/>오징어 : 국내산<br/>꽃게 : 국내산<br/>참조기 : 국내산<br/>콩 : 국내산,1051.5 Kcal,탄수화물(g) : 144.1<br/>단백질(g) : 57.8<br/>지방(g) : 28.5<br/>비타민A(R.E) : 342.9<br/>티아민(mg) : 0.9<br/>리보플라빈(mg) : 0.9<br/>비타민C(mg) : 17.4<br/>칼슘(mg) : 282.7<br/>철분(mg) : 21.1,20210406043050
B10,서울특별시교육청,7010073,당곡고등학교,3,석식,20210331,51.00,김가루주먹밥*13.<br/>잔치국수*1.5.6.13.<br/>볶음김치*9.13.<br/>닭다리후라이드&치킨양념소스*1.2.5.6.12.13.15.16.<br/>자두음료*,쌀 : 국내산<br/>김치류 : 국내산<br/>고춧가루(김치류) : 국내산<br/>쇠고기(종류) : 국내산(한우)<br/>돼지고기 : 국내산<br/>닭고기 : 국내산<br/>오리고기 : 국내산<br/>쇠고기 식육가공품 : 국내산<br/>돼지고기 식육가공품 : 국내산<br/>닭고기 식육가공품 : 국내산<br/>오리고기 가공품 : 국내산<br/>낙지 : 국내산<br/>고등어 : 국내산<br/>갈치 : 국내산<br/>오징어 : 국내산<br/>꽃게 : 국내산<br/>참조기 : 국내산<br/>콩 : 국내산,873.8 Kcal,탄수화물(g) : 143.5<br/>단백질(g) : 38.7<br/>지방(g) : 21.5<br/>비타민A(R.E) : 566.6<br/>티아민(mg) : 0.2<br/>리보플라빈(mg) : 0.6<br/>비타민C(mg) : 37.2<br/>칼슘(mg) : 204.9<br/>철분(mg) : 4.6,20210407043019
B10,서울특별시교육청,7010073,당곡고등학교,3,석식,20210401,63.00,친환경잡곡밥*5.<br/>얼큰한우무국*5.6.13.<br/>메추리알곤약조림*1.5.6.13.<br/>스팸달걀부침*1.2.5.6.10.13.15.16.<br/>열무김치*9.13.<br/>한라봉,쌀 : 국내산<br/>김치류 : 국내산<br/>고춧가루(김치류) : 국내산<br/>쇠고기(종류) : 국내산(한우)<br/>돼지고기 : 국내산<br/>닭고기 : 국내산<br/>오리고기 : 국내산<br/>쇠고기 식육가공품 : 국내산<br/>돼지고기 식육가공품 : 국내산<br/>닭고기 식육가공품 : 국내산<br/>오리고기 가공품 : 국내산<br/>낙지 : 국내산<br/>고등어 : 국내산<br/>갈치 : 국내산<br/>오징어 : 국내산<br/>꽃게 : 국내산<br/>참조기 : 국내산<br/>콩 : 국내산,867.2 Kcal,탄수화물(g) : 88.2<br/>단백질(g) : 48.8<br/>지방(g) : 35.6<br/>비타민A(R.E) : 332.4<br/>티아민(mg) : 0.4<br/>리보플라빈(mg) : 1.2<br/>비타민C(mg) : 60.4<br/>칼슘(mg) : 250.8<br/>철분(mg) : 6.2,20210408043050
B10,서울특별시교육청,7010073,당곡고등학교,3,석식,20210405,78.00,친환경흑미밥*<br/>얼큰감자수제비국*5.6.13.<br/>채어묵볶음*1.5.6.13.16.18.<br/>훈제오리&머스터드*1.5.6.13.<br/>배추김치*9.13.<br/>쌈무*,쌀 : 국내산<br/>김치류 : 국내산<br/>고춧가루(김치류) : 국내산<br/>쇠고기(종류) : 국내산(한우)<br/>돼지고기 : 국내산<br/>닭고기 : 국내산<br/>오리고기 : 국내산<br/>쇠고기 식육가공품 : 국내산<br/>돼지고기 식육가공품 : 국내산<br/>닭고기 식육가공품 : 국내산<br/>오리고기 가공품 : 국내산<br/>낙지 : 국내산<br/>고등어 : 국내산<br/>갈치 : 국내산<br/>오징어 : 국내산<br/>꽃게 : 국내산<br/>참조기 : 국내산<br/>콩 : 국내산,785.7 Kcal,탄수화물(g) : 101.7<br/>단백질(g) : 32.0<br/>지방(g) : 32.2<br/>비타민A(R.E) : 178.0<br/>티아민(mg) : 0.4<br/>리보플라빈(mg) : 0.4<br/>비타민C(mg) : 28.9<br/>칼슘(mg) : 172.6<br/>철분(mg) : 3.9,20210412043017
B10,서울특별시교육청,7010073,당곡고등학교,3,석식,20210406,78.00,카레라이스*2.5.6.10.12.16.18.<br/>얼큰김치콩나물국*5.6.9.13.<br/>미니돈까스&파채소스*1.2.5.6.10.13.16.18.<br/>깍두기*9.13.<br/>사과음료*5.13.,쌀 : 국내산<br/>김치류 : 국내산<br/>고춧가루(김치류) : 국내산<br/>쇠고기(종류) : 국내산(한우)<br/>돼지고기 : 국내산<br/>닭고기 : 국내산<br/>오리고기 : 국내산<br/>쇠고기 식육가공품 : 국내산<br/>돼지고기 식육가공품 : 국내산<br/>닭고기 식육가공품 : 국내산<br/>오리고기 가공품 : 국내산<br/>낙지 : 국내산<br/>고등어 : 국내산<br/>갈치 : 국내산<br/>오징어 : 국내산<br/>꽃게 : 국내산<br/>참조기 : 국내산<br/>콩 : 국내산,1041.6 Kcal,탄수화물(g) : 156.1<br/>단백질(g) : 42.1<br/>지방(g) : 27.4<br/>비타민A(R.E) : 143.6<br/>티아민(mg) : 0.9<br/>리보플라빈(mg) : 0.4<br/>비타민C(mg) : 41.7<br/>칼슘(mg) : 183.9<br/>철분(mg) : 6.5,20210413043514
B10,서울특별시교육청,7010073,당곡고등학교,3,석식,20210408,78.00,친환경칼슘기장밥*<br/>감자양파국*5.6.13.<br/>참나물무침*5.6.13.<br/>동부묵김가루무침*5.6.13.<br/>돼지고기주물럭*5.6.10.12.13.16.18.<br/>배추김치*9.13.,쌀 : 국내산<br/>김치류 : 국내산<br/>고춧가루(김치류) : 국내산<br/>쇠고기(종류) : 국내산(한우)<br/>돼지고기 : 국내산<br/>닭고기 : 국내산<br/>오리고기 : 국내산<br/>쇠고기 식육가공품 : 국내산<br/>돼지고기 식육가공품 : 국내산<br/>닭고기 식육가공품 : 국내산<br/>오리고기 가공품 : 국내산<br/>낙지 : 국내산<br/>고등어 : 국내산<br/>갈치 : 국내산<br/>오징어 : 국내산<br/>꽃게 : 국내산<br/>참조기 : 국내산<br/>콩 : 국내산,723.6 Kcal,탄수화물(g) : 120.3<br/>단백질(g) : 45.9<br/>지방(g) : 13.7<br/>비타민A(R.E) : 448.5<br/>티아민(mg) : 0.8<br/>리보플라빈(mg) : 0.9<br/>비타민C(mg) : 42.1<br/>칼슘(mg) : 308.3<br/>철분(mg) : 4.8,20210415043053
B10,서울특별시교육청,7010073,당곡고등학교,3,석식,20210412,70.00,친환경칼슘기장밥*<br/>한우설렁탕&소면*5.6.13.16.<br/>연두부&양념장*5.6.13.<br/>오이무침*5.6.13.<br/>아귀강정&데리야끼소스*4.5.6.13.<br/>섞박지*9.13.,쌀 : 국내산<br/>김치류 : 국내산<br/>고춧가루(김치류) : 국내산<br/>쇠고기(종류) : 국내산(한우)<br/>돼지고기 : 국내산<br/>닭고기 : 국내산<br/>오리고기 : 국내산<br/>쇠고기 식육가공품 : 국내산<br/>돼지고기 식육가공품 : 국내산<br/>닭고기 식육가공품 : 국내산<br/>오리고기 가공품 : 국내산<br/>낙지 : 국내산<br/>고등어 : 국내산<br/>갈치 : 국내산<br/>오징어 : 국내산<br/>꽃게 : 국내산<br/>참조기 : 국내산<br/>콩 : 국내산,699.1 Kcal,탄수화물(g) : 128.0<br/>단백질(g) : 31.4<br/>지방(g) : 7.5<br/>비타민A(R.E) : 179.8<br/>티아민(mg) : 0.3<br/>리보플라빈(mg) : 0.6<br/>비타민C(mg) : 8.9<br/>칼슘(mg) : 262.6<br/>철분(mg) : 5.4,20210419043017
B10,서울특별시교육청,7010073,당곡고등학교,3,석식,20210413,70.00,추가밥*<br/>바지락칼국수*5.6.8.13.18.<br/>미역초무침*5.6.13.<br/>김치메밀전병*2.3.5.6.16.18.<br/>겉절이*9.13.,쌀 : 국내산<br/>김치류 : 국내산<br/>고춧가루(김치류) : 국내산<br/>쇠고기(종류) : 국내산(한우)<br/>돼지고기 : 국내산<br/>닭고기 : 국내산<br/>오리고기 : 국내산<br/>쇠고기 식육가공품 : 국내산<br/>돼지고기 식육가공품 : 국내산<br/>닭고기 식육가공품 : 국내산<br/>오리고기 가공품 : 국내산<br/>낙지 : 국내산<br/>고등어 : 국내산<br/>갈치 : 국내산<br/>오징어 : 국내산<br/>꽃게 : 국내산<br/>참조기 : 국내산<br/>콩 : 국내산,828.5 Kcal,탄수화물(g) : 133.5<br/>단백질(g) : 26.3<br/>지방(g) : 20.4<br/>비타민A(R.E) : 211.4<br/>티아민(mg) : 0.3<br/>리보플라빈(mg) : 0.3<br/>비타민C(mg) : 14.1<br/>칼슘(mg) : 227.2<br/>철분(mg) : 7.7,20210420043100
B10,서울특별시교육청,7010073,당곡고등학교,3,석식,20210414,70.00,친환경흑미밥*<br/>달걀팟국*1.5.6.9.13.<br/>*검정콩자반5.6.13.<br/>돈등뼈김치찜*5.9.10.13.<br/>열무김치*9.13.<br/>감귤음료*5.13.,쌀 : 국내산<br/>김치류 : 국내산<br/>고춧가루(김치류) : 국내산<br/>쇠고기(종류) : 국내산(한우)<br/>돼지고기 : 국내산<br/>닭고기 : 국내산<br/>오리고기 : 국내산<br/>쇠고기 식육가공품 : 국내산<br/>돼지고기 식육가공품 : 국내산<br/>닭고기 식육가공품 : 국내산<br/>오리고기 가공품 : 국내산<br/>낙지 : 국내산<br/>고등어 : 국내산<br/>갈치 : 국내산<br/>오징어 : 국내산<br/>꽃게 : 국내산<br/>참조기 : 국내산<br/>콩 : 국내산,1122.0 Kcal,탄수화물(g) : 145.9<br/>단백질(g) : 65.7<br/>지방(g) : 31.2<br/>비타민A(R.E) : 386.3<br/>티아민(mg) : 0.9<br/>리보플라빈(mg) : 1.2<br/>비타민C(mg) : 78.6<br/>칼슘(mg) : 343.6<br/>철분(mg) : 7.3,20210421043017
B10,서울특별시교육청,7010073,당곡고등학교,3,석식,20210415,70.00,햄야채볶음밥*1.2.5.6.10.13.15.16.<br/>모듬버섯고추장찌개*5.6.13.16.18.<br/>청경채된장무침*5.6.<br/>미트볼꼬지*1.2.4.5.6.10.12.13.15.16.<br/>배추김치*9.13.,쌀 : 국내산<br/>김치류 : 국내산<br/>고춧가루(김치류) : 국내산<br/>쇠고기(종류) : 국내산(한우)<br/>돼지고기 : 국내산<br/>닭고기 : 국내산<br/>오리고기 : 국내산<br/>쇠고기 식육가공품 : 국내산<br/>돼지고기 식육가공품 : 국내산<br/>닭고기 식육가공품 : 국내산<br/>오리고기 가공품 : 국내산<br/>낙지 : 국내산<br/>고등어 : 국내산<br/>갈치 : 국내산<br/>오징어 : 국내산<br/>꽃게 : 국내산<br/>참조기 : 국내산<br/>콩 : 국내산,737.5 Kcal,탄수화물(g) : 107.1<br/>단백질(g) : 36.2<br/>지방(g) : 22.1<br/>비타민A(R.E) : 319.9<br/>티아민(mg) : 1.0<br/>리보플라빈(mg) : 0.6<br/>비타민C(mg) : 28.6<br/>칼슘(mg) : 231.8<br/>철분(mg) : 5.1,20210422043056
B10,서울특별시교육청,7010073,당곡고등학교,3,석식,20210419,70.00,해물볶음우동*5.6.9.13.17.18.<br/>가쓰오장국*5.6.13.<br/>핫도그&케찹*1.2.5.6.10.12.15.<br/>배추김치*9.13.<br/>망고사과샐러드*5.6.11.13.,쌀 : 국내산<br/>김치류 : 국내산<br/>고춧가루(김치류) : 국내산<br/>쇠고기(종류) : 국내산(한우)<br/>돼지고기 : 국내산<br/>닭고기 : 국내산<br/>오리고기 : 국내산<br/>쇠고기 식육가공품 : 국내산<br/>돼지고기 식육가공품 : 국내산<br/>닭고기 식육가공품 : 국내산<br/>오리고기 가공품 : 국내산<br/>낙지 : 국내산<br/>고등어 : 국내산<br/>갈치 : 국내산<br/>오징어 : 국내산<br/>꽃게 : 국내산<br/>참조기 : 국내산<br/>콩 : 국내산,817.6 Kcal,탄수화물(g) : 136.7<br/>단백질(g) : 27.8<br/>지방(g) : 18.3<br/>비타민A(R.E) : 217.2<br/>티아민(mg) : 0.5<br/>리보플라빈(mg) : 0.4<br/>비타민C(mg) : 35.0<br/>칼슘(mg) : 280.4<br/>철분(mg) : 10.1,20210426043019
B10,서울특별시교육청,7010073,당곡고등학교,3,석식,20210420,70.00,친환경현미밥*<br/>한우배추전골&칼국수면*1.2.3.5.6.13.16.18.<br/>단호박찜*2.4.5.6.10.13.14.<br/>깐풍만두*1.2.4.5.6.10.<br/>열무김치*9.13.<br/>사과*,쌀 : 국내산<br/>김치류 : 국내산<br/>고춧가루(김치류) : 국내산<br/>쇠고기(종류) : 국내산(한우)<br/>돼지고기 : 국내산<br/>닭고기 : 국내산<br/>오리고기 : 국내산<br/>쇠고기 식육가공품 : 국내산<br/>돼지고기 식육가공품 : 국내산<br/>닭고기 식육가공품 : 국내산<br/>오리고기 가공품 : 국내산<br/>낙지 : 국내산<br/>고등어 : 국내산<br/>갈치 : 국내산<br/>오징어 : 국내산<br/>꽃게 : 국내산<br/>참조기 : 국내산<br/>콩 : 국내산,764.2 Kcal,탄수화물(g) : 142.7<br/>단백질(g) : 31.2<br/>지방(g) : 10.0<br/>비타민A(R.E) : 573.8<br/>티아민(mg) : 0.6<br/>리보플라빈(mg) : 0.7<br/>비타민C(mg) : 24.0<br/>칼슘(mg) : 228.6<br/>철분(mg) : 7.8,20210427043041
B10,서울특별시교육청,7010073,당곡고등학교,3,석식,20210421,70.00,참치김치덮밥*5.9.13.<br/>유부된장국*5.6.13.<br/>고구마맛탕*5.13.<br/>낙지호롱이*2.5.6.16.<br/>깍두기*9.13.,쌀 : 국내산<br/>김치류 : 국내산<br/>고춧가루(김치류) : 국내산<br/>쇠고기(종류) : 국내산(한우)<br/>돼지고기 : 국내산<br/>닭고기 : 국내산<br/>오리고기 : 국내산<br/>쇠고기 식육가공품 : 국내산<br/>돼지고기 식육가공품 : 국내산<br/>닭고기 식육가공품 : 국내산<br/>오리고기 가공품 : 국내산<br/>낙지 : 국내산<br/>고등어 : 국내산<br/>갈치 : 국내산<br/>오징어 : 국내산<br/>꽃게 : 국내산<br/>참조기 : 국내산<br/>콩 : 국내산,790.4 Kcal,탄수화물(g) : 137.9<br/>단백질(g) : 33.8<br/>지방(g) : 14.8<br/>비타민A(R.E) : 86.9<br/>티아민(mg) : 0.6<br/>리보플라빈(mg) : 0.4<br/>비타민C(mg) : 12.2<br/>칼슘(mg) : 296.1<br/>철분(mg) : 12.9,20210428043019
B10,서울특별시교육청,7010073,당곡고등학교,3,석식,20210422,70.00,친환경잡곡밥*5.<br/>바지락순두부찌개*1.5.6.9.10.13.16.18.<br/>볼어묵곤약조림*1.5.6.13.<br/>봄동된장무침*5.6.<br/>돼지고기떡불고기*5.6.8.10.13.16.<br/>포도음료*5.13.,쌀 : 국내산<br/>김치류 : 국내산<br/>고춧가루(김치류) : 국내산<br/>쇠고기(종류) : 국내산(한우)<br/>돼지고기 : 국내산<br/>닭고기 : 국내산<br/>오리고기 : 국내산<br/>쇠고기 식육가공품 : 국내산<br/>돼지고기 식육가공품 : 국내산<br/>닭고기 식육가공품 : 국내산<br/>오리고기 가공품 : 국내산<br/>낙지 : 국내산<br/>고등어 : 국내산<br/>갈치 : 국내산<br/>오징어 : 국내산<br/>꽃게 : 국내산<br/>참조기 : 국내산<br/>콩 : 국내산,874.6 Kcal,탄수화물(g) : 127.9<br/>단백질(g) : 58.6<br/>지방(g) : 17.9<br/>비타민A(R.E) : 296.4<br/>티아민(mg) : 0.9<br/>리보플라빈(mg) : 1.3<br/>비타민C(mg) : 26.5<br/>칼슘(mg) : 256.0<br/>철분(mg) : 7.3,20210429043050
B10,서울특별시교육청,7010073,당곡고등학교,3,석식,20210517,78.00,추가밥*<br/>얼큰한우짬뽕*1.5.6.9.13.16.17.18.<br/>반달단무지무침*<br/>찹쌀꿔바로우*2.5.6.10.16.<br/>배추김치*9.13.,쌀 : 국내산<br/>김치류 : 국내산<br/>고춧가루(김치류) : 국내산<br/>쇠고기(종류) : 국내산(한우)<br/>돼지고기 : 국내산<br/>닭고기 : 국내산<br/>오리고기 : 국내산<br/>쇠고기 식육가공품 : 국내산<br/>돼지고기 식육가공품 : 국내산<br/>닭고기 식육가공품 : 국내산<br/>오리고기 가공품 : 국내산<br/>낙지 : 국내산<br/>고등어 : 국내산<br/>갈치 : 국내산<br/>오징어 : 국내산<br/>꽃게 : 국내산<br/>참조기 : 국내산<br/>콩 : 국내산,852.4 Kcal,탄수화물(g) : 134.5<br/>단백질(g) : 28.3<br/>지방(g) : 24.8<br/>비타민A(R.E) : 178.4<br/>티아민(mg) : 0.4<br/>리보플라빈(mg) : 1.6<br/>비타민C(mg) : 8.9<br/>칼슘(mg) : 305.9<br/>철분(mg) : 12.8,20210524043019
B10,서울특별시교육청,7010073,당곡고등학교,3,석식,20210630,30.00,친환경잡곡밥*5.<br/>미니잔치국수*1.5.6.13.<br/>매콤돼지갈비찜*5.6.10.13.<br/>콩나물무침*5.6.13.<br/>마늘쫑건새우볶음*5.6.9.13.<br/>배추김치*9.13.<br/>포도음료*5.13.,쌀 : 국내산<br/>김치류 : 국내산<br/>고춧가루(김치류) : 국내산<br/>쇠고기(종류) : 국내산(한우)<br/>돼지고기 : 국내산<br/>닭고기 : 국내산<br/>오리고기 : 국내산<br/>쇠고기 식육가공품 : 국내산<br/>돼지고기 식육가공품 : 국내산<br/>닭고기 식육가공품 : 국내산<br/>오리고기 가공품 : 국내산<br/>낙지 : 국내산<br/>고등어 : 국내산<br/>갈치 : 국내산<br/>오징어 : 국내산<br/>꽃게 : 국내산<br/>참조기 : 국내산<br/>콩 : 국내산,1149.2 Kcal,탄수화물(g) : 161.2<br/>단백질(g) : 67.1<br/>지방(g) : 37.3<br/>비타민A(R.E) : 1011.9<br/>티아민(mg) : 1.4<br/>리보플라빈(mg) : 1.9<br/>비타민C(mg) : 78.5<br/>칼슘(mg) : 591.9<br/>철분(mg) : 8.4,20210707
B10,서울특별시교육청,7010073,당곡고등학교,3,석식,20210906,60.00,김가루주먹밥*13.<br/>쫄면야채무침(大)*5.6.13.<br/>팽이장국*5.6.13.<br/>닭갈비볶음*2.5.6.13.15.16.18.<br/>배추김치*9.13.<br/>사과음료*5.13.,쌀 : 국내산<br/>김치류 : 국내산<br/>고춧가루(김치류) : 국내산<br/>쇠고기(종류) : 국내산(한우)<br/>돼지고기 : 국내산<br/>닭고기 : 국내산<br/>오리고기 : 국내산<br/>쇠고기 식육가공품 : 국내산<br/>돼지고기 식육가공품 : 국내산<br/>닭고기 식육가공품 : 국내산<br/>오리고기 가공품 : 국내산<br/>낙지 : 국내산<br/>고등어 : 국내산<br/>갈치 : 국내산<br/>오징어 : 국내산<br/>꽃게 : 국내산<br/>참조기 : 국내산<br/>콩 : 국내산,1412.0 Kcal,탄수화물(g) : 261.3<br/>단백질(g) : 66.0<br/>지방(g) : 14.5<br/>비타민A(R.E) : 642.6<br/>티아민(mg) : 0.6<br/>리보플라빈(mg) : 0.7<br/>비타민C(mg) : 60.7<br/>칼슘(mg) : 289.1<br/>철분(mg) : 5.8,20210913
B10,서울특별시교육청,7010073,당곡고등학교,3,석식,20210907,60.00,친환경보리밥*<br/>바지락순두부찌개*1.5.6.9.10.13.16.18.<br/>제육볶음*5.6.10.13.<br/>보쌈김치*9.13.18.<br/>크림치즈롤*1.2.5.6.14.<br/>우렁쌈장*5.6.13.<br/>쌈상추&쌈장*5.6.13.,쌀 : 국내산<br/>김치류 : 국내산<br/>고춧가루(김치류) : 국내산<br/>쇠고기(종류) : 국내산(한우)<br/>돼지고기 : 국내산<br/>닭고기 : 국내산<br/>오리고기 : 국내산<br/>쇠고기 식육가공품 : 국내산<br/>돼지고기 식육가공품 : 국내산<br/>닭고기 식육가공품 : 국내산<br/>오리고기 가공품 : 국내산<br/>낙지 : 국내산<br/>고등어 : 국내산<br/>갈치 : 국내산<br/>오징어 : 국내산<br/>꽃게 : 국내산<br/>참조기 : 국내산<br/>콩 : 국내산,956.1 Kcal,탄수화물(g) : 131.6<br/>단백질(g) : 60.8<br/>지방(g) : 24.8<br/>비타민A(R.E) : 356.3<br/>티아민(mg) : 1.3<br/>리보플라빈(mg) : 1.1<br/>비타민C(mg) : 44.8<br/>칼슘(mg) : 876.2<br/>철분(mg) : 10.2,20210914
B10,서울특별시교육청,7010073,당곡고등학교,3,석식,20210908,60.00,산채비빔밥&약고추장*5.6.10.13.<br/>호박감자된장찌개*5.6.13.<br/>울외장아찌*13.<br/>너비아니*5.6.10.16.<br/>배추김치*9.13.<br/>매실음료*,쌀 : 국내산<br/>김치류 : 국내산<br/>고춧가루(김치류) : 국내산<br/>쇠고기(종류) : 국내산(한우)<br/>돼지고기 : 국내산<br/>닭고기 : 국내산<br/>오리고기 : 국내산<br/>쇠고기 식육가공품 : 국내산<br/>돼지고기 식육가공품 : 국내산<br/>닭고기 식육가공품 : 국내산<br/>오리고기 가공품 : 국내산<br/>낙지 : 국내산<br/>고등어 : 국내산<br/>갈치 : 국내산<br/>오징어 : 국내산<br/>꽃게 : 국내산<br/>참조기 : 국내산<br/>콩 : 국내산,748.0 Kcal,탄수화물(g) : 117.8<br/>단백질(g) : 29.7<br/>지방(g) : 20.1<br/>비타민A(R.E) : 360.2<br/>티아민(mg) : 0.8<br/>리보플라빈(mg) : 0.6<br/>비타민C(mg) : 27.7<br/>칼슘(mg) : 282.4<br/>철분(mg) : 5.9,20210915
B10,서울특별시교육청,7010073,당곡고등학교,3,석식,20210909,60.00,하이라이스*1.2.5.6.10.12.13.<br/>어묵우동장국*1.2.5.6.9.13.16.<br/>느타리초무침*13.5.6.<br/>크림새우*1.5.6.9.13.<br/>당고*5.6.13.<br/>깍두기*9.13.,쌀 : 국내산<br/>김치류 : 국내산<br/>고춧가루(김치류) : 국내산<br/>쇠고기(종류) : 국내산(한우)<br/>돼지고기 : 국내산<br/>닭고기 : 국내산<br/>오리고기 : 국내산<br/>쇠고기 식육가공품 : 국내산<br/>돼지고기 식육가공품 : 국내산<br/>닭고기 식육가공품 : 국내산<br/>오리고기 가공품 : 국내산<br/>낙지 : 국내산<br/>고등어 : 국내산<br/>갈치 : 국내산<br/>오징어 : 국내산<br/>꽃게 : 국내산<br/>참조기 : 국내산<br/>콩 : 국내산,867.8 Kcal,탄수화물(g) : 131.7<br/>단백질(g) : 49.1<br/>지방(g) : 19.3<br/>비타민A(R.E) : 133.7<br/>티아민(mg) : 0.3<br/>리보플라빈(mg) : 0.6<br/>비타민C(mg) : 11.6<br/>칼슘(mg) : 271.0<br/>철분(mg) : 7.4,20210916
B10,서울특별시교육청,7010073,당곡고등학교,3,석식,20210910,60.00,추가밥*<br/>바지락칼국수*5.6.8.13.18.<br/>도토리묵무침*5.6.13.<br/>김치메밀전병*2.3.5.6.16.18.<br/>겉절이*9.13.<br/>메밀식혜*3.,쌀 : 국내산<br/>김치류 : 국내산<br/>고춧가루(김치류) : 국내산<br/>쇠고기(종류) : 국내산(한우)<br/>돼지고기 : 국내산<br/>닭고기 : 국내산<br/>오리고기 : 국내산<br/>쇠고기 식육가공품 : 국내산<br/>돼지고기 식육가공품 : 국내산<br/>닭고기 식육가공품 : 국내산<br/>오리고기 가공품 : 국내산<br/>낙지 : 국내산<br/>고등어 : 국내산<br/>갈치 : 국내산<br/>오징어 : 국내산<br/>꽃게 : 국내산<br/>참조기 : 국내산<br/>콩 : 국내산,646.3 Kcal,탄수화물(g) : 118.4<br/>단백질(g) : 21.3<br/>지방(g) : 9.4<br/>비타민A(R.E) : 237.2<br/>티아민(mg) : 0.3<br/>리보플라빈(mg) : 0.4<br/>비타민C(mg) : 12.2<br/>칼슘(mg) : 223.2<br/>철분(mg) : 6.8,20210917
B10,서울특별시교육청,7010073,당곡고등학교,3,석식,20210913,50.00,김가루주먹밥*13.<br/>쑥갓어묵국*1.5.6.13.<br/>대왕오징어튀김*17.<br/>유산균자두맛음료*2.<br/>치즈국물떡볶이&넓적당면(大)*1.2.5.6.10.12.13.15.16.18.<br/>스틱단무지*,쌀 : 국내산<br/>김치류 : 국내산<br/>고춧가루(김치류) : 국내산<br/>쇠고기(종류) : 국내산(한우)<br/>돼지고기 : 국내산<br/>닭고기 : 국내산<br/>오리고기 : 국내산<br/>쇠고기 식육가공품 : 국내산<br/>돼지고기 식육가공품 : 국내산<br/>닭고기 식육가공품 : 국내산<br/>오리고기 가공품 : 국내산<br/>낙지 : 국내산<br/>고등어 : 국내산<br/>갈치 : 국내산<br/>오징어 : 국내산<br/>꽃게 : 국내산<br/>참조기 : 국내산<br/>콩 : 국내산,1154.8 Kcal,탄수화물(g) : 180.8<br/>단백질(g) : 53.2<br/>지방(g) : 27.9<br/>비타민A(R.E) : 336.3<br/>티아민(mg) : 0.4<br/>리보플라빈(mg) : 0.7<br/>비타민C(mg) : 34.9<br/>칼슘(mg) : 411.0<br/>철분(mg) : 5.5,20210920
B10,서울특별시교육청,7010073,당곡고등학교,3,석식,20210914,50.00,짬뽕국*6.9.13.17.18.<br/>잡채밥*2.5.6.7.8.10.13.16.18.<br/>배추김치*9.13.<br/>꼬들단무지*,쌀 : 국내산<br/>김치류 : 국내산<br/>고춧가루(김치류) : 국내산<br/>쇠고기(종류) : 국내산(한우)<br/>돼지고기 : 국내산<br/>닭고기 : 국내산<br/>오리고기 : 국내산<br/>쇠고기 식육가공품 : 국내산<br/>돼지고기 식육가공품 : 국내산<br/>닭고기 식육가공품 : 국내산<br/>오리고기 가공품 : 국내산<br/>낙지 : 국내산<br/>고등어 : 국내산<br/>갈치 : 국내산<br/>오징어 : 국내산<br/>꽃게 : 국내산<br/>참조기 : 국내산<br/>콩 : 국내산,455.8 Kcal,탄수화물(g) : 88.3<br/>단백질(g) : 20.2<br/>지방(g) : 2.8<br/>비타민A(R.E) : 161.3<br/>티아민(mg) : 0.3<br/>리보플라빈(mg) : 0.4<br/>비타민C(mg) : 16.0<br/>칼슘(mg) : 186.4<br/>철분(mg) : 3.4,20210921
B10,서울특별시교육청,7010073,당곡고등학교,3,석식,20210915,50.00,친환경잡곡밥*5.<br/>한우배추전골&칼국수면*1.2.3.5.6.13.16.18.<br/>깍두기*9.13.<br/>메밀식혜*3.,쌀 : 국내산<br/>김치류 : 국내산<br/>고춧가루(김치류) : 국내산<br/>쇠고기(종류) : 국내산(한우)<br/>돼지고기 : 국내산<br/>닭고기 : 국내산<br/>오리고기 : 국내산<br/>쇠고기 식육가공품 : 국내산<br/>돼지고기 식육가공품 : 국내산<br/>닭고기 식육가공품 : 국내산<br/>오리고기 가공품 : 국내산<br/>낙지 : 국내산<br/>고등어 : 국내산<br/>갈치 : 국내산<br/>오징어 : 국내산<br/>꽃게 : 국내산<br/>참조기 : 국내산<br/>콩 : 국내산,608.5 Kcal,탄수화물(g) : 120.1<br/>단백질(g) : 22.7<br/>지방(g) : 3.6<br/>비타민A(R.E) : 81.3<br/>티아민(mg) : 0.3<br/>리보플라빈(mg) : 0.2<br/>비타민C(mg) : 6.9<br/>칼슘(mg) : 258.9<br/>철분(mg) : 2.8,20210922
B10,서울특별시교육청,7010073,당곡고등학교,3,석식,20210916,50.00,추가밥*<br/>김치유부우동*1.2.5.6.9.13.18.<br/>깍두기*9.13.<br/>요구르트*2.,쌀 : 국내산<br/>김치류 : 국내산<br/>고춧가루(김치류) : 국내산<br/>쇠고기(종류) : 국내산(한우)<br/>돼지고기 : 국내산<br/>닭고기 : 국내산<br/>오리고기 : 국내산<br/>쇠고기 식육가공품 : 국내산<br/>돼지고기 식육가공품 : 국내산<br/>닭고기 식육가공품 : 국내산<br/>오리고기 가공품 : 국내산<br/>낙지 : 국내산<br/>고등어 : 국내산<br/>갈치 : 국내산<br/>오징어 : 국내산<br/>꽃게 : 국내산<br/>참조기 : 국내산<br/>콩 : 국내산,555.0 Kcal,탄수화물(g) : 96.6<br/>단백질(g) : 16.5<br/>지방(g) : 10.0<br/>비타민A(R.E) : 130.8<br/>티아민(mg) : 0.3<br/>리보플라빈(mg) : 0.3<br/>비타민C(mg) : 7.2<br/>칼슘(mg) : 308.3<br/>철분(mg) : 2.2,20210923
B10,서울특별시교육청,7010073,당곡고등학교,3,석식,20210917,50.00,야채볶음밥*2.5.6.13.<br/>양송이스프*2.5.6.13.<br/>바베큐폭찹*5.6.10.12.13.14.16.18.<br/>깍두기*9.13.<br/>블루레몬에이드*1.3.<br/>비트&오이피클*,쌀 : 국내산<br/>김치류 : 국내산<br/>고춧가루(김치류) : 국내산<br/>쇠고기(종류) : 국내산(한우)<br/>돼지고기 : 국내산<br/>닭고기 : 국내산<br/>오리고기 : 국내산<br/>쇠고기 식육가공품 : 국내산<br/>돼지고기 식육가공품 : 국내산<br/>닭고기 식육가공품 : 국내산<br/>오리고기 가공품 : 국내산<br/>낙지 : 국내산<br/>고등어 : 국내산<br/>갈치 : 국내산<br/>오징어 : 국내산<br/>꽃게 : 국내산<br/>참조기 : 국내산<br/>콩 : 국내산,898.8 Kcal,탄수화물(g) : 145.0<br/>단백질(g) : 49.3<br/>지방(g) : 18.3<br/>비타민A(R.E) : 275.7<br/>티아민(mg) : 0.9<br/>리보플라빈(mg) : 0.8<br/>비타민C(mg) : 42.6<br/>칼슘(mg) : 177.3<br/>철분(mg) : 3.8,20210924
B10,서울특별시교육청,7010073,당곡고등학교,3,석식,20211004,510.00,친환경현미밥*<br/>돼지고기김치찌개@1.5.6.9.10.13.<br/>베이컨프리타타@1.2.5.6.10.12.13.<br/>콩나물무침@5.6.13.<br/>데리야끼삼치구이@5.6.13.<br/>배추김치*9.13.,쌀 : 국내산<br/>김치류 : 국내산<br/>고춧가루(김치류) : 국내산<br/>쇠고기(종류) : 국내산(한우)<br/>돼지고기 : 국내산<br/>닭고기 : 국내산<br/>오리고기 : 국내산<br/>쇠고기 식육가공품 : 국내산<br/>돼지고기 식육가공품 : 국내산<br/>닭고기 식육가공품 : 국내산<br/>오리고기 가공품 : 국내산<br/>낙지 : 국내산<br/>고등어 : 국내산<br/>갈치 : 국내산<br/>오징어 : 국내산<br/>꽃게 : 국내산<br/>참조기 : 국내산<br/>콩 : 국내산,553.9 Kcal,탄수화물(g) : 93.0<br/>단백질(g) : 31.8<br/>지방(g) : 6.9<br/>비타민A(R.E) : 162.8<br/>티아민(mg) : 0.5<br/>리보플라빈(mg) : 0.5<br/>비타민C(mg) : 16.8<br/>칼슘(mg) : 230.3<br/>철분(mg) : 3.6,20211011
B10,서울특별시교육청,7010073,당곡고등학교,3,석식,20211104,41.00,추가밥*<br/>한우쌀국수*5.6.13.16.<br/>양파장아찌*5.6.13.<br/>미니새송이버섯초무침*5.6.13.<br/>탕수육*5.6.10.16.<br/>배추김치*9.13.<br/>사과*,쌀 : 국내산<br/>김치류 : 국내산<br/>고춧가루(김치류) : 국내산<br/>쇠고기(종류) : 국내산(한우)<br/>돼지고기 : 국내산<br/>닭고기 : 국내산<br/>오리고기 : 국내산<br/>쇠고기 식육가공품 : 국내산<br/>돼지고기 식육가공품 : 국내산<br/>닭고기 식육가공품 : 국내산<br/>오리고기 가공품 : 국내산<br/>낙지 : 국내산<br/>고등어 : 국내산<br/>갈치 : 국내산<br/>오징어 : 국내산<br/>꽃게 : 국내산<br/>참조기 : 국내산<br/>콩 : 국내산,790.8 Kcal,탄수화물(g) : 159.2<br/>단백질(g) : 30.1<br/>지방(g) : 9.8<br/>비타민A(R.E) : 127.5<br/>티아민(mg) : 0.3<br/>리보플라빈(mg) : 0.7<br/>비타민C(mg) : 22.8<br/>칼슘(mg) : 171.7<br/>철분(mg) : 8.0,20211111
B10,서울특별시교육청,7010073,당곡고등학교,3,석식,20211111,41.00,추가밥*<br/>한우쌀국수*13.5.6.16.<br/>양파장아찌*5.6.13.<br/>미니새송이버섯초무침*5.6.13.<br/>탕수육*5.6.10.16.<br/>배추김치*9.13.<br/>사과*,쌀 : 국내산<br/>김치류 : 국내산<br/>고춧가루(김치류) : 국내산<br/>쇠고기(종류) : 국내산(한우)<br/>돼지고기 : 국내산<br/>닭고기 : 국내산<br/>오리고기 : 국내산<br/>쇠고기 식육가공품 : 국내산<br/>돼지고기 식육가공품 : 국내산<br/>닭고기 식육가공품 : 국내산<br/>오리고기 가공품 : 국내산<br/>낙지 : 국내산<br/>고등어 : 국내산<br/>갈치 : 국내산<br/>오징어 : 국내산<br/>꽃게 : 국내산<br/>참조기 : 국내산<br/>콩 : 국내산,790.8 Kcal,탄수화물(g) : 159.2<br/>단백질(g) : 30.1<br/>지방(g) : 9.8<br/>비타민A(R.E) : 127.5<br/>티아민(mg) : 0.3<br/>리보플라빈(mg) : 0.7<br/>비타민C(mg) : 22.8<br/>칼슘(mg) : 171.7<br/>철분(mg) : 8.0,20211118
B10,서울특별시교육청,7010073,당곡고등학교,3,석식,20211112,30.00,백미밥*<br/>한우육개장*5.6.13.<br/>오이무침*5.6.13.<br/>게맛살스크램블에그*1.5.6.8.10.13.<br/>대구커틀렛&타르소스*1.5.13.<br/>배추김치*9.13.<br/>감귤*,쌀 : 국내산<br/>김치류 : 국내산<br/>고춧가루(김치류) : 국내산<br/>쇠고기(종류) : 국내산(한우)<br/>돼지고기 : 국내산<br/>닭고기 : 국내산<br/>오리고기 : 국내산<br/>쇠고기 식육가공품 : 국내산<br/>돼지고기 식육가공품 : 국내산<br/>닭고기 식육가공품 : 국내산<br/>오리고기 가공품 : 국내산<br/>낙지 : 국내산<br/>고등어 : 국내산<br/>갈치 : 국내산<br/>오징어 : 국내산<br/>꽃게 : 국내산<br/>참조기 : 국내산<br/>콩 : 국내산,767.1 Kcal,탄수화물(g) : 121.9<br/>단백질(g) : 34.5<br/>지방(g) : 20.5<br/>비타민A(R.E) : 398.7<br/>티아민(mg) : 0.4<br/>리보플라빈(mg) : 0.8<br/>비타민C(mg) : 69.2<br/>칼슘(mg) : 303.9<br/>철분(mg) : 5.0,20211119
B10,서울특별시교육청,7010073,당곡고등학교,3,석식,20211115,35.00,김가루주먹밥*13.<br/>닭다리삼계죽*13.<br/>느타리피망볶음*5.6.13.<br/>부추전&양념장*1.5.6.9.13.<br/>명태전*<br/>배추김치*9.13.,쌀 : 국내산<br/>김치류 : 국내산<br/>고춧가루(김치류) : 국내산<br/>쇠고기(종류) : 국내산(한우)<br/>돼지고기 : 국내산<br/>닭고기 : 국내산<br/>오리고기 : 국내산<br/>쇠고기 식육가공품 : 국내산<br/>돼지고기 식육가공품 : 국내산<br/>닭고기 식육가공품 : 국내산<br/>오리고기 가공품 : 국내산<br/>낙지 : 국내산<br/>고등어 : 국내산<br/>갈치 : 국내산<br/>오징어 : 국내산<br/>꽃게 : 국내산<br/>참조기 : 국내산<br/>콩 : 국내산,820.1 Kcal,탄수화물(g) : 129.7<br/>단백질(g) : 44.4<br/>지방(g) : 18.6<br/>비타민A(R.E) : 393.7<br/>티아민(mg) : 0.5<br/>리보플라빈(mg) : 0.9<br/>비타민C(mg) : 20.8<br/>칼슘(mg) : 166.4<br/>철분(mg) : 5.6,20211122
B10,서울특별시교육청,7010073,당곡고등학교,3,석식,20211116,45.00,백미밥*<br/>근대된장국*5.6.13.<br/>매콤콩나물무침*5.6.13.<br/>돼지고기김치두루치기*5.6.9.10.13.<br/>버섯잡채*5.6.<br/>깍두기*9.13.<br/>토마토*12.,쌀 : 국내산<br/>김치류 : 국내산<br/>고춧가루(김치류) : 국내산<br/>쇠고기(종류) : 국내산(한우)<br/>돼지고기 : 국내산<br/>닭고기 : 국내산<br/>오리고기 : 국내산<br/>쇠고기 식육가공품 : 국내산<br/>돼지고기 식육가공품 : 국내산<br/>닭고기 식육가공품 : 국내산<br/>오리고기 가공품 : 국내산<br/>낙지 : 국내산<br/>고등어 : 국내산<br/>갈치 : 국내산<br/>오징어 : 국내산<br/>꽃게 : 국내산<br/>참조기 : 국내산<br/>콩 : 국내산,856.4 Kcal,탄수화물(g) : 135.7<br/>단백질(g) : 53.2<br/>지방(g) : 14.1<br/>비타민A(R.E) : 535.9<br/>티아민(mg) : 1.1<br/>리보플라빈(mg) : 1.1<br/>비타민C(mg) : 31.2<br/>칼슘(mg) : 258.8<br/>철분(mg) : 5.3,20211123
B10,서울특별시교육청,7010073,당곡고등학교,3,석식,20220321,31.00,참치김치덮밥*5.9.12.13.<br/>치즈에그타르트*1.2.5.6.<br/>감자양파국*5.6.13.<br/>미트볼데리야끼볶음*1.5.6.10.13.<br/>부추무생채*1.2.5.6.13.<br/>깍두기*9.13.,쌀 : 국내산<br/>김치류 : 국내산<br/>고춧가루(김치류) : 국내산<br/>쇠고기(종류) : 국내산(한우)<br/>돼지고기 : 국내산<br/>닭고기 : 국내산<br/>오리고기 : 국내산<br/>쇠고기 식육가공품 : 국내산<br/>돼지고기 식육가공품 : 국내산<br/>닭고기 식육가공품 : 국내산<br/>오리고기 가공품 : 국내산<br/>낙지 : 국내산<br/>고등어 : 국내산<br/>갈치 : 국내산<br/>오징어 : 국내산<br/>꽃게 : 국내산<br/>참조기 : 국내산<br/>콩 : 국내산,1132.8 Kcal,탄수화물(g) : 174.8<br/>단백질(g) : 48.9<br/>지방(g) : 29.7<br/>비타민A(R.E) : 171.1<br/>티아민(mg) : 0.5<br/>리보플라빈(mg) : 0.8<br/>비타민C(mg) : 25.5<br/>칼슘(mg) : 383.0<br/>철분(mg) : 7.9,20220328
B10,서울특별시교육청,7010073,당곡고등학교,3,석식,20220322,33.00,카레라이스*2.5.6.10.12.16.18.<br/>미역장국*5.6.13.<br/>에그토르티아*1.2.5.6.10.12.18.<br/>깍두기*9.13.<br/>사과음료*5.13.<br/>감자범벅*1.2.5.13.,쌀 : 국내산<br/>김치류 : 국내산<br/>고춧가루(김치류) : 국내산<br/>쇠고기(종류) : 국내산(한우)<br/>돼지고기 : 국내산<br/>닭고기 : 국내산<br/>오리고기 : 국내산<br/>쇠고기 식육가공품 : 국내산<br/>돼지고기 식육가공품 : 국내산<br/>닭고기 식육가공품 : 국내산<br/>오리고기 가공품 : 국내산<br/>낙지 : 국내산<br/>고등어 : 국내산<br/>갈치 : 국내산<br/>오징어 : 국내산<br/>꽃게 : 국내산<br/>참조기 : 국내산<br/>콩 : 국내산,1351.6 Kcal,탄수화물(g) : 202.3<br/>단백질(g) : 43.0<br/>지방(g) : 47.1<br/>비타민A(R.E) : 521.4<br/>티아민(mg) : 0.7<br/>리보플라빈(mg) : 1.0<br/>비타민C(mg) : 53.1<br/>칼슘(mg) : 412.0<br/>철분(mg) : 7.5,20220329
B10,서울특별시교육청,7010073,당곡고등학교,3,석식,20220323,45.00,김가루주먹밥*13.<br/>매콤해물볶음우동(大)*5.6.9.13.17.<br/>맑은콩나물국*5.6.13.<br/>안심까스&브라운소스&고추냉이*1.2.5.6.10.12.13.16.<br/>배추김치*9.13.<br/>제리뽀*,쌀 : 국내산<br/>김치류 : 국내산<br/>고춧가루(김치류) : 국내산<br/>쇠고기(종류) : 국내산(한우)<br/>돼지고기 : 국내산<br/>닭고기 : 국내산<br/>오리고기 : 국내산<br/>쇠고기 식육가공품 : 국내산<br/>돼지고기 식육가공품 : 국내산<br/>닭고기 식육가공품 : 국내산<br/>오리고기 가공품 : 국내산<br/>낙지 : 국내산<br/>고등어 : 국내산<br/>갈치 : 국내산<br/>오징어 : 국내산<br/>꽃게 : 국내산<br/>참조기 : 국내산<br/>콩 : 국내산,1125.7 Kcal,탄수화물(g) : 171.2<br/>단백질(g) : 62.6<br/>지방(g) : 24.2<br/>비타민A(R.E) : 446.4<br/>티아민(mg) : 1.4<br/>리보플라빈(mg) : 0.9<br/>비타민C(mg) : 26.6<br/>칼슘(mg) : 288.7<br/>철분(mg) : 6.6,20220330
B10,서울특별시교육청,7010073,당곡고등학교,3,석식,20220324,35.00,나시고랭*1.5.6.9.13.<br/>버섯매운탕*5.6.13.<br/>양파절임*13.<br/>피자춘권5.6.12.<br/>겉절이*9.13.<br/>사과*,쌀 : 국내산<br/>김치류 : 국내산<br/>고춧가루(김치류) : 국내산<br/>쇠고기(종류) : 국내산(한우)<br/>돼지고기 : 국내산<br/>닭고기 : 국내산<br/>오리고기 : 국내산<br/>쇠고기 식육가공품 : 국내산<br/>돼지고기 식육가공품 : 국내산<br/>닭고기 식육가공품 : 국내산<br/>오리고기 가공품 : 국내산<br/>낙지 : 국내산<br/>고등어 : 국내산<br/>갈치 : 국내산<br/>오징어 : 국내산<br/>꽃게 : 국내산<br/>참조기 : 국내산<br/>콩 : 국내산,845.7 Kcal,탄수화물(g) : 142.8<br/>단백질(g) : 40.3<br/>지방(g) : 10.3<br/>비타민A(R.E) : 259.5<br/>티아민(mg) : 0.7<br/>리보플라빈(mg) : 0.7<br/>비타민C(mg) : 36.8<br/>칼슘(mg) : 269.3<br/>철분(mg) : 6.8,20220331
B10,서울특별시교육청,7010073,당곡고등학교,3,석식,20220325,34.00,김가루주먹밥*13.<br/>돈민찌칼국수*5.6.8.10.13.16.18.<br/>고추장감자조림*5.6.13.<br/>도토리묵김치무침*3.5.6.9.13.<br/>겉절이*9.13.<br/>포도음료*5.13.,쌀 : 국내산<br/>김치류 : 국내산<br/>고춧가루(김치류) : 국내산<br/>쇠고기(종류) : 국내산(한우)<br/>돼지고기 : 국내산<br/>닭고기 : 국내산<br/>오리고기 : 국내산<br/>쇠고기 식육가공품 : 국내산<br/>돼지고기 식육가공품 : 국내산<br/>닭고기 식육가공품 : 국내산<br/>오리고기 가공품 : 국내산<br/>낙지 : 국내산<br/>고등어 : 국내산<br/>갈치 : 국내산<br/>오징어 : 국내산<br/>꽃게 : 국내산<br/>참조기 : 국내산<br/>콩 : 국내산,879.7 Kcal,탄수화물(g) : 174.2<br/>단백질(g) : 34.3<br/>지방(g) : 12.1<br/>비타민A(R.E) : 618.9<br/>티아민(mg) : 0.4<br/>리보플라빈(mg) : 0.8<br/>비타민C(mg) : 32.3<br/>칼슘(mg) : 263.8<br/>철분(mg) : 5.1,20220401
B10,서울특별시교육청,7010073,당곡고등학교,3,석식,20220328,31.00,제육비빔밥*5.6.10.13.<br/>유부된장국*5.6.13.<br/>명엽채견과류볶음*1.4.5.6.13.<br/>야채달걀찜*1.5.6.13.18.<br/>깍두기*9.13.<br/>요구르트*2.,쌀 : 국내산<br/>김치류 : 국내산<br/>고춧가루(김치류) : 국내산<br/>쇠고기(종류) : 국내산(한우)<br/>돼지고기 : 국내산<br/>닭고기 : 국내산<br/>오리고기 : 국내산<br/>쇠고기 식육가공품 : 국내산<br/>돼지고기 식육가공품 : 국내산<br/>닭고기 식육가공품 : 국내산<br/>오리고기 가공품 : 국내산<br/>낙지 : 국내산<br/>고등어 : 국내산<br/>갈치 : 국내산<br/>오징어 : 국내산<br/>꽃게 : 국내산<br/>참조기 : 국내산<br/>콩 : 국내산,1280.6 Kcal,탄수화물(g) : 151.1<br/>단백질(g) : 101.8<br/>지방(g) : 33.3<br/>비타민A(R.E) : 647.2<br/>티아민(mg) : 1.2<br/>리보플라빈(mg) : 2.0<br/>비타민C(mg) : 18.1<br/>칼슘(mg) : 568.0<br/>철분(mg) : 10.7,20220404
B10,서울특별시교육청,7010073,당곡고등학교,3,석식,20220329,33.00,게살스프*1.2.5.6.8.13.16.<br/>마파두부덮밥*5.6.10.12.13.<br/>꿔바로우&흑당소스*5.6.10.<br/>배추김치*9.13.<br/>꼬들단무지*<br/>바나나*,쌀 : 국내산<br/>김치류 : 국내산<br/>고춧가루(김치류) : 국내산<br/>쇠고기(종류) : 국내산(한우)<br/>돼지고기 : 국내산<br/>닭고기 : 국내산<br/>오리고기 : 국내산<br/>쇠고기 식육가공품 : 국내산<br/>돼지고기 식육가공품 : 국내산<br/>닭고기 식육가공품 : 국내산<br/>오리고기 가공품 : 국내산<br/>낙지 : 국내산<br/>고등어 : 국내산<br/>갈치 : 국내산<br/>오징어 : 국내산<br/>꽃게 : 국내산<br/>참조기 : 국내산<br/>콩 : 국내산,991.0 Kcal,탄수화물(g) : 165.8<br/>단백질(g) : 44.1<br/>지방(g) : 20.2<br/>비타민A(R.E) : 422.2<br/>티아민(mg) : 0.7<br/>리보플라빈(mg) : 0.9<br/>비타민C(mg) : 41.0<br/>칼슘(mg) : 366.0<br/>철분(mg) : 23.6,20220405
B10,서울특별시교육청,7010073,당곡고등학교,3,석식,20220330,45.00,김가루돼지고기주먹밥*5.6.10.13.<br/>잔치국수*1.5.6.13.<br/>콩나물무침*5.6.13.<br/>볶음김치*9.13.<br/>후라이드닭꼬치*5.6.12.13.15.<br/>복숭아젤리음료*11.,쌀 : 국내산<br/>김치류 : 국내산<br/>고춧가루(김치류) : 국내산<br/>쇠고기(종류) : 국내산(한우)<br/>돼지고기 : 국내산<br/>닭고기 : 국내산<br/>오리고기 : 국내산<br/>쇠고기 식육가공품 : 국내산<br/>돼지고기 식육가공품 : 국내산<br/>닭고기 식육가공품 : 국내산<br/>오리고기 가공품 : 국내산<br/>낙지 : 국내산<br/>고등어 : 국내산<br/>갈치 : 국내산<br/>오징어 : 국내산<br/>꽃게 : 국내산<br/>참조기 : 국내산<br/>콩 : 국내산,1091.1 Kcal,탄수화물(g) : 173.5<br/>단백질(g) : 53.2<br/>지방(g) : 28.0<br/>비타민A(R.E) : 687.7<br/>티아민(mg) : 0.6<br/>리보플라빈(mg) : 1.0<br/>비타민C(mg) : 35.0<br/>칼슘(mg) : 287.5<br/>철분(mg) : 13.2,20220406
B10,서울특별시교육청,7010073,당곡고등학교,3,석식,20220331,35.00,배추된장국*5.6.13.<br/>소세지야채토마토소스볶음*2.5.6.10.12.13.15.<br/>게맛살스크램블에그*1.5.6.8.10.13.<br/>쭈꾸미덮밥*5.6.13.17.<br/>깍두기*9.13.<br/>오렌지망고주스*,쌀 : 국내산<br/>김치류 : 국내산<br/>고춧가루(김치류) : 국내산<br/>쇠고기(종류) : 국내산(한우)<br/>돼지고기 : 국내산<br/>닭고기 : 국내산<br/>오리고기 : 국내산<br/>쇠고기 식육가공품 : 국내산<br/>돼지고기 식육가공품 : 국내산<br/>닭고기 식육가공품 : 국내산<br/>오리고기 가공품 : 국내산<br/>낙지 : 국내산<br/>고등어 : 국내산<br/>갈치 : 국내산<br/>오징어 : 국내산<br/>꽃게 : 국내산<br/>참조기 : 국내산<br/>콩 : 국내산,1142.1 Kcal,탄수화물(g) : 160.9<br/>단백질(g) : 59.8<br/>지방(g) : 30.2<br/>비타민A(R.E) : 548.0<br/>티아민(mg) : 0.6<br/>리보플라빈(mg) : 1.3<br/>비타민C(mg) : 64.6<br/>칼슘(mg) : 290.0<br/>철분(mg) : 6.7,20220407
B10,서울특별시교육청,7010073,당곡고등학교,3,석식,20220401,35.00,돼지고기김치볶음밥*2.5.6.9.10.13.<br/>롱꽈베기파이*2.5.6.<br/>감자양파국*5.6.13.<br/>깐풍만두*10.1.2.4.5.6.<br/>깍두기*9.13.,쌀 : 국내산<br/>김치류 : 국내산<br/>고춧가루(김치류) : 국내산<br/>쇠고기(종류) : 국내산(한우)<br/>돼지고기 : 국내산<br/>닭고기 : 국내산<br/>오리고기 : 국내산<br/>쇠고기 식육가공품 : 국내산<br/>돼지고기 식육가공품 : 국내산<br/>닭고기 식육가공품 : 국내산<br/>오리고기 가공품 : 국내산<br/>낙지 : 국내산<br/>고등어 : 국내산<br/>갈치 : 국내산<br/>오징어 : 국내산<br/>꽃게 : 국내산<br/>참조기 : 국내산<br/>콩 : 국내산,848.7 Kcal,탄수화물(g) : 145.4<br/>단백질(g) : 38.9<br/>지방(g) : 20.7<br/>비타민A(R.E) : 570.4<br/>티아민(mg) : 1.0<br/>리보플라빈(mg) : 0.7<br/>비타민C(mg) : 63.1<br/>칼슘(mg) : 193.2<br/>철분(mg) : 9.5,20220408
B10,서울특별시교육청,7010073,당곡고등학교,3,석식,20220404,31.00,하이라이스*1.2.5.6.10.12.13.<br/>팽이장국*5.6.13.<br/>치킨스낵랩*1.2.5.6.13.15.18.<br/>깍두기*9.13.<br/>흑임자라떼*2.,쌀 : 국내산<br/>김치류 : 국내산<br/>고춧가루(김치류) : 국내산<br/>쇠고기(종류) : 국내산(한우)<br/>돼지고기 : 국내산<br/>닭고기 : 국내산<br/>오리고기 : 국내산<br/>쇠고기 식육가공품 : 국내산<br/>돼지고기 식육가공품 : 국내산<br/>닭고기 식육가공품 : 국내산<br/>오리고기 가공품 : 국내산<br/>낙지 : 국내산<br/>고등어 : 국내산<br/>갈치 : 국내산<br/>오징어 : 국내산<br/>꽃게 : 국내산<br/>참조기 : 국내산<br/>콩 : 국내산,1307.9 Kcal,탄수화물(g) : 187.1<br/>단백질(g) : 56.4<br/>지방(g) : 48.4<br/>비타민A(R.E) : 269.3<br/>티아민(mg) : 0.7<br/>리보플라빈(mg) : 1.0<br/>비타민C(mg) : 17.3<br/>칼슘(mg) : 638.3<br/>철분(mg) : 5.0,20220411
B10,서울특별시교육청,7010073,당곡고등학교,3,석식,20220405,35.00,김가루주먹밥*13.<br/>돈등뼈칼국수*1.5.6.10.<br/>야채춘권&칠리소스*1.5.6.10.12.13.<br/>겉절이*9.13.<br/>감귤음료*5.13.,쌀 : 국내산<br/>김치류 : 국내산<br/>고춧가루(김치류) : 국내산<br/>쇠고기(종류) : 국내산(한우)<br/>돼지고기 : 국내산<br/>닭고기 : 국내산<br/>오리고기 : 국내산<br/>쇠고기 식육가공품 : 국내산<br/>돼지고기 식육가공품 : 국내산<br/>닭고기 식육가공품 : 국내산<br/>오리고기 가공품 : 국내산<br/>낙지 : 국내산<br/>고등어 : 국내산<br/>갈치 : 국내산<br/>오징어 : 국내산<br/>꽃게 : 국내산<br/>참조기 : 국내산<br/>콩 : 국내산,1067.4 Kcal,탄수화물(g) : 187.0<br/>단백질(g) : 38.4<br/>지방(g) : 16.9<br/>비타민A(R.E) : 505.8<br/>티아민(mg) : 0.5<br/>리보플라빈(mg) : 0.7<br/>비타민C(mg) : 91.7<br/>칼슘(mg) : 177.5<br/>철분(mg) : 6.0,20220412
B10,서울특별시교육청,7010073,당곡고등학교,3,석식,20220406,46.00,꽈배기*1.2.5.6.<br/>미역장국*5.6.13.<br/>제육덮밥*5.6.10.<br/>치즈알감자구이*2.5.13.<br/>깍두기*9.13.,쌀 : 국내산<br/>김치류 : 국내산<br/>고춧가루(김치류) : 국내산<br/>쇠고기(종류) : 국내산(한우)<br/>돼지고기 : 국내산<br/>닭고기 : 국내산<br/>오리고기 : 국내산<br/>쇠고기 식육가공품 : 국내산<br/>돼지고기 식육가공품 : 국내산<br/>닭고기 식육가공품 : 국내산<br/>오리고기 가공품 : 국내산<br/>낙지 : 국내산<br/>고등어 : 국내산<br/>갈치 : 국내산<br/>오징어 : 국내산<br/>꽃게 : 국내산<br/>참조기 : 국내산<br/>콩 : 국내산,980.6 Kcal,탄수화물(g) : 134.1<br/>단백질(g) : 52.9<br/>지방(g) : 30.2<br/>비타민A(R.E) : 256.0<br/>티아민(mg) : 0.8<br/>리보플라빈(mg) : 0.8<br/>비타민C(mg) : 15.6<br/>칼슘(mg) : 214.6<br/>철분(mg) : 7.7,20220413
B10,서울특별시교육청,7010073,당곡고등학교,3,석식,20220407,36.00,팽이장국*5.6.13.<br/>닭갈비볶음밥*2.5.6.13.15.16.18.<br/>반달메밀전병*2.3.5.6.9.10.16.<br/>배추김치*9.13.<br/>사과*,쌀 : 국내산<br/>김치류 : 국내산<br/>고춧가루(김치류) : 국내산<br/>쇠고기(종류) : 국내산(한우)<br/>돼지고기 : 국내산<br/>닭고기 : 국내산<br/>오리고기 : 국내산<br/>쇠고기 식육가공품 : 국내산<br/>돼지고기 식육가공품 : 국내산<br/>닭고기 식육가공품 : 국내산<br/>오리고기 가공품 : 국내산<br/>낙지 : 국내산<br/>고등어 : 국내산<br/>갈치 : 국내산<br/>오징어 : 국내산<br/>꽃게 : 국내산<br/>참조기 : 국내산<br/>콩 : 국내산,782.7 Kcal,탄수화물(g) : 122.7<br/>단백질(g) : 53.7<br/>지방(g) : 13.6<br/>비타민A(R.E) : 439.5<br/>티아민(mg) : 0.7<br/>리보플라빈(mg) : 0.4<br/>비타민C(mg) : 29.6<br/>칼슘(mg) : 234.5<br/>철분(mg) : 5.9,20220414
B10,서울특별시교육청,7010073,당곡고등학교,3,석식,20220408,35.00,김가루돼지고기주먹밥*5.6.10.13.<br/>쫄면야채무침(大)*5.6.13.<br/>배추된장국*5.6.13.<br/>짬뽕군만두*1.5.6.10.16.18.<br/>배추김치*9.13.,쌀 : 국내산<br/>김치류 : 국내산<br/>고춧가루(김치류) : 국내산<br/>쇠고기(종류) : 국내산(한우)<br/>돼지고기 : 국내산<br/>닭고기 : 국내산<br/>오리고기 : 국내산<br/>쇠고기 식육가공품 : 국내산<br/>돼지고기 식육가공품 : 국내산<br/>닭고기 식육가공품 : 국내산<br/>오리고기 가공품 : 국내산<br/>낙지 : 국내산<br/>고등어 : 국내산<br/>갈치 : 국내산<br/>오징어 : 국내산<br/>꽃게 : 국내산<br/>참조기 : 국내산<br/>콩 : 국내산,1047.9 Kcal,탄수화물(g) : 141.6<br/>단백질(g) : 43.7<br/>지방(g) : 38.8<br/>비타민A(R.E) : 764.7<br/>티아민(mg) : 0.3<br/>리보플라빈(mg) : 0.5<br/>비타민C(mg) : 30.1<br/>칼슘(mg) : 210.2<br/>철분(mg) : 4.2,20220415
B10,서울특별시교육청,7010073,당곡고등학교,3,석식,20220411,30.00,왕만두콩나물밥&양념장*1.5.6.10.16.18.<br/>치즈에그타르트*1.2.5.6.<br/>배추된장국*5.6.13.<br/>볶음김치*9.13.<br/>두부달걀부침*1.5.6.,쌀 : 국내산<br/>김치류 : 국내산<br/>고춧가루(김치류) : 국내산<br/>쇠고기(종류) : 국내산(한우)<br/>돼지고기 : 국내산<br/>닭고기 : 국내산<br/>오리고기 : 국내산<br/>쇠고기 식육가공품 : 국내산<br/>돼지고기 식육가공품 : 국내산<br/>닭고기 식육가공품 : 국내산<br/>오리고기 가공품 : 국내산<br/>낙지 : 국내산<br/>고등어 : 국내산<br/>갈치 : 국내산<br/>오징어 : 국내산<br/>꽃게 : 국내산<br/>참조기 : 국내산<br/>콩 : 국내산,1160.9 Kcal,탄수화물(g) : 172.8<br/>단백질(g) : 44.7<br/>지방(g) : 34.4<br/>비타민A(R.E) : 253.1<br/>티아민(mg) : 0.3<br/>리보플라빈(mg) : 0.6<br/>비타민C(mg) : 17.4<br/>칼슘(mg) : 228.5<br/>철분(mg) : 4.9,20220418
B10,서울특별시교육청,7010073,당곡고등학교,3,석식,20220412,33.00,미트볼스파게티*1.2.5.6.10.12.13.16.<br/>양송이스프*2.5.6.13.<br/>스틱마늘빵*2.5.6.16.<br/>제리뽀*<br/>할라피뇨&오이피클*,쌀 : 국내산<br/>김치류 : 국내산<br/>고춧가루(김치류) : 국내산<br/>쇠고기(종류) : 국내산(한우)<br/>돼지고기 : 국내산<br/>닭고기 : 국내산<br/>오리고기 : 국내산<br/>쇠고기 식육가공품 : 국내산<br/>돼지고기 식육가공품 : 국내산<br/>닭고기 식육가공품 : 국내산<br/>오리고기 가공품 : 국내산<br/>낙지 : 국내산<br/>고등어 : 국내산<br/>갈치 : 국내산<br/>오징어 : 국내산<br/>꽃게 : 국내산<br/>참조기 : 국내산<br/>콩 : 국내산,1592.6 Kcal,탄수화물(g) : 235.4<br/>단백질(g) : 47.4<br/>지방(g) : 56.5<br/>비타민A(R.E) : 569.5<br/>티아민(mg) : 0.6<br/>리보플라빈(mg) : 1.0<br/>비타민C(mg) : 37.5<br/>칼슘(mg) : 344.1<br/>철분(mg) : 9.8,20220419
B10,서울특별시교육청,7010073,당곡고등학교,3,석식,20220413,44.00,김가루볶음밥*1.2.5.6.10.13.15.<br/>얼큰어묵국*1.5.6.13.<br/>베이컨로제떡볶이*1.2.5.6.10.12.16.<br/>깍두기*9.13.<br/>군옥수수아몬드*,쌀 : 국내산<br/>김치류 : 국내산<br/>고춧가루(김치류) : 국내산<br/>쇠고기(종류) : 국내산(한우)<br/>돼지고기 : 국내산<br/>닭고기 : 국내산<br/>오리고기 : 국내산<br/>쇠고기 식육가공품 : 국내산<br/>돼지고기 식육가공품 : 국내산<br/>닭고기 식육가공품 : 국내산<br/>오리고기 가공품 : 국내산<br/>낙지 : 국내산<br/>고등어 : 국내산<br/>갈치 : 국내산<br/>오징어 : 국내산<br/>꽃게 : 국내산<br/>참조기 : 국내산<br/>콩 : 국내산,959.8 Kcal,탄수화물(g) : 147.0<br/>단백질(g) : 53.8<br/>지방(g) : 25.6<br/>비타민A(R.E) : 630.4<br/>티아민(mg) : 0.3<br/>리보플라빈(mg) : 0.8<br/>비타민C(mg) : 73.9<br/>칼슘(mg) : 260.9<br/>철분(mg) : 5.3,20220420
B10,서울특별시교육청,7010073,당곡고등학교,3,석식,20220414,34.00,참치김치주먹밥*5.9.12.13.<br/>바지락칼국수*5.6.8.13.18.<br/>육전*1.2.5.6.10.15.16.<br/>겉절이*9.13.<br/>우리쌀식혜*,쌀 : 국내산<br/>김치류 : 국내산<br/>고춧가루(김치류) : 국내산<br/>쇠고기(종류) : 국내산(한우)<br/>돼지고기 : 국내산<br/>닭고기 : 국내산<br/>오리고기 : 국내산<br/>쇠고기 식육가공품 : 국내산<br/>돼지고기 식육가공품 : 국내산<br/>닭고기 식육가공품 : 국내산<br/>오리고기 가공품 : 국내산<br/>낙지 : 국내산<br/>고등어 : 국내산<br/>갈치 : 국내산<br/>오징어 : 국내산<br/>꽃게 : 국내산<br/>참조기 : 국내산<br/>콩 : 국내산,1184.7 Kcal,탄수화물(g) : 199.5<br/>단백질(g) : 51.4<br/>지방(g) : 17.8<br/>비타민A(R.E) : 276.2<br/>티아민(mg) : 0.6<br/>리보플라빈(mg) : 0.5<br/>비타민C(mg) : 26.6<br/>칼슘(mg) : 239.3<br/>철분(mg) : 12.5,20220421
B10,서울특별시교육청,7010073,당곡고등학교,3,석식,20220415,34.00,김가루돼지고기주먹밥*  (5.6.10.13.)<br/>카레우동*  (2.5.6.10.12.16.18.)<br/>얼큰김치콩나물국*  (5.6.9.13.)<br/>에그토르티아*  (1.2.5.6.10.12.18.)<br/>깍두기*  (9.13.),쌀 : 국내산<br/>김치류 : 국내산<br/>고춧가루(김치류) : 국내산<br/>쇠고기(종류) : 국내산(한우)<br/>돼지고기 : 국내산<br/>닭고기 : 국내산<br/>오리고기 : 국내산<br/>쇠고기 식육가공품 : 국내산<br/>돼지고기 식육가공품 : 국내산<br/>닭고기 식육가공품 : 국내산<br/>오리고기 가공품 : 국내산<br/>낙지 : 국내산<br/>고등어 : 국내산<br/>갈치 : 국내산<br/>오징어 : 국내산<br/>꽃게 : 국내산<br/>참조기 : 국내산<br/>콩 : 국내산,1150.5 Kcal,탄수화물(g) : 180.5<br/>단백질(g) : 52.8<br/>지방(g) : 33.4<br/>비타민A(R.E) : 1023.3<br/>티아민(mg) : 0.8<br/>리보플라빈(mg) : 1.3<br/>비타민C(mg) : 36.8<br/>칼슘(mg) : 372.8<br/>철분(mg) : 18.2,20220422
B10,서울특별시교육청,7010073,당곡고등학교,3,석식,20220418,31.00,김가루주먹밥*  (13.)<br/>김치유부우동*  (1.2.5.6.9.13.18.)<br/>왕돈까스&브라운소스*  (1.2.5.6.10.12.13.15.16.)<br/>깍두기*  (9.13.)<br/>오렌지*  ,쌀 : 국내산<br/>김치류 : 국내산<br/>고춧가루(김치류) : 국내산<br/>쇠고기(종류) : 국내산(한우)<br/>돼지고기 : 국내산<br/>닭고기 : 국내산<br/>오리고기 : 국내산<br/>쇠고기 식육가공품 : 국내산<br/>돼지고기 식육가공품 : 국내산<br/>닭고기 식육가공품 : 국내산<br/>오리고기 가공품 : 국내산<br/>낙지 : 국내산<br/>고등어 : 국내산<br/>갈치 : 국내산<br/>오징어 : 국내산<br/>꽃게 : 국내산<br/>참조기 : 국내산<br/>콩 : 국내산,1378.1 Kcal,탄수화물(g) : 183.9<br/>단백질(g) : 48.2<br/>지방(g) : 58.1<br/>비타민A(R.E) : 840.7<br/>티아민(mg) : 0.6<br/>리보플라빈(mg) : 0.8<br/>비타민C(mg) : 60.8<br/>칼슘(mg) : 367.9<br/>철분(mg) : 6.7,20220425
B10,서울특별시교육청,7010073,당곡고등학교,3,석식,20220419,36.00,얼큰짬뽕(1/2)*  (1.5.6.9.13.17.18.)<br/>돼지불고기짜장볶음밥*  (1.2.5.6.10.)<br/>꿔바로우&흑당소스*  (5.6.10.)<br/>깍두기*  (9.13.)<br/>요구르트*  (2.),쌀 : 국내산<br/>김치류 : 국내산<br/>고춧가루(김치류) : 국내산<br/>쇠고기(종류) : 국내산(한우)<br/>돼지고기 : 국내산<br/>닭고기 : 국내산<br/>오리고기 : 국내산<br/>쇠고기 식육가공품 : 국내산<br/>돼지고기 식육가공품 : 국내산<br/>닭고기 식육가공품 : 국내산<br/>오리고기 가공품 : 국내산<br/>낙지 : 국내산<br/>고등어 : 국내산<br/>갈치 : 국내산<br/>오징어 : 국내산<br/>꽃게 : 국내산<br/>참조기 : 국내산<br/>콩 : 국내산,1018.7 Kcal,탄수화물(g) : 173.4<br/>단백질(g) : 42.0<br/>지방(g) : 19.2<br/>비타민A(R.E) : 513.1<br/>티아민(mg) : 0.5<br/>리보플라빈(mg) : 1.2<br/>비타민C(mg) : 27.7<br/>칼슘(mg) : 359.4<br/>철분(mg) : 10.9,20220426
B10,서울특별시교육청,7010073,당곡고등학교,3,석식,20220420,44.00,스모어*  (2.5.6.16.)<br/>잔치국수*  (1.5.6.13.)<br/>볶음김치*  (9.13.)<br/>매콤어묵볶음주먹밥*  (1.5.6.13.16.18.)<br/>소떡소떡*  (1.5.6.10.12.15.16.18.),쌀 : 국내산<br/>김치류 : 국내산<br/>고춧가루(김치류) : 국내산<br/>쇠고기(종류) : 국내산(한우)<br/>돼지고기 : 국내산<br/>닭고기 : 국내산<br/>오리고기 : 국내산<br/>쇠고기 식육가공품 : 국내산<br/>돼지고기 식육가공품 : 국내산<br/>닭고기 식육가공품 : 국내산<br/>오리고기 가공품 : 국내산<br/>낙지 : 국내산<br/>고등어 : 국내산<br/>갈치 : 국내산<br/>오징어 : 국내산<br/>꽃게 : 국내산<br/>참조기 : 국내산<br/>콩 : 국내산,825.1 Kcal,탄수화물(g) : 149.8<br/>단백질(g) : 33.7<br/>지방(g) : 17.1<br/>비타민A(R.E) : 666.5<br/>티아민(mg) : 0.2<br/>리보플라빈(mg) : 0.5<br/>비타민C(mg) : 38.6<br/>칼슘(mg) : 162.3<br/>철분(mg) : 3.8,20220427
B10,서울특별시교육청,7010073,당곡고등학교,3,석식,20220421,35.00,장조림버터볶음밥*  (1.2.5.6.10.13.18.)<br/>파마산크림스프&크루통*  (1.2.5.6.13.)<br/>깍두기*  (9.13.)<br/>오렌지망고주스*  <br/>구슬떡볶이*  (1.5.6.13.),쌀 : 국내산<br/>김치류 : 국내산<br/>고춧가루(김치류) : 국내산<br/>쇠고기(종류) : 국내산(한우)<br/>돼지고기 : 국내산<br/>닭고기 : 국내산<br/>오리고기 : 국내산<br/>쇠고기 식육가공품 : 국내산<br/>돼지고기 식육가공품 : 국내산<br/>닭고기 식육가공품 : 국내산<br/>오리고기 가공품 : 국내산<br/>낙지 : 국내산<br/>고등어 : 국내산<br/>갈치 : 국내산<br/>오징어 : 국내산<br/>꽃게 : 국내산<br/>참조기 : 국내산<br/>콩 : 국내산,1308.6 Kcal,탄수화물(g) : 190.5<br/>단백질(g) : 48.1<br/>지방(g) : 38.2<br/>비타민A(R.E) : 451.5<br/>티아민(mg) : 0.6<br/>리보플라빈(mg) : 0.9<br/>비타민C(mg) : 7.7<br/>칼슘(mg) : 400.9<br/>철분(mg) : 3.4,20220428
B10,서울특별시교육청,7010073,당곡고등학교,3,석식,20220422,33.00,오므라이스&브라운소스*  (1.2.5.6.9.10.12.13.14.16.18.)<br/>버섯매운탕*  (5.6.13.)<br/>닭다리후라이드&치킨양념소스*  (1.2.5.6.12.13.15.16.)<br/>깍두기*  (9.13.)<br/>자몽에이드*  (5.13.),쌀 : 국내산<br/>김치류 : 국내산<br/>고춧가루(김치류) : 국내산<br/>쇠고기(종류) : 국내산(한우)<br/>돼지고기 : 국내산<br/>닭고기 : 국내산<br/>오리고기 : 국내산<br/>쇠고기 식육가공품 : 국내산<br/>돼지고기 식육가공품 : 국내산<br/>닭고기 식육가공품 : 국내산<br/>오리고기 가공품 : 국내산<br/>낙지 : 국내산<br/>고등어 : 국내산<br/>갈치 : 국내산<br/>오징어 : 국내산<br/>꽃게 : 국내산<br/>참조기 : 국내산<br/>콩 : 국내산,857.9 Kcal,탄수화물(g) : 145.3<br/>단백질(g) : 41.5<br/>지방(g) : 14.5<br/>비타민A(R.E) : 344.7<br/>티아민(mg) : 0.4<br/>리보플라빈(mg) : 0.8<br/>비타민C(mg) : 76.2<br/>칼슘(mg) : 130.9<br/>철분(mg) : 4.0,20220429
B10,서울특별시교육청,7010073,당곡고등학교,3,석식,20220425,31.00,돼지불고기덮밥*  (1.2.5.6.7.10.13.18.)<br/>팽이장국*  (5.6.13.)<br/>오코노미야끼*  (1.2.5.6.13.16.17.18.)<br/>깍두기*  (9.13.)<br/>매실음료*  ,쌀 : 국내산<br/>김치류 : 국내산<br/>고춧가루(김치류) : 국내산<br/>쇠고기(종류) : 국내산(한우)<br/>돼지고기 : 국내산<br/>닭고기 : 국내산<br/>오리고기 : 국내산<br/>쇠고기 식육가공품 : 국내산<br/>돼지고기 식육가공품 : 국내산<br/>닭고기 식육가공품 : 국내산<br/>오리고기 가공품 : 국내산<br/>낙지 : 국내산<br/>고등어 : 국내산<br/>갈치 : 국내산<br/>오징어 : 국내산<br/>꽃게 : 국내산<br/>참조기 : 국내산<br/>콩 : 국내산,1266.9 Kcal,탄수화물(g) : 181.1<br/>단백질(g) : 96.4<br/>지방(g) : 23.5<br/>비타민A(R.E) : 861.2<br/>티아민(mg) : 1.0<br/>리보플라빈(mg) : 1.6<br/>비타민C(mg) : 35.4<br/>칼슘(mg) : 231.6<br/>철분(mg) : 10.9,20220502
B10,서울특별시교육청,7010073,당곡고등학교,3,석식,20220426,36.00,김가루주먹밥*  (13.)<br/>매콤해물볶음우동(大)*  (5.6.9.13.17.)<br/>가쓰오장국*  (5.6.13.)<br/>핫도그&케찹*  (1.2.5.6.10.12.15.)<br/>배추김치*  (9.13.),쌀 : 국내산<br/>김치류 : 국내산<br/>고춧가루(김치류) : 국내산<br/>쇠고기(종류) : 국내산(한우)<br/>돼지고기 : 국내산<br/>닭고기 : 국내산<br/>오리고기 : 국내산<br/>쇠고기 식육가공품 : 국내산<br/>돼지고기 식육가공품 : 국내산<br/>닭고기 식육가공품 : 국내산<br/>오리고기 가공품 : 국내산<br/>낙지 : 국내산<br/>고등어 : 국내산<br/>갈치 : 국내산<br/>오징어 : 국내산<br/>꽃게 : 국내산<br/>참조기 : 국내산<br/>콩 : 국내산,1234.5 Kcal,탄수화물(g) : 175.6<br/>단백질(g) : 75.2<br/>지방(g) : 28.2<br/>비타민A(R.E) : 669.4<br/>티아민(mg) : 0.6<br/>리보플라빈(mg) : 0.6<br/>비타민C(mg) : 30.4<br/>칼슘(mg) : 378.6<br/>철분(mg) : 21.2,20220503
B10,서울특별시교육청,7010073,당곡고등학교,3,석식,20250324,50.00,깍두기볶음밥 (5.6.9.13)<br/>미소국 (5.6)<br/>마늘쫑무침 (5.6.13)<br/>배추김치 (9)<br/>마늘베이글 (2.5.6.13)<br/>돈까스샐러드(허니소스) (1.2.5.6.10),쌀 : 국내산<br/>배추 : 국내산<br/>고춧가루 : 국내산,2801.7 Kcal,탄수화물(g) : 415.4<br/>단백질(g) : 87.4<br/>지방(g) : 84.9<br/>비타민A(R.E) : 1145.9<br/>티아민(mg) : 2.2<br/>리보플라빈(mg) : 7.1<br/>비타민C(mg) : 24.0<br/>칼슘(mg) : 796.0<br/>철분(mg) : 17.2,20250331
B10,서울특별시교육청,7010073,당곡고등학교,3,석식,20250325,68.00,백미밥 <br/>달래된장국 (5.6)<br/>콩나물무침 (5)<br/>사과 <br/>제육볶음 (5.6.10.13)<br/>야채달걀말이 (1)<br/>배추김치 (9),쌀 : 국내산<br/>배추 : 국내산<br/>고춧가루 : 국내산,1178.8 Kcal,탄수화물(g) : 69.7<br/>단백질(g) : 57.2<br/>지방(g) : 71.6<br/>비타민A(R.E) : 234.4<br/>티아민(mg) : 1.3<br/>리보플라빈(mg) : 0.7<br/>비타민C(mg) : 16.4<br/>칼슘(mg) : 241.4<br/>철분(mg) : 5.8,20250401
B10,서울특별시교육청,7010073,당곡고등학교,3,석식,20250326,45.00,추가밥 <br/>비빔국수 (5.6.9.13)<br/>돈육메추리알조림 (1.5.6.10.13)<br/>오징어부추전 (1.6.17)<br/>배추김치 (9)<br/>딸기 ,쌀 : 국내산<br/>배추 : 국내산<br/>고춧가루 : 국내산,1260.3 Kcal,탄수화물(g) : 204.6<br/>단백질(g) : 59.9<br/>지방(g) : 18.5<br/>비타민A(R.E) : 239.3<br/>티아민(mg) : 0.8<br/>리보플라빈(mg) : 1.6<br/>비타민C(mg) : 75.4<br/>칼슘(mg) : 205.4<br/>철분(mg) : 5.9,20250402
﻿B10,서울특별시교육청,7010073,당곡고등학교,3,석식,20250327,60.00,백미밥 <br/>육개장 (1.16)<br/>소시지감자볶음 (2.5.6.10.13.15.16)<br/>떡강정 (5.6.12.13)<br/>간고등어구이 (6.7)<br/>배추김치 (9),쌀 : 국내산<br/>배추 : 국내산<br/>고춧가루 : 국내산,1163.8 Kcal,탄수화물(g) : 161.6<br/>단백질(g) : 52.7<br/>지방(g) : 33.1<br/>비타민A(R.E) : 223.4<br/>티아민(mg) : 0.7<br/>리보플라빈(mg) : 1.3<br/>비타민C(mg) : 48.3<br/>칼슘(mg) : 243.0<br/>철분(mg) : 5.7,20250403
B10,서울특별시교육청,7010073,당곡고등학교,3,석식,20250328,50.00,백미밥 <br/>쑥갓어묵국 (5.6.13)<br/>미트볼케찹조림 (1.2.5.6.10.12.13.15.16)<br/>브로콜리무침 <br/>닭볶음탕 (5.6.13.15)<br/>깍두기 (9)<br/>요구르트 (2),쌀 : 국내산<br/>배추 : 국내산<br/>고춧가루 : 국내산,979.9 Kcal,탄수화물(g) : 116.2<br/>단백질(g) : 66.5<br/>지방(g) : 28.7<br/>비타민A(R.E) : 295.8<br/>티아민(mg) : 0.7<br/>리보플라빈(mg) : 1.3<br/>비타민C(mg) : 32.2<br/>칼슘(mg) : 245.0<br/>철분(mg) : 5.5,20250404
B10,서울특별시교육청,7010073,당곡고등학교,3,석식,20250331,50.00,백미밥 <br/>김치수제비 (6.9)<br/>오이생채 (13)<br/>두부구이&양념장 (5.6.13)<br/>수제파닭꼬치 (6.12.13.15)<br/>깍두기 (9)<br/>코코넛음료 ,쌀 : 국내산<br/>배추 : 국내산<br/>고춧가루 : 국내산,1220.9 Kcal,탄수화물(g) : 185.2<br/>단백질(g) : 62.6<br/>지방(g) : 24.2<br/>비타민A(R.E) : 221.7<br/>티아민(mg) : 0.8<br/>리보플라빈(mg) : 1.2<br/>비타민C(mg) : 26.2<br/>칼슘(mg) : 410.6<br/>철분(mg) : 7.3,20250407
B10,서울특별시교육청,7010073,당곡고등학교,3,석식,20250401,65.00,팽이버섯된장국 (5.6.13)<br/>청경채나물 <br/>고추참치덮밥 (5.6.13)<br/>스크램블드에그 (1)<br/>소시지구이&머스타드 (1.2.5.6.10.16.18)<br/>배추김치 (9),돼지고기 식육가공품 : 국내산<br/>쌀 : 국내산<br/>배추 : 국내산<br/>고춧가루 : 국내산<br/>콩 가공품 : 두부(콩):수입<br/>비고 : 참치:원양,1776.7 Kcal,탄수화물(g) : 133.3<br/>단백질(g) : 52.3<br/>지방(g) : 114.6<br/>비타민A(R.E) : 281.5<br/>티아민(mg) : 0.7<br/>리보플라빈(mg) : 1.4<br/>비타민C(mg) : 56.9<br/>칼슘(mg) : 357.1<br/>철분(mg) : 7.6,20250408
B10,서울특별시교육청,7010073,당곡고등학교,3,석식,20250402,40.00,백미밥 <br/>들깨무채국 (5.6)<br/>돈육김치볶음 (9.10.13.5.6)<br/>분홍소시지전 (1.2.5.6.10.15.16)<br/>깍두기 (9)<br/>황치즈파이 (1.2.5.6)<br/>오이&쌈장 (5.6.13),돼지고기 : 국내산<br/>쌀 : 국내산<br/>배추 : 국내산<br/>고춧가루 : 국내산<br/>비고 : ,1463.4 Kcal,탄수화물(g) : 237.4<br/>단백질(g) : 56.8<br/>지방(g) : 32.2<br/>비타민A(R.E) : 93.7<br/>티아민(mg) : 1.3<br/>리보플라빈(mg) : 0.6<br/>비타민C(mg) : 45.1<br/>칼슘(mg) : 245.1<br/>철분(mg) : 4.6,20250409
B10,서울특별시교육청,7010073,당곡고등학교,3,석식,20250403,60.00,김가루밥 <br/>가쓰오브시국 (5.6.9.13)<br/>콩나물무침 (5)<br/>떡볶이(소스) (1.5.6.13)<br/>치킨팝+소스 (1.2.5.6.12.13.15.16)<br/>깍두기 (9),닭고기 식육가공품 : 국내산<br/>쌀 : 국내산<br/>배추 : 국내산<br/>고춧가루 : 국내산<br/>비고 : 어묵(연육):국산,1165.7 Kcal,탄수화물(g) : 199.5<br/>단백질(g) : 40.3<br/>지방(g) : 24.4<br/>비타민A(R.E) : 205.2<br/>티아민(mg) : 0.4<br/>리보플라빈(mg) : 0.4<br/>비타민C(mg) : 10.6<br/>칼슘(mg) : 176.5<br/>철분(mg) : 3.1,20250410
B10,서울특별시교육청,7010073,당곡고등학교,3,석식,20250404,45.00,백미밥 <br/>설렁탕&소면 (5.6.13.16)<br/>녹두전 (2.5.6.9.10.12.16)<br/>오징어초무침g (5.6.13.17)<br/>배추김치 (9)<br/>수제양파고추장아찌 (5.6.18),쇠고기(종류) : 국내산(육우)<br/>돼지고기 식육가공품 : 국내산<br/>쌀 : 국내산<br/>배추 : 국내산<br/>고춧가루 : 국내산<br/>오징어 : 국내산,819.0 Kcal,탄수화물(g) : 113.1<br/>단백질(g) : 42.0<br/>지방(g) : 19.1<br/>비타민A(R.E) : 27.6<br/>티아민(mg) : 0.3<br/>리보플라빈(mg) : 0.4<br/>비타민C(mg) : 18.9<br/>칼슘(mg) : 112.6<br/>철분(mg) : 3.5,20250411
B10,서울특별시교육청,7010073,당곡고등학교,3,석식,20250407,50.00,백미밥 <br/>닭곰탕 (13.15)<br/>사과치커리생채 <br/>오징어야채볶음(링) (5.6.13.17.18)<br/>육원전 (1.2.5.6.10.15.16)<br/>배추김치 (9),돼지고기 식육가공품 : 국내산<br/>닭고기 : 국내산<br/>쌀 : 국내산<br/>배추 : 국내산<br/>고춧가루 : 국내산<br/>오징어 : 국내산,1663.5 Kcal,탄수화물(g) : 230.8<br/>단백질(g) : 93.1<br/>지방(g) : 38.5<br/>비타민A(R.E) : 1134.0<br/>티아민(mg) : 2.4<br/>리보플라빈(mg) : 2.1<br/>비타민C(mg) : 18.1<br/>칼슘(mg) : 408.3<br/>철분(mg) : 10.2,20250414
B10,서울특별시교육청,7010073,당곡고등학교,3,석식,20250408,65.00,나물비빔밥*약고추장 (5.6.10.13.16)<br/>근대된장국 (5.6)<br/>소떡소떡 (5.6.10.12.13.15)<br/>고등어양념구이 (5.6.7.13)<br/>배추김치 (9)<br/>후레쉬업(레몬&라임) ,쇠고기(종류) : <br/>돼지고기 : 국내산<br/>돼지고기 식육가공품 : 국내산<br/>닭고기 식육가공품 : 국내산<br/>쌀 : 국내산<br/>배추 : 국내산<br/>고춧가루 : 국내산<br/>고등어 : 국내산,1395.1 Kcal,탄수화물(g) : 217.4<br/>단백질(g) : 52.6<br/>지방(g) : 36.1<br/>비타민A(R.E) : 271.8<br/>티아민(mg) : 0.6<br/>리보플라빈(mg) : 0.7<br/>비타민C(mg) : 17.0<br/>칼슘(mg) : 166.4<br/>철분(mg) : 3.4,20250415
B10,서울특별시교육청,7010073,당곡고등학교,3,석식,20250409,40.00,추가밥 <br/>어묵우동 (1.5.6.9.13)<br/>비름나물초무침 (5.6.13)<br/>미니돈가스&파채 (1.5.6.10.13)<br/>배추김치 (9),돼지고기 식육가공품 : 국내산<br/>쌀 : 국내산<br/>배추 : 국내산<br/>고춧가루 : 국내산<br/>비고 : 어묵(연육):수입,1925.0 Kcal,탄수화물(g) : 332.4<br/>단백질(g) : 45.8<br/>지방(g) : 43.5<br/>비타민A(R.E) : 729.4<br/>티아민(mg) : 0.5<br/>리보플라빈(mg) : 1.0<br/>비타민C(mg) : 6.7<br/>칼슘(mg) : 296.0<br/>철분(mg) : 8.8,20250416
B10,서울특별시교육청,7010073,당곡고등학교,3,석식,20250410,60.00,백미밥 <br/>육개장 (1.16)<br/>미역줄기볶음 <br/>닭갈비 (5.6.13.15)<br/>부추야채전 (1.6)<br/>배추김치 (9)<br/>짜먹는요구르트 (2),쌀 : 국내산<br/>배추 : 국내산<br/>고춧가루 : 국내산,1081.3 Kcal,탄수화물(g) : 155.6<br/>단백질(g) : 61.7<br/>지방(g) : 23.0<br/>비타민A(R.E) : 290.0<br/>티아민(mg) : 0.6<br/>리보플라빈(mg) : 0.9<br/>비타민C(mg) : 29.3<br/>칼슘(mg) : 370.9<br/>철분(mg) : 6.1,20250417
B10,서울특별시교육청,7010073,당곡고등학교,3,석식,20250411,45.00,돈육콩나물밥/양념장 (5.6.10.13)<br/>배추된장국 (5.6.13)<br/>명엽채볶음 (5.6.13)<br/>생선까스&치폴레소스 (1.2.5.6.9)<br/>깍두기 (9)<br/>양배추샐러드&사우전D (1.2.5.6),"돼지고기 : 국내산<br/>쌀 : 국내산<br/>배추 : 국내산<br/>고춧가루 : 국내산<br/>비고 : 생선까스:수입, 명엽채:베트남",1856.4 Kcal,탄수화물(g) : 103.7<br/>단백질(g) : 36.6<br/>지방(g) : 140.5<br/>비타민A(R.E) : 142.4<br/>티아민(mg) : 0.7<br/>리보플라빈(mg) : 0.6<br/>비타민C(mg) : 40.5<br/>칼슘(mg) : 380.9<br/>철분(mg) : 3.5,20250418
B10,서울특별시교육청,7010073,당곡고등학교,3,석식,20250414,50.00,추가밥 <br/>나가사끼짬뽕A (5.6.8.9.10.13.17.18)<br/>도토리묵무침 (5.6.13)<br/>김치메밀전병 (2.3.5.6.16.18)<br/>배추겉절이(완) (9)<br/>푸딩 ,돼지고기 : 국내산<br/>돼지고기 식육가공품 : 국내산<br/>쌀 : 국내산<br/>배추 : 국내산<br/>고춧가루 : 국내산<br/>오징어 : 국내산,1269.4 Kcal,탄수화물(g) : 207.0<br/>단백질(g) : 69.0<br/>지방(g) : 10.3<br/>비타민A(R.E) : 77.8<br/>티아민(mg) : 0.5<br/>리보플라빈(mg) : 5.3<br/>비타민C(mg) : 19.0<br/>칼슘(mg) : 235.4<br/>철분(mg) : 7.1,20250421
B10,서울특별시교육청,7010073,당곡고등학교,3,석식,20250415,65.00,백미밥 <br/>순대국 (2.5.6.10.13.16)<br/>청경채나물 <br/>소시지야채볶음 (2.5.6.10.12.13.15.16.18)<br/>임연수카레구이 (2.5.6.12.13.16.18)<br/>깍두기 (9)<br/>자두맛음료 ,돼지고기 : 국내산<br/>돼지고기 식육가공품 : 국내산<br/>쌀 : 국내산<br/>배추 : 국내산<br/>고춧가루 : 국내산<br/>고등어 : <br/>비고 : 임연수:미국,1375.2 Kcal,탄수화물(g) : 176.9<br/>단백질(g) : 63.2<br/>지방(g) : 44.2<br/>비타민A(R.E) : 121.2<br/>티아민(mg) : 1.4<br/>리보플라빈(mg) : 0.8<br/>비타민C(mg) : 65.7<br/>칼슘(mg) : 251.2<br/>철분(mg) : 13.8,20250422
B10,서울특별시교육청,7010073,당곡고등학교,3,석식,20250416,40.00,치킨마요덮밥 (1.5.6.13.15.16)<br/>유부미소국 (5.6)<br/>타코야끼 (1.2.5.6.10.15.16.18)<br/>깍두기 (9)<br/>양상추샐러드(발사믹D) (1.2.5.6.12),닭고기 식육가공품 : 국내산<br/>쌀 : 국내산<br/>배추 : 국내산<br/>고춧가루 : 국내산<br/>콩 가공품 : 유부(콩):수입<br/>비고 : 타코야끼(문어):수입,1921.0 Kcal,탄수화물(g) : 154.5<br/>단백질(g) : 78.1<br/>지방(g) : 108.4<br/>비타민A(R.E) : 182.9<br/>티아민(mg) : 0.6<br/>리보플라빈(mg) : 0.8<br/>비타민C(mg) : 6.4<br/>칼슘(mg) : 480.0<br/>철분(mg) : 9.7,20250423
B10,서울특별시교육청,7010073,당곡고등학교,3,석식,20250417,60.00,백미밥 <br/>두부된장국 (5.6)<br/>매콤콩나물무침 (5)<br/>오리주물럭 (6.13)<br/>고구마맛탕 (13)<br/>배추김치 (9)<br/>쿠키 (1.5.6),오리고기 : 국내산<br/>쌀 : 국내산<br/>배추 : 국내산<br/>고춧가루 : 국내산<br/>콩 가공품 : 두부(콩):수입,2484.1 Kcal,탄수화물(g) : 281.7<br/>단백질(g) : 71.6<br/>지방(g) : 117.3<br/>비타민A(R.E) : 220.4<br/>티아민(mg) : 2.1<br/>리보플라빈(mg) : 3.3<br/>비타민C(mg) : 60.5<br/>칼슘(mg) : 504.7<br/>철분(mg) : 11.2,20250424
B10,서울특별시교육청,7010073,당곡고등학교,3,석식,20250418,45.00,백미밥 <br/>곰탕 (1.5.16)<br/>오이고추된장무침 (5.6.13)<br/>궁중떡볶이 (5.6.13.16)<br/>오징어김치전 (1.5.6)<br/>석박지 (9),쇠고기(종류) : 국내산(한우)<br/>쌀 : 국내산<br/>배추 : 국내산<br/>고춧가루 : 국내산<br/>오징어 수산가공품 : 국내산,1072.5 Kcal,탄수화물(g) : 185.6<br/>단백질(g) : 33.4<br/>지방(g) : 21.2<br/>비타민A(R.E) : 102.8<br/>티아민(mg) : 0.3<br/>리보플라빈(mg) : 0.6<br/>비타민C(mg) : 60.2<br/>칼슘(mg) : 193.9<br/>철분(mg) : 4.7,20250425
B10,서울특별시교육청,7010073,당곡고등학교,3,석식,20250421,50.00,잡채밥 (5.6.13)<br/>짬뽕국 (5.6.9.13.17.18)<br/>단무지무침 <br/>깐쇼새우 (1.5.6.9.12.13.16)<br/>배추김치 (9)<br/>호상요구르트 (2),"쌀 : 국내산<br/>배추 : 국내산<br/>고춧가루 : 국내산<br/>오징어 : 국내산<br/>비고 : 깐쇼새우(새우):수입, 홍합살:국산",1612.8 Kcal,탄수화물(g) : 169.8<br/>단백질(g) : 40.2<br/>지방(g) : 86.7<br/>비타민A(R.E) : 587.1<br/>티아민(mg) : 1.0<br/>리보플라빈(mg) : 1.5<br/>비타민C(mg) : 39.2<br/>칼슘(mg) : 388.3<br/>철분(mg) : 10.1,20250428
B10,서울특별시교육청,7010073,당곡고등학교,3,석식,20250422,65.00,백미밥 <br/>돈육고추장찌개 (5.6.10.13)<br/>단호박오리훈제 (5.6.13)<br/>부추무침 (13)<br/>어묵바&머스터드 (1.2.5.6)<br/>배추김치 (9),돼지고기 : 국내산<br/>오리고기 : 국내산<br/>쌀 : 국내산<br/>배추 : 국내산<br/>고춧가루 : 국내산<br/>콩 가공품 : 두부(콩):수입<br/>비고 : 어묵바(연육):수입,1154.5 Kcal,탄수화물(g) : 118.1<br/>단백질(g) : 57.1<br/>지방(g) : 50.6<br/>비타민A(R.E) : 343.5<br/>티아민(mg) : 0.9<br/>리보플라빈(mg) : 1.0<br/>비타민C(mg) : 41.6<br/>칼슘(mg) : 233.4<br/>철분(mg) : 4.2,20250429
B10,서울특별시교육청,7010073,당곡고등학교,3,석식,20250423,40.00,햄김치볶음밥 (1.2.5.6.9.10.15.16)<br/>볼어묵국 (1.5.6.7.13.18)<br/>오이생채 (13)<br/>등심돈까스&소스 (2.5.6.10.12.13.16)<br/>깍두기 (9)<br/>단호박샐러드(완) (1.5),돼지고기 식육가공품 : 국내산<br/>쌀 : 국내산<br/>배추 : 국내산<br/>고춧가루 : 국내산<br/>비고 : 어묵(연육):수입,1993.8 Kcal,탄수화물(g) : 133.7<br/>단백질(g) : 34.2<br/>지방(g) : 145.5<br/>비타민A(R.E) : 333.8<br/>티아민(mg) : 0.6<br/>리보플라빈(mg) : 0.9<br/>비타민C(mg) : 28.3<br/>칼슘(mg) : 246.2<br/>철분(mg) : 4.9,20250430
B10,서울특별시교육청,7010073,당곡고등학교,3,석식,20250502,60.00,김가루밥 <br/>잔치국수 (1.5.6.13)<br/>김치전 (6.9)<br/>배추겉절이(완) (9)<br/>푸딩 ,쌀 : 국내산<br/>배추 : 국내산<br/>고춧가루 : 국내산<br/>비고 : 김가루(김):국산,1684.6 Kcal,탄수화물(g) : 209.1<br/>단백질(g) : 38.9<br/>지방(g) : 75.6<br/>비타민A(R.E) : 317.0<br/>티아민(mg) : 0.5<br/>리보플라빈(mg) : 1.2<br/>비타민C(mg) : 19.5<br/>칼슘(mg) : 447.2<br/>철분(mg) : 7.1,20250509
B10,서울특별시교육청,7010073,당곡고등학교,3,석식,20250507,60.00,스팸마요덮밥 (1.5.6.10.13.18)<br/>고명장국 (1.2.5.6.9.13)<br/>떡볶이(소스) (1.5.6.13)<br/>김말이튀김 (1.5.16.18)<br/>배추김치 (9),돼지고기 식육가공품 : 국내산<br/>쌀 : 국내산<br/>쌀 가공품 : 떡(멥쌀):국산<br/>배추 : 국내산<br/>고춧가루 : 국내산,2000.8 Kcal,탄수화물(g) : 285.6<br/>단백질(g) : 44.7<br/>지방(g) : 74.1<br/>비타민A(R.E) : 866.8<br/>티아민(mg) : 1.9<br/>리보플라빈(mg) : 1.2<br/>비타민C(mg) : 5.2<br/>칼슘(mg) : 207.6<br/>철분(mg) : 12.5,20250514
B10,서울특별시교육청,7010073,당곡고등학교,3,석식,20250508,70.00,백미밥 <br/>쇠고기무국 (16)<br/>알감자조림 (5.6.13)<br/>매콤찜닭 (5.6.13.15)<br/>매콤콩나물무침 (5)<br/>배추김치 (9)<br/>요구르트 (2),쇠고기(종류) : 국내산(한우)<br/>닭고기 : 국내산<br/>쌀 : 국내산<br/>배추 : 국내산<br/>고춧가루 : 국내산,1072.1 Kcal,탄수화물(g) : 160.9<br/>단백질(g) : 70.6<br/>지방(g) : 8.3<br/>비타민A(R.E) : 122.5<br/>티아민(mg) : 0.7<br/>리보플라빈(mg) : 4.1<br/>비타민C(mg) : 25.7<br/>칼슘(mg) : 229.9<br/>철분(mg) : 8.3,20250515
B10,서울특별시교육청,7010073,당곡고등학교,3,석식,20250509,60.00,백미밥 <br/>육개장 (1.16)<br/>연두부&양념장 (5.6.13)<br/>조미김 <br/>떡갈비&소스 (5.6.10.12.13.16)<br/>배추김치 (9)<br/>솜사탕 ,쇠고기(종류) : 국내산(한우)<br/>돼지고기 식육가공품 : 국내산<br/>쌀 : 국내산<br/>배추 : 국내산<br/>고춧가루 : 국내산<br/>콩 가공품 : 연두부(대두):국산,1538.5 Kcal,탄수화물(g) : 117.7<br/>단백질(g) : 41.6<br/>지방(g) : 98.8<br/>비타민A(R.E) : 343.0<br/>티아민(mg) : 4.7<br/>리보플라빈(mg) : 1.3<br/>비타민C(mg) : 18.4<br/>칼슘(mg) : 226.7<br/>철분(mg) : 6.3,20250516
B10,서울특별시교육청,7010073,당곡고등학교,3,석식,20250512,70.00,열무비빔밥 (6.9.13)<br/>얼갈이된장국 (5.6)<br/>시금치된장국 (5.6.9)<br/>미트볼데리야끼볶음 (1.2.5.6.10.13.15.16)<br/>계란후라이 (1)<br/>배추김치 (9)<br/>자두맛음료 ,돼지고기 식육가공품 : 국내산<br/>쌀 : 국내산<br/>배추 : 국내산<br/>고춧가루 : 국내산,1660.6 Kcal,탄수화물(g) : 205.1<br/>단백질(g) : 84.5<br/>지방(g) : 54.0<br/>비타민A(R.E) : 354.8<br/>티아민(mg) : 2.9<br/>리보플라빈(mg) : 4.1<br/>비타민C(mg) : 83.6<br/>칼슘(mg) : 690.1<br/>철분(mg) : 13.8,20250519
B10,서울특별시교육청,7010073,당곡고등학교,3,석식,20250513,80.00,미소국 (5.6)<br/>도토리묵무침 (5.6.13)<br/>제육덮밥 (6.10.13)<br/>분홍소시지전 (1.2.5.6.10.15.16)<br/>조미김 <br/>배추김치 (9),"돼지고기 : 국내산<br/>쌀 : 국내산<br/>배추 : 국내산<br/>고춧가루 : 국내산<br/>콩 가공품 : 두부(대두):외국산<br/>비고 : 도토리묵:중국산, 분홍소시지전(연육):외국산",933.6 Kcal,탄수화물(g) : 119.9<br/>단백질(g) : 55.3<br/>지방(g) : 24.3<br/>비타민A(R.E) : 232.1<br/>티아민(mg) : 1.2<br/>리보플라빈(mg) : 0.9<br/>비타민C(mg) : 31.3<br/>칼슘(mg) : 240.9<br/>철분(mg) : 5.1,20250520
B10,서울특별시교육청,7010073,당곡고등학교,3,석식,20250514,60.00,후리가케밥 (1.2.5.6.9.13.16.18)<br/>고명장국 (1.2.5.6.9.13)<br/>김치볶음 (9.13)<br/>닭고기튀김 (2.6.13.15)<br/>양배추샐러드&사우전D (1.2.5.6),닭고기 : 국내산<br/>쌀 : 국내산<br/>배추 : 국내산<br/>고춧가루 : 국내산,996.1 Kcal,탄수화물(g) : 134.5<br/>단백질(g) : 35.7<br/>지방(g) : 32.5<br/>비타민A(R.E) : 78.0<br/>티아민(mg) : 0.4<br/>리보플라빈(mg) : 0.4<br/>비타민C(mg) : 15.0<br/>칼슘(mg) : 219.5<br/>철분(mg) : 3.5,20250521
B10,서울특별시교육청,7010073,당곡고등학교,3,석식,20250516,60.00,백미밥 <br/>김치국 (9)<br/>새송이조림 (5.6.13.18)<br/>돼지갈비찜 (5.6.10.13)<br/>오징어초무침 (6.17)<br/>사과 <br/>깍두기 (9),돼지고기 : 국내산<br/>쌀 : 국내산<br/>배추 : 국내산<br/>고춧가루 : 국내산<br/>오징어 : 국내산,1179.2 Kcal,탄수화물(g) : 181.1<br/>단백질(g) : 57.2<br/>지방(g) : 23.3<br/>비타민A(R.E) : 97.2<br/>티아민(mg) : 1.3<br/>리보플라빈(mg) : 0.7<br/>비타민C(mg) : 19.5<br/>칼슘(mg) : 130.4<br/>철분(mg) : 3.1,20250523
B10,서울특별시교육청,7010073,당곡고등학교,3,석식,20250519,70.00,백미밥 <br/>근대된장국 (5.6)<br/>숙주나물무침 <br/>오삼불고기 (5.6.10.13.17)<br/>해쉬브라운&케찹 (5.12)<br/>배추김치 (9),돼지고기 : 국내산<br/>쌀 : 국내산<br/>배추 : 국내산<br/>고춧가루 : 국내산<br/>오징어 : 국내산,1390.8 Kcal,탄수화물(g) : 210.3<br/>단백질(g) : 50.0<br/>지방(g) : 38.5<br/>비타민A(R.E) : 870.6<br/>티아민(mg) : 2.1<br/>리보플라빈(mg) : 1.3<br/>비타민C(mg) : 27.2<br/>칼슘(mg) : 213.5<br/>철분(mg) : 5.8,20250526
B10,서울특별시교육청,7010073,당곡고등학교,3,석식,20250520,80.00,추가밥 <br/>투움바파스타 (2.5.6.9.10.13.16.18)<br/>목살스테이크 (5.6.10.13.16)<br/>깍두기 (9)<br/>양상추샐러드(발사믹D) (1.2.5.6.12),돼지고기 식육가공품 : 국내산<br/>쌀 : 국내산<br/>배추 : 국내산<br/>고춧가루 : 국내산<br/>비고 : 새우살:외국산,1661.1 Kcal,탄수화물(g) : 183.8<br/>단백질(g) : 42.6<br/>지방(g) : 78.9<br/>비타민A(R.E) : 71.1<br/>티아민(mg) : 1.2<br/>리보플라빈(mg) : 0.6<br/>비타민C(mg) : 4.9<br/>칼슘(mg) : 109.6<br/>철분(mg) : 2.9,20250527
B10,서울특별시교육청,7010073,당곡고등학교,3,석식,20250521,60.00,밥버거 (1.2.5.6.9.10.15.16)<br/>고명장국 (1.2.5.6.9.13)<br/>닭꼬치&양념치킨소스 (2.5.6.12.13)<br/>깍두기 (9)<br/>후레쉬업(레몬&라임) ,돼지고기 식육가공품 : 국내산<br/>닭고기 식육가공품 : 국내산<br/>쌀 : 국내산<br/>배추 : 국내산<br/>고춧가루 : 국내산<br/>비고 : 참치:원양산,1354.2 Kcal,탄수화물(g) : 181.1<br/>단백질(g) : 33.0<br/>지방(g) : 55.1<br/>비타민A(R.E) : 36.7<br/>티아민(mg) : 0.5<br/>리보플라빈(mg) : 0.5<br/>비타민C(mg) : 66.1<br/>칼슘(mg) : 154.3<br/>철분(mg) : 3.4,20250528
B10,서울특별시교육청,7010073,당곡고등학교,3,석식,20250522,70.00,백미밥 <br/>콩나물김치국 (5.9)<br/>고춧잎나물 <br/>돈육고추장불고기 (6.10.13)<br/>야채달걀말이 (1)<br/>총각김치 (9)<br/>츄러스 (6),돼지고기 : 국내산<br/>쌀 : 국내산<br/>배추 : 국내산<br/>고춧가루 : 국내산,1205.8 Kcal,탄수화물(g) : 157.9<br/>단백질(g) : 71.3<br/>지방(g) : 30.1<br/>비타민A(R.E) : 501.7<br/>티아민(mg) : 1.6<br/>리보플라빈(mg) : 1.4<br/>비타민C(mg) : 26.7<br/>칼슘(mg) : 456.1<br/>철분(mg) : 8.7,20250529
B10,서울특별시교육청,7010073,당곡고등학교,3,석식,20250523,60.00,백미밥 <br/>버섯매운탕 (5.6.13)<br/>닭김치찜 (5.6.9.13.15)<br/>명엽채볶음 (5.6.13)<br/>어묵바&케찹 (1.5.12)<br/>조미김 <br/>깍두기 (9),닭고기 : <br/>쌀 : 국내산<br/>배추 : 국내산<br/>고춧가루 : 국내산<br/>명태 수산가공품 : 명엽채:러시아산<br/>비고 : 어묵(연육):베트남산,1041.9 Kcal,탄수화물(g) : 171.4<br/>단백질(g) : 59.6<br/>지방(g) : 9.5<br/>비타민A(R.E) : 201.4<br/>티아민(mg) : 0.7<br/>리보플라빈(mg) : 0.8<br/>비타민C(mg) : 20.4<br/>칼슘(mg) : 223.8<br/>철분(mg) : 4.3,20250530
B10,서울특별시교육청,7010073,당곡고등학교,3,석식,20250526,59.00,참치야채비빔밥 (5.6.13)<br/>팽이버섯된장국 (5.6.13)<br/>청포묵김가루무침 (5)<br/>돈육불백 (5.6.10.12.13)<br/>배추김치 (9),"돼지고기 : 국내산<br/>쌀 : 국내산<br/>배추 : 국내산<br/>고춧가루 : 국내산<br/>콩 가공품 : 두부(대두):외국산<br/>비고 : 참치:원양산, 청포묵:미얀마산",1297.3 Kcal,탄수화물(g) : 192.2<br/>단백질(g) : 73.9<br/>지방(g) : 26.0<br/>비타민A(R.E) : 144.2<br/>티아민(mg) : 1.8<br/>리보플라빈(mg) : 0.8<br/>비타민C(mg) : 20.5<br/>칼슘(mg) : 311.1<br/>철분(mg) : 7.1,20250602
B10,서울특별시교육청,7010073,당곡고등학교,3,석식,20250527,80.00,옛날도시락 (1.2.5.6.9.10.15.16)<br/>얼큰콩나물국 (5)<br/>망고야채샐러드 (1.2.5.6.12)<br/>소떡소떡 (5.6.10.12.13.15)<br/>배추김치 (9),돼지고기 식육가공품 : 국내산<br/>쌀 : 국내산<br/>배추 : 국내산<br/>고춧가루 : 국내산<br/>비고 : 분홍소시지전(연육):외국산,1510.0 Kcal,탄수화물(g) : 228.6<br/>단백질(g) : 59.0<br/>지방(g) : 38.7<br/>비타민A(R.E) : 304.2<br/>티아민(mg) : 0.5<br/>리보플라빈(mg) : 0.8<br/>비타민C(mg) : 30.9<br/>칼슘(mg) : 315.1<br/>철분(mg) : 4.3,20250603
B10,서울특별시교육청,7010073,당곡고등학교,3,석식,20250528,60.00,추가밥 <br/>비빔국수 (5.6.9.13.16)<br/>다시마감자국 (5.6.13)<br/>물만두&양념장 (1.5.6.10.13.16)<br/>배추김치 (9)<br/>오렌지 ,돼지고기 식육가공품 : 국내산<br/>쌀 : 국내산<br/>배추 : 국내산<br/>고춧가루 : 국내산,1262.0 Kcal,탄수화물(g) : 247.7<br/>단백질(g) : 35.3<br/>지방(g) : 11.3<br/>비타민A(R.E) : 57.2<br/>티아민(mg) : 0.9<br/>리보플라빈(mg) : 0.6<br/>비타민C(mg) : 57.1<br/>칼슘(mg) : 248.3<br/>철분(mg) : 7.8,20250604
B10,서울특별시교육청,7010073,당곡고등학교,3,석식,20250529,80.00,볼어묵국 (1.5.6.7.13.18)<br/>닭갈비볶음밥 (6.13.15)<br/>집게맛살튀김&케찹 (1.5.6.8.12)<br/>배식용김 <br/>배추김치 (9),"닭고기 : 국내산<br/>쌀 : 국내산<br/>배추 : 국내산<br/>고춧가루 : 국내산<br/>비고 : 볼어묵(연육):외국산, 집게맛살튀김(연육):외국산",1008.2 Kcal,탄수화물(g) : 164.3<br/>단백질(g) : 36.3<br/>지방(g) : 21.7<br/>비타민A(R.E) : 118.1<br/>티아민(mg) : 0.3<br/>리보플라빈(mg) : 0.3<br/>비타민C(mg) : 17.6<br/>칼슘(mg) : 213.7<br/>철분(mg) : 2.4,20250605
B10,서울특별시교육청,7010073,당곡고등학교,3,석식,20250530,60.00,백미밥 <br/>순두부찌개 (5.6.9.10)<br/>매콤달걀조림 (1.5.6.13)<br/>시금치나물 <br/>간고등어구이 (6.7)<br/>깍두기 (9)<br/>요거트아이스크림 (2.5),돼지고기 : 국내산<br/>쌀 : 국내산<br/>배추 : 국내산<br/>고춧가루 : 국내산<br/>콩 가공품 : 순두부(대두):외국산<br/>고등어 : 국내산,1762.0 Kcal,탄수화물(g) : 128.0<br/>단백질(g) : 55.8<br/>지방(g) : 114.0<br/>비타민A(R.E) : 751.7<br/>티아민(mg) : 1.1<br/>리보플라빈(mg) : 1.8<br/>비타민C(mg) : 35.7<br/>칼슘(mg) : 461.7<br/>철분(mg) : 9.0,20250606
B10,서울특별시교육청,7010073,당곡고등학교,3,석식,20250602,50.00,후리가케주먹밥 (1.2.5.6.9.13.16.18)<br/>고명장국 (1.2.5.6.9.13)<br/>찰순대 (2.5.6.10.13.16)<br/>우볶이 (1.5.6.13)<br/>깍두기 (9),쌀 : 국내산<br/>배추 : 국내산<br/>고춧가루 : 국내산<br/>비고 : 순대(돼지소창 등):국산,1762.5 Kcal,탄수화물(g) : 293.4<br/>단백질(g) : 56.0<br/>지방(g) : 29.5<br/>비타민A(R.E) : 252.7<br/>티아민(mg) : 0.9<br/>리보플라빈(mg) : 5.5<br/>비타민C(mg) : 1.3<br/>칼슘(mg) : 407.7<br/>철분(mg) : 12.0,20250609
B10,서울특별시교육청,7010073,당곡고등학교,3,석식,20250604,45.00,오므라이스 (1.2.5.6.10.12.13.15.16)<br/>팽이장국 (5.6)<br/>생선까스&콘소스 (1.2.5.6.13)<br/>배추김치 (9)<br/>양배추샐러드(흑임자D) (1.5),쌀 : 국내산<br/>배추 : 국내산<br/>고춧가루 : 국내산<br/>콩 가공품 : 두부(콩):외국산<br/>비고 : 생선가스(민대구):국산50%,1874.1 Kcal,탄수화물(g) : 162.2<br/>단백질(g) : 50.9<br/>지방(g) : 112.8<br/>비타민A(R.E) : 171.7<br/>티아민(mg) : 0.9<br/>리보플라빈(mg) : 1.0<br/>비타민C(mg) : 33.2<br/>칼슘(mg) : 397.7<br/>철분(mg) : 8.7,20250611
B10,서울특별시교육청,7010073,당곡고등학교,3,석식,20250605,60.00,백미밥 <br/>호떡파이 (1.2.5.6)<br/>얼갈이된장국 (5.6.13)<br/>카레감자채볶음 (2.5.6.12.13.16.18)<br/>제육볶음 (6.10.13)<br/>배추김치 (9)<br/>상추&쌈장 (5.6),돼지고기 : 국내산<br/>쌀 : 국내산<br/>배추 : 국내산<br/>고춧가루 : 국내산,1694.7 Kcal,탄수화물(g) : 279.1<br/>단백질(g) : 78.2<br/>지방(g) : 30.1<br/>비타민A(R.E) : 304.9<br/>티아민(mg) : 2.9<br/>리보플라빈(mg) : 2.8<br/>비타민C(mg) : 62.8<br/>칼슘(mg) : 456.0<br/>철분(mg) : 9.9,20250612
B10,서울특별시교육청,7010073,당곡고등학교,3,석식,20250609,50.00,추가밥 <br/>잔치국수 (1.5.6)<br/>김치전 (6.9)<br/>수제파닭꼬치 (2.5.6.13.15.16)<br/>배추김치 (9),닭고기 : 국내산<br/>쌀 : 국내산<br/>배추 : 국내산<br/>고춧가루 : 국내산,1796.1 Kcal,탄수화물(g) : 134.4<br/>단백질(g) : 78.1<br/>지방(g) : 99.0<br/>비타민A(R.E) : 216.8<br/>티아민(mg) : 0.7<br/>리보플라빈(mg) : 0.6<br/>비타민C(mg) : 11.3<br/>칼슘(mg) : 238.6<br/>철분(mg) : 5.0,20250616
B10,서울특별시교육청,7010073,당곡고등학교,3,석식,20250610,50.00,김가루밥 <br/>비빔냉면 (1.2.5.6.15.16.18)<br/>군만두&양념장 (1.5.6.10.13.16.18)<br/>열무김치 (9),돼지고기 식육가공품 : 국내산<br/>쌀 : 국내산<br/>배추 : 국내산<br/>고춧가루 : 국내산,1742.4 Kcal,탄수화물(g) : 309.7<br/>단백질(g) : 46.1<br/>지방(g) : 32.3<br/>비타민A(R.E) : 195.4<br/>티아민(mg) : 1.1<br/>리보플라빈(mg) : 1.5<br/>비타민C(mg) : 5.4<br/>칼슘(mg) : 352.7<br/>철분(mg) : 9.7,20250617
B10,서울특별시교육청,7010073,당곡고등학교,3,석식,20250611,45.00,백미밥 <br/>돈육김치찌개 (5.9.10)<br/>야채달걀말이 (1)<br/>미니돈가스&파채 (5.6.10.13.16)<br/>조미김 <br/>깍두기 (9)<br/>요구르트(190ml) (2),쇠고기(종류) : <br/>돼지고기 : 국내산<br/>돼지고기 식육가공품 : 국내산<br/>쌀 : 국내산<br/>배추 : 국내산<br/>고춧가루 : 국내산<br/>콩 가공품 : 두부(콩):외국산<br/>비고 : 김:국산,1317.9 Kcal,탄수화물(g) : 130.8<br/>단백질(g) : 53.6<br/>지방(g) : 64.2<br/>비타민A(R.E) : 345.5<br/>티아민(mg) : 0.8<br/>리보플라빈(mg) : 1.5<br/>비타민C(mg) : 8.2<br/>칼슘(mg) : 386.2<br/>철분(mg) : 8.6,20250618
B10,서울특별시교육청,7010073,당곡고등학교,3,석식,20250612,60.00,깍두기볶음밥 (5.6.9.13)<br/>유부미소국 (5.6)<br/>오이생채 (13)<br/>치킨텐더&머스터드 (1.2.5.6.15.16)<br/>배추김치 (9),닭고기 식육가공품 : 국내산<br/>쌀 : 국내산<br/>배추 : 국내산<br/>고춧가루 : 국내산<br/>콩 가공품 : 유뷰(콩):외국산,905.1 Kcal,탄수화물(g) : 102.6<br/>단백질(g) : 39.5<br/>지방(g) : 40.9<br/>비타민A(R.E) : 157.6<br/>티아민(mg) : 0.6<br/>리보플라빈(mg) : 1.2<br/>비타민C(mg) : 29.6<br/>칼슘(mg) : 344.8<br/>철분(mg) : 7.4,20250619
B10,서울특별시교육청,7010073,당곡고등학교,3,석식,20250616,50.00,추가밥 <br/>토마토스파게티 (1.2.5.6.10.12.13.16)<br/>옥수수피자 (1.2.5.6.12.16)<br/>오이피클 ,돼지고기 : 국내산<br/>쌀 : 국내산<br/>배추 : 국내산<br/>고춧가루 : 국내산,1722.2 Kcal,탄수화물(g) : 266.4<br/>단백질(g) : 65.8<br/>지방(g) : 44.5<br/>비타민A(R.E) : 266.0<br/>티아민(mg) : 1.4<br/>리보플라빈(mg) : 1.2<br/>비타민C(mg) : 14.9<br/>칼슘(mg) : 879.8<br/>철분(mg) : 4.9,20250623
B10,서울특별시교육청,7010073,당곡고등학교,3,석식,20250617,50.00,백미밥 <br/>돈육고추장찌개 (5.6.10.13)<br/>매콤찜닭(뼈) (5.6.13.15)<br/>볼어묵볶음 (1.5.6.13.18)<br/>배추김치 (9),돼지고기 : 국내산<br/>닭고기 : 국내산<br/>쌀 : 국내산<br/>배추 : 국내산<br/>고춧가루 : 국내산<br/>비고 : 어묵(연육):외국산,2205.4 Kcal,탄수화물(g) : 253.9<br/>단백질(g) : 72.5<br/>지방(g) : 98.8<br/>비타민A(R.E) : 323.8<br/>티아민(mg) : 0.9<br/>리보플라빈(mg) : 1.1<br/>비타민C(mg) : 11.8<br/>칼슘(mg) : 241.5<br/>철분(mg) : 5.7,20250624
B10,서울특별시교육청,7010073,당곡고등학교,3,석식,20250618,45.00,백미밥 <br/>참치미역국 (5.6)<br/>돈육김치볶음&찐두부 (5.6.9.10.13)<br/>부추전 (1.6)<br/>깍두기 (9),"돼지고기 : 국내산<br/>쌀 : 국내산<br/>배추 : 국내산<br/>고춧가루 : 국내산<br/>콩 가공품 : 두부(콩):국산<br/>비고 : 미역:국산, 참치:원양산",1686.2 Kcal,탄수화물(g) : 270.5<br/>단백질(g) : 77.6<br/>지방(g) : 33.5<br/>비타민A(R.E) : 1149.8<br/>티아민(mg) : 3.0<br/>리보플라빈(mg) : 2.2<br/>비타민C(mg) : 14.9<br/>칼슘(mg) : 415.9<br/>철분(mg) : 10.6,20250625
B10,서울특별시교육청,7010073,당곡고등학교,3,석식,20250619,60.00,유부초밥 (5.6)<br/>어묵우동 (5.6.9.13)<br/>단무지무침 <br/>새우튀김 (5.6.9.12.13.18)<br/>양배추샐러드(흑임자D) (1.5),"쌀 : 국내산<br/>배추 : 국내산<br/>고춧가루 : 국내산<br/>콩 가공품 : 유부(콩):외국산<br/>비고 : 어묵(연육):외국산, 새우:외국산",1182.6 Kcal,탄수화물(g) : 165.7<br/>단백질(g) : 34.7<br/>지방(g) : 41.5<br/>비타민A(R.E) : 126.8<br/>티아민(mg) : 0.5<br/>리보플라빈(mg) : 0.5<br/>비타민C(mg) : 23.4<br/>칼슘(mg) : 429.4<br/>철분(mg) : 4.3,20250626
B10,서울특별시교육청,7010073,당곡고등학교,3,석식,20250623,50.00,잡채밥 (5.6.13)<br/>파송송달걀국 (1.13)<br/>매콤콩나물무침 (5)<br/>흑임자탕수육&소스 (1.5.6.10.12.13)<br/>배추김치 (9),돼지고기 식육가공품 : 국내산<br/>쌀 : 국내산<br/>배추 : 국내산<br/>고춧가루 : 국내산,1030.1 Kcal,탄수화물(g) : 182.1<br/>단백질(g) : 26.3<br/>지방(g) : 22.1<br/>비타민A(R.E) : 155.4<br/>티아민(mg) : 0.5<br/>리보플라빈(mg) : 0.9<br/>비타민C(mg) : 13.3<br/>칼슘(mg) : 192.3<br/>철분(mg) : 12.8,20250630
B10,서울특별시교육청,7010073,당곡고등학교,3,석식,20250624,50.00,백미밥 <br/>돼지갈비탕 (10.13.16)<br/>두부구이&양념장 (5.6.13)<br/>떡꼬치&매콤소스 (6.12.13)<br/>삼치구이 <br/>섞박지 (9)<br/>요구르트 (2),돼지고기 : 국내산<br/>쌀 : 국내산<br/>쌀 가공품 : 떡꼬치떡(멥쌀):국산<br/>배추 : 국내산<br/>고춧가루 : 국내산<br/>콩 가공품 : 두부(콩):국산<br/>비고 : 삼치살:국산,871.6 Kcal,탄수화물(g) : 120.5<br/>단백질(g) : 51.2<br/>지방(g) : 18.3<br/>비타민A(R.E) : 14.5<br/>티아민(mg) : 0.7<br/>리보플라빈(mg) : 0.6<br/>비타민C(mg) : 6.0<br/>칼슘(mg) : 254.5<br/>철분(mg) : 3.4,20250701
B10,서울특별시교육청,7010073,당곡고등학교,3,석식,20250625,45.00,백미밥 <br/>순대국 (2.5.6.10.13.16)<br/>달걀찜 (1.13)<br/>근대된장무침(자율) (5.6)<br/>매운어묵볶음 (1.5.6.13)<br/>석박지 (9)<br/>오렌지주스 <br/>오렌지망고주스 ,"돼지고기 : 국내산<br/>쌀 : 국내산<br/>배추 : 국내산<br/>고춧가루 : 국내산<br/>비고 : 어묵(연육):외국산, 순대(돼지소창 등):국산",1054.7 Kcal,탄수화물(g) : 159.5<br/>단백질(g) : 49.4<br/>지방(g) : 24.2<br/>비타민A(R.E) : 440.1<br/>티아민(mg) : 1.0<br/>리보플라빈(mg) : 1.1<br/>비타민C(mg) : 129.9<br/>칼슘(mg) : 296.7<br/>철분(mg) : 8.5,20250702
B10,서울특별시교육청,7010073,당곡고등학교,3,석식,20250626,60.00,백미밥 <br/>삼색수제비국 (5.6.13)<br/>메추리알장조림 (1.5.6.13)<br/>김치메밀전병 (2.3.5.6.16.18)<br/>깍두기 (9),돼지고기 식육가공품 : 국내산<br/>쌀 : 국내산<br/>배추 : 국내산<br/>고춧가루 : 국내산<br/>비고 : 메추리알:국산,1118.6 Kcal,탄수화물(g) : 205.1<br/>단백질(g) : 35.3<br/>지방(g) : 17.6<br/>비타민A(R.E) : 231.3<br/>티아민(mg) : 0.4<br/>리보플라빈(mg) : 0.5<br/>비타민C(mg) : 6.7<br/>칼슘(mg) : 332.3<br/>철분(mg) : 5.3,20250703
B10,서울특별시교육청,7010073,당곡고등학교,3,석식,20250630,50.00,돈까스덮밥 (1.5.6.9.10.13)<br/>다시마감자국 <br/>배추김치 (9)<br/>배맛아이스크림 <br/>양배추샐러드(키위D) (1.2.5.6),돼지고기 식육가공품 : 국내산<br/>쌀 : 국내산<br/>배추 : 국내산<br/>고춧가루 : 국내산,3392.2 Kcal,탄수화물(g) : 164.2<br/>단백질(g) : 38.7<br/>지방(g) : 283.2<br/>비타민A(R.E) : 218.7<br/>티아민(mg) : 0.4<br/>리보플라빈(mg) : 0.6<br/>비타민C(mg) : 31.0<br/>칼슘(mg) : 406.7<br/>철분(mg) : 6.3,20250707
B10,서울특별시교육청,7010073,당곡고등학교,3,석식,20260330,90.00,참치야채비빔밥 (5.6.13)<br/>팽이장국 (5.6)<br/>매콤달걀조림 (1.5.6.13)<br/>너비아니&소스 (2.5.6.10.12.13.15.16)<br/>배추김치 (9)<br/>청사과아이스티 ,"쌀 : 국내산<br/>배추 : 국내산<br/>고춧가루 : 국내산<br/>뱀장어 수산가공품 : 국내산<br/>비고 : 참치:외국산(원양또는베트남), 유부(대두):외국산",1391.8 Kcal,탄수화물(g) : 199.6<br/>단백질(g) : 67.2<br/>지방(g) : 36.2<br/>비타민A(R.E) : 497.5<br/>티아민(mg) : 5.2<br/>리보플라빈(mg) : 2.2<br/>비타민C(mg) : 83.3<br/>칼슘(mg) : 385.9<br/>철분(mg) : 10.9,20260406
B10,서울특별시교육청,7010073,당곡고등학교,3,석식,20260331,90.00,백미밥 <br/>차돌박이된장찌개 (5.6.16)<br/>미니소떡소떡 (2.5.6.10.12.13.15.16)<br/>닭고기구이 (5.6.12.13.15)<br/>배추김치 (9)<br/>딸기 <br/>쌈야채(상추&깻잎)&쌈장 (5.6.13),쇠고기(종류) : 국내산(한우)<br/>돼지고기 식육가공품 : 국내산<br/>닭고기 : 국내산<br/>쌀 : 국내산<br/>배추 : 국내산<br/>고춧가루 : 국내산<br/>비고 : 두부(대두):외국산,1149.6 Kcal,탄수화물(g) : 164.6<br/>단백질(g) : 57.6<br/>지방(g) : 29.7<br/>비타민A(R.E) : 254.7<br/>티아민(mg) : 0.7<br/>리보플라빈(mg) : 0.9<br/>비타민C(mg) : 91.3<br/>칼슘(mg) : 215.0<br/>철분(mg) : 5.2,20260407
B10,서울특별시교육청,7010073,당곡고등학교,3,석식,20260401,90.00,"추가밥 <br/>잔치국수 (1.5.6.13)<br/>오징어초무침(무x,부찬) (6.17)<br/>고기지짐 (1.2.5.6.10.15.16)<br/>배추김치 (9)<br/>사과주스 ",돼지고기 식육가공품 : 국내산<br/>쌀 : 국내산<br/>배추 : 국내산<br/>고춧가루 : 국내산<br/>오징어 : 국내산,1222.3 Kcal,탄수화물(g) : 200.6<br/>단백질(g) : 44.5<br/>지방(g) : 24.8<br/>비타민A(R.E) : 349.4<br/>티아민(mg) : 0.5<br/>리보플라빈(mg) : 0.8<br/>비타민C(mg) : 98.0<br/>칼슘(mg) : 343.8<br/>철분(mg) : 6.4,20260408
B10,서울특별시교육청,7010073,당곡고등학교,3,석식,20260402,100.00,백미밥 <br/>얼갈이된장국 (5.6)<br/>돈육김치볶음 (6.9.10.13)<br/>분홍소시지전 (1.2.5.6.10.15.16)<br/>조미김 <br/>깍두기 (9)<br/>호상요구르트(딸기맛) (2.5.16),돼지고기 : 국내산<br/>쌀 : 국내산<br/>배추 : 국내산<br/>고춧가루 : 국내산<br/>비고 : 분홍소시지(연육:외국산),1598.9 Kcal,탄수화물(g) : 247.1<br/>단백질(g) : 71.7<br/>지방(g) : 34.5<br/>비타민A(R.E) : 623.0<br/>티아민(mg) : 2.9<br/>리보플라빈(mg) : 2.4<br/>비타민C(mg) : 46.2<br/>칼슘(mg) : 486.4<br/>철분(mg) : 8.0,20260409
B10,서울특별시교육청,7010073,당곡고등학교,3,석식,20260406,90.00,백미밥 <br/>순두부찌개 (5.6.9.10.16.17.18)<br/>달걀찜 (1.13)<br/>진미채고추장볶음 (6.13.17)<br/>유린가자미 (3.5.6.13)<br/>배추김치 (9)<br/>에너지바 (2.4.5.6),"돼지고기 : 국내산<br/>쌀 : 국내산<br/>배추 : 국내산<br/>고춧가루 : 국내산<br/>오징어 수산가공품 : 진미채:페루산<br/>비고 : 가자미:미국산, 두부(대두:외국산)",1220.7 Kcal,탄수화물(g) : 202.1<br/>단백질(g) : 59.3<br/>지방(g) : 17.3<br/>비타민A(R.E) : 204.8<br/>티아민(mg) : 1.1<br/>리보플라빈(mg) : 1.0<br/>비타민C(mg) : 22.2<br/>칼슘(mg) : 237.7<br/>철분(mg) : 5.0,20260413
B10,서울특별시교육청,7010073,당곡고등학교,3,석식,20260407,90.00,잡채밥 (5.6.13)<br/>짬뽕국 (5.6.9.13.17.18)<br/>꼬들단무지무침 <br/>깐쇼새우오징어볼강정 (1.5.6.9.12.13.17)<br/>배추김치 (9)<br/>후레쉬업(레몬&라임) ,"쌀 : 국내산<br/>배추 : 국내산<br/>고춧가루 : 국내산<br/>비고 : 깐쇼새우:베트남산, 오징어볼:원양산",811.2 Kcal,탄수화물(g) : 160.5<br/>단백질(g) : 27.9<br/>지방(g) : 8.1<br/>비타민A(R.E) : 272.6<br/>티아민(mg) : 1.7<br/>리보플라빈(mg) : 0.8<br/>비타민C(mg) : 27.3<br/>칼슘(mg) : 187.7<br/>철분(mg) : 5.9,20260414
B10,서울특별시교육청,7010073,당곡고등학교,3,석식,20260408,90.00,백미밥 <br/>두부된장국 (5.6)<br/>콩나물파채무침 (5)<br/>돈육간장불고기 (5.6.10.13)<br/>배추김치 (9)<br/>상추&쌈장S (5.6.13)<br/>복숭아아이스티 (11),쌀 : 국내산<br/>배추 : 국내산<br/>고춧가루 : 국내산,1005.0 Kcal,탄수화물(g) : 146.1<br/>단백질(g) : 53.9<br/>지방(g) : 23.4<br/>비타민A(R.E) : 201.2<br/>티아민(mg) : 1.4<br/>리보플라빈(mg) : 0.9<br/>비타민C(mg) : 18.5<br/>칼슘(mg) : 308.5<br/>철분(mg) : 6.5,20260415
B10,서울특별시교육청,7010073,당곡고등학교,3,석식,20260409,100.00,밥버거 (1.2.5.6.9.10.15.16)<br/>고명장국 (1.2.5.6.9.13)<br/>사과 <br/>닭꼬치&양념치킨소스 (2.5.6.12)<br/>깍두기 (9)<br/>양배추샐러드(키위D) (1.2.5.6),쌀 : 국내산<br/>배추 : 국내산<br/>고춧가루 : 국내산,949.3 Kcal,탄수화물(g) : 151.1<br/>단백질(g) : 30.4<br/>지방(g) : 24.9<br/>비타민A(R.E) : 33.7<br/>티아민(mg) : 0.4<br/>리보플라빈(mg) : 0.5<br/>비타민C(mg) : 58.0<br/>칼슘(mg) : 156.7<br/>철분(mg) : 3.5,20260416
B10,서울특별시교육청,7010073,당곡고등학교,3,석식,20260413,100.00,백미밥 <br/>참치미역국 (5.6)<br/>도토리묵무침 (5.6.13)<br/>닭갈비 (6.13.15)<br/>소시지야채볶음 (2.5.6.10.12.13.15.16.18)<br/>깍두기 (9)<br/>츄러스 (1.2.5.6),돼지고기 : 국내산<br/>돼지고기 식육가공품 : 국내산<br/>닭고기 : 국내산<br/>쌀 : 국내산<br/>배추 : 국내산<br/>고춧가루 : 국내산<br/>비고 : 참치:원양산,997.5 Kcal,탄수화물(g) : 122.2<br/>단백질(g) : 49.4<br/>지방(g) : 34.6<br/>비타민A(R.E) : 207.7<br/>티아민(mg) : 0.7<br/>리보플라빈(mg) : 0.8<br/>비타민C(mg) : 43.1<br/>칼슘(mg) : 206.0<br/>철분(mg) : 4.1,20260420
B10,서울특별시교육청,7010073,당곡고등학교,3,석식,20260414,100.00,백미밥 <br/>감자찌개 (6)<br/>시금치나물 <br/>매운어묵볶음 (1.5.6.13)<br/>미니돈가스&파채 (5.6.10.13.16)<br/>배추김치 (9)<br/>딸기 ,돼지고기 식육가공품 : 국내산<br/>쌀 : 국내산<br/>배추 : 국내산<br/>고춧가루 : 국내산<br/>비고 : 어묵(연육:국산),933.2 Kcal,탄수화물(g) : 99.8<br/>단백질(g) : 19.1<br/>지방(g) : 50.6<br/>비타민A(R.E) : 161.0<br/>티아민(mg) : 0.3<br/>리보플라빈(mg) : 0.3<br/>비타민C(mg) : 70.4<br/>칼슘(mg) : 127.7<br/>철분(mg) : 4.5,20260421
B10,서울특별시교육청,7010073,당곡고등학교,3,석식,20260415,100.00,비빔국수 (5.6.9.13.16)<br/>미소국 (5.6)<br/>군만두&양념장 (1.5.6.10.13.16.18)<br/>깍두기 (9)<br/>흑당버블라떼 (2)<br/>연근양상추샐러드(흑임자D) (1.2.5.6.12),돼지고기 식육가공품 : 국내산<br/>쌀 : 국내산<br/>배추 : 국내산<br/>고춧가루 : 국내산<br/>비고 : 두부(대두:외국산),794.9 Kcal,탄수화물(g) : 108.4<br/>단백질(g) : 23.7<br/>지방(g) : 30.1<br/>비타민A(R.E) : 151.4<br/>티아민(mg) : 0.7<br/>리보플라빈(mg) : 1.1<br/>비타민C(mg) : 9.4<br/>칼슘(mg) : 460.8<br/>철분(mg) : 5.9,20260422
B10,서울특별시교육청,7010073,당곡고등학교,3,석식,20260416,100.00,베이컨김치볶음밥 (5.6.9.10.13.18)<br/>팽이장국 (5.6)<br/>돈육메추리알조림 (1.5.6.10.13)<br/>콩나물무침 (5)<br/>깍두기 (9)<br/>아이스크림(모나카) (2.5.6),돼지고기 : 국내산<br/>돼지고기 식육가공품 : 국내산<br/>쌀 : 국내산<br/>배추 : 국내산<br/>고춧가루 : 국내산<br/>비고 : 메추리알:국산,1053.9 Kcal,탄수화물(g) : 140.5<br/>단백질(g) : 41.8<br/>지방(g) : 38.5<br/>비타민A(R.E) : 339.8<br/>티아민(mg) : 0.8<br/>리보플라빈(mg) : 1.3<br/>비타민C(mg) : 18.7<br/>칼슘(mg) : 368.0<br/>철분(mg) : 5.9,20260423
B10,서울특별시교육청,7010073,당곡고등학교,3,석식,20260420,100.00,백미밥 <br/>순대국 (2.5.6.10.13.16)<br/>부추무침 (13)<br/>고등어양념구이 (5.6.7.13)<br/>석박지 (9)<br/>딸기맛도너츠 (1.2.5.6),돼지고기 : 국내산<br/>돼지고기 식육가공품 : 국내산<br/>쌀 : 국내산<br/>배추 : 국내산<br/>고춧가루 : 국내산<br/>고등어 : 국내산,1010.1 Kcal,탄수화물(g) : 126.5<br/>단백질(g) : 39.3<br/>지방(g) : 37.1<br/>비타민A(R.E) : 33.6<br/>티아민(mg) : 0.7<br/>리보플라빈(mg) : 0.8<br/>비타민C(mg) : 3.3<br/>칼슘(mg) : 164.7<br/>철분(mg) : 6.6,20260427
B10,서울특별시교육청,7010073,당곡고등학교,3,석식,20260421,100.00,백미밥 <br/>불마요들기름메밀국수 (1.3.5.6.13)<br/>도토리묵사발 (2.5.6.9.15.16.18)<br/>수육 (5.6.10)<br/>무말랭이무침 <br/>보쌈김치 (9),돼지고기 : 국내산<br/>쌀 : 국내산<br/>배추 : 국내산<br/>고춧가루 : 국내산,1272.3 Kcal,탄수화물(g) : 140.3<br/>단백질(g) : 53.3<br/>지방(g) : 51.6<br/>비타민A(R.E) : 81.0<br/>티아민(mg) : 1.1<br/>리보플라빈(mg) : 1.3<br/>비타민C(mg) : 8.7<br/>칼슘(mg) : 197.1<br/>철분(mg) : 5.9,20260428
B10,서울특별시교육청,7010073,당곡고등학교,3,석식,20260422,100.00,소시지달걀볶음밥 (1.2.5.6.10.13.15.16.18)<br/>고명유부국 (1.2.5.6.9.13)<br/>실곤약야채무침 (5.6.13)<br/>배추김치 (9)<br/>또띠아피자 (1.2.5.6.10.12.13.15.16)<br/>골드키위 ,돼지고기 식육가공품 : 국내산<br/>쌀 : 국내산<br/>배추 : 국내산<br/>고춧가루 : 국내산,703.7 Kcal,탄수화물(g) : 94.0<br/>단백질(g) : 28.7<br/>지방(g) : 23.5<br/>비타민A(R.E) : 117.2<br/>티아민(mg) : 0.6<br/>리보플라빈(mg) : 0.5<br/>비타민C(mg) : 83.4<br/>칼슘(mg) : 254.8<br/>철분(mg) : 3.3,20260429
B10,서울특별시교육청,7010073,당곡고등학교,3,석식,20260430,100.00,백미밥 <br/>사골국 (5.6.13.16)<br/>낙지야채볶음 (5.6.13)<br/>떡꼬치&소스 (6.12.13)<br/>배추김치 (9)<br/>방울토마토 (12),쇠고기(종류) : 국내산(한우)<br/>쇠고기 식육가공품 : 국내산<br/>쌀 : 국내산<br/>배추 : 국내산<br/>고춧가루 : 국내산<br/>낙지 : 낙지:베트남산,741.7 Kcal,탄수화물(g) : 116.1<br/>단백질(g) : 42.8<br/>지방(g) : 9.3<br/>비타민A(R.E) : 152.4<br/>티아민(mg) : 0.2<br/>리보플라빈(mg) : 0.5<br/>비타민C(mg) : 18.4<br/>칼슘(mg) : 114.5<br/>철분(mg) : 4.6,20260507
B10,서울특별시교육청,7010073,당곡고등학교,3,석식,20260504,80.00,햄김치볶음밥 (1.2.5.6.9.10.15.16)<br/>팽이장국 (5.6.13)<br/>참나물사과무침 <br/>생선까스&콘소스 (1.2.5.6.13)<br/>배식용김 <br/>깍두기 (9)<br/>딸기우유 (2),"돼지고기 식육가공품 : 국내산<br/>쌀 : 국내산<br/>배추 : 국내산<br/>고춧가루 : 국내산<br/>비고 : 생선까스(민대구):국산, 두부(대두):외국산",1524.9 Kcal,탄수화물(g) : 188.8<br/>단백질(g) : 48.5<br/>지방(g) : 62.1<br/>비타민A(R.E) : 197.8<br/>티아민(mg) : 0.6<br/>리보플라빈(mg) : 1.1<br/>비타민C(mg) : 22.6<br/>칼슘(mg) : 482.8<br/>철분(mg) : 6.4,20260511
B10,서울특별시교육청,7010073,당곡고등학교,3,석식,20260506,80.00,파송송달걀국 (1.13)<br/>양파무침 (13)<br/>돈육마파두부덮밥 (5.6.10.12.13.18)<br/>왕새우또띠아 (1.2.5.6.9)<br/>깍두기 (9)<br/>귤주스 ,돼지고기 : 국내산<br/>쌀 : 국내산<br/>배추 : 국내산<br/>고춧가루 : 국내산<br/>비고 : 새우튀김(새우):베트남산,1929.5 Kcal,탄수화물(g) : 291.3<br/>단백질(g) : 54.9<br/>지방(g) : 60.7<br/>비타민A(R.E) : 704.6<br/>티아민(mg) : 2.0<br/>리보플라빈(mg) : 1.4<br/>비타민C(mg) : 50.3<br/>칼슘(mg) : 417.6<br/>철분(mg) : 9.0,20260513
B10,서울특별시교육청,7010073,당곡고등학교,3,석식,20260507,90.00,백미밥 <br/>돈육고추장찌개 (5.6.10.13)<br/>진미채야채무침 (6.13.17)<br/>돈육간장불고기 (5.6.10.13)<br/>야채달걀말이 (1)<br/>배추김치 (9)<br/>청포도 ,돼지고기 : 국내산<br/>쌀 : 국내산<br/>배추 : 국내산<br/>고춧가루 : 국내산<br/>오징어 수산가공품 : 진미채:페루<br/>비고 : 두부(대두):외국산,1499.8 Kcal,탄수화물(g) : 232.5<br/>단백질(g) : 81.5<br/>지방(g) : 21.1<br/>비타민A(R.E) : 182.6<br/>티아민(mg) : 1.5<br/>리보플라빈(mg) : 3.8<br/>비타민C(mg) : 27.9<br/>칼슘(mg) : 231.6<br/>철분(mg) : 7.8,20260514
B10,서울특별시교육청,7010073,당곡고등학교,3,석식,20260511,80.00,백미밥 <br/>근대된장국 (5.6.13)<br/>매운돈육떡찜 (5.6.10.13)<br/>오이생채 (13)<br/>두부구이&양념장 (5.6.13)<br/>배추김치 (9)<br/>스위티자몽주스 (2),쌀 : 국내산<br/>배추 : 국내산<br/>고춧가루 : 국내산,1283.2 Kcal,탄수화물(g) : 181.4<br/>단백질(g) : 74.2<br/>지방(g) : 27.5<br/>비타민A(R.E) : 219.0<br/>티아민(mg) : 2.2<br/>리보플라빈(mg) : 2.2<br/>비타민C(mg) : 70.0<br/>칼슘(mg) : 367.4<br/>철분(mg) : 8.9,20260518
B10,서울특별시교육청,7010073,당곡고등학교,3,석식,20260512,95.00,백미밥 <br/>사골국 (5.6.13.16)<br/>골뱅이야채무침 (5.6.17)<br/>고기지짐 (1.2.5.6.10.15.16)<br/>석박지 (9)<br/>과일맛아이스크림 <br/>양념장 (5.6.13),쇠고기(종류) : 국내산(한우)<br/>쇠고기 식육가공품 : 국내산<br/>돼지고기 식육가공품 : 국내산<br/>쌀 : 국내산<br/>배추 : 국내산<br/>고춧가루 : 국내산<br/>비고 : 골뱅이:외국산,1258.7 Kcal,탄수화물(g) : 189.4<br/>단백질(g) : 39.0<br/>지방(g) : 36.8<br/>비타민A(R.E) : 232.4<br/>티아민(mg) : 0.6<br/>리보플라빈(mg) : 0.5<br/>비타민C(mg) : 10.0<br/>칼슘(mg) : 237.4<br/>철분(mg) : 3.8,20260519
B10,서울특별시교육청,7010073,당곡고등학교,3,석식,20260513,80.00,김치덮밥 (9.13)<br/>소시지토스트 (1.2.5.6.10.12.16)<br/>들깨무채국 (5.6)<br/>스크램블드에그 (1)<br/>깍두기 (9)<br/>초코과자 (1.2.5.6)<br/>양배추샐러드&사우전D (1.2.5.6),돼지고기 식육가공품 : 국내산<br/>쌀 : 국내산<br/>배추 : 국내산<br/>고춧가루 : 국내산,1206.6 Kcal,탄수화물(g) : 147.5<br/>단백질(g) : 34.4<br/>지방(g) : 52.5<br/>비타민A(R.E) : 209.3<br/>티아민(mg) : 0.6<br/>리보플라빈(mg) : 0.8<br/>비타민C(mg) : 47.7<br/>칼슘(mg) : 294.6<br/>철분(mg) : 5.3,20260520
B10,서울특별시교육청,7010073,당곡고등학교,3,석식,20260514,90.00,백미밥 <br/>햄찌개 (1.2.5.6.9.10.15.16)<br/>삼치감자조림 (5.6.13)<br/>마늘쫑무침 (6.13)<br/>볼어묵볶음 (1.5.6.13.18)<br/>깍두기 (9)<br/>딸기쨈파이 (1.2.5.6),"돼지고기 : 국내산<br/>돼지고기 식육가공품 : 국내산<br/>쌀 : 국내산<br/>배추 : 국내산<br/>고춧가루 : 국내산<br/>비고 : 삼치:국산, 볼어묵(연육):외국산,두부(대두):외국산",1524.8 Kcal,탄수화물(g) : 241.8<br/>단백질(g) : 58.3<br/>지방(g) : 36.0<br/>비타민A(R.E) : 589.3<br/>티아민(mg) : 1.4<br/>리보플라빈(mg) : 1.0<br/>비타민C(mg) : 49.7<br/>칼슘(mg) : 226.7<br/>철분(mg) : 5.2,20260521
B10,서울특별시교육청,7010073,당곡고등학교,3,석식,20260518,80.00,추가밥 <br/>미트볼스파게티 (1.2.5.6.10.12.13.15.16)<br/>크림스프 (2.5.6.13.16)<br/>마늘빵 (1.2.5.6)<br/>요구르트 (2)<br/>양배추샐러드(키위D) (1.2.5.6)<br/>오이피클 ,돼지고기 : 국내산<br/>돼지고기 식육가공품 : 국내산<br/>쌀 : 국내산<br/>배추 : 국내산<br/>고춧가루 : 국내산,1473.0 Kcal,탄수화물(g) : 237.0<br/>단백질(g) : 36.9<br/>지방(g) : 42.0<br/>비타민A(R.E) : 163.1<br/>티아민(mg) : 0.8<br/>리보플라빈(mg) : 0.7<br/>비타민C(mg) : 24.1<br/>칼슘(mg) : 219.1<br/>철분(mg) : 5.7,20260525
B10,서울특별시교육청,7010073,당곡고등학교,3,석식,20260519,95.00,치킨마요덮밥 (1.5.6.13.15.16)<br/>고명장국 (1.2.5.6.9.13)<br/>매운어묵꼬치(소스) (5.6.8.13)<br/>배추김치 (9)<br/>달콤한토마토 (12.13),닭고기 : 국내산<br/>쌀 : 국내산<br/>배추 : 국내산<br/>고춧가루 : 국내산<br/>비고 : 어묵(연육):외국산,1040.1 Kcal,탄수화물(g) : 98.7<br/>단백질(g) : 41.1<br/>지방(g) : 51.9<br/>비타민A(R.E) : 226.5<br/>티아민(mg) : 0.4<br/>리보플라빈(mg) : 0.6<br/>비타민C(mg) : 12.3<br/>칼슘(mg) : 167.6<br/>철분(mg) : 4.4,20260526
B10,서울특별시교육청,7010073,당곡고등학교,3,석식,20260520,80.00,추가밥 <br/>비빔국수 (9.13.16.5.6)<br/>꽈리고추메추리알조림 (1.5.6.13)<br/>오징어부추전 (1.6.17)<br/>깍두기 (9)<br/>자두맛음료 ,쌀 : 국내산<br/>배추 : 국내산<br/>고춧가루 : 국내산<br/>오징어 : 국내산,1143.4 Kcal,탄수화물(g) : 188.6<br/>단백질(g) : 36.9<br/>지방(g) : 25.4<br/>비타민A(R.E) : 347.1<br/>티아민(mg) : 0.4<br/>리보플라빈(mg) : 1.5<br/>비타민C(mg) : 10.6<br/>칼슘(mg) : 214.8<br/>철분(mg) : 5.8,20260527
B10,서울특별시교육청,7010073,당곡고등학교,3,석식,20260521,90.00,백미밥 <br/>돈육감자탕 (5.6.10.13.16)<br/>콩나물무침 (5)<br/>소시지케찹볶음 (2.5.6.10.12.15.16)<br/>삼치카레구이 (2.5.6.12.13.16.18)<br/>석박지 (9)<br/>황치즈파이 (1.2.5.6),돼지고기 : 국내산<br/>돼지고기 식육가공품 : 국내산<br/>쌀 : 국내산<br/>배추 : 국내산<br/>고춧가루 : 국내산<br/>비고 : 삼치:국산,1016.1 Kcal,탄수화물(g) : 114.9<br/>단백질(g) : 52.9<br/>지방(g) : 36.7<br/>비타민A(R.E) : 175.9<br/>티아민(mg) : 1.0<br/>리보플라빈(mg) : 0.8<br/>비타민C(mg) : 48.2<br/>칼슘(mg) : 236.7<br/>철분(mg) : 4.2,20260528
B10,서울특별시교육청,7010073,당곡고등학교,3,석식,20260526,95.00,백미밥 <br/>북어국 (1.5.6.13)<br/>두부쑥갓나물 (5)<br/>닭볶음탕 (5.6.13.15)<br/>김말이강정 (1.2.5.6.12.13.16.18)<br/>배추김치 (9)<br/>조각파인애플 ,닭고기 : 국내산<br/>쌀 : 국내산<br/>배추 : 국내산<br/>고춧가루 : 국내산<br/>명태 수산가공품 : 북어채:러시아,941.3 Kcal,탄수화물(g) : 143.5<br/>단백질(g) : 50.0<br/>지방(g) : 18.3<br/>비타민A(R.E) : 189.7<br/>티아민(mg) : 0.5<br/>리보플라빈(mg) : 0.8<br/>비타민C(mg) : 34.5<br/>칼슘(mg) : 158.3<br/>철분(mg) : 12.2,20260602
B10,서울특별시교육청,7010073,당곡고등학교,3,석식,20260527,80.00,백미밥 <br/>우거지해장국 (5.6.13.16)<br/>연근조림 (5.6.13)<br/>온두부&김치볶음 (5.9.13)<br/>꽈배기 (1.2.5.6.13)<br/>타코야끼 (1.2.5.6.10.15.16.18)<br/>깍두기 (9),"쇠고기(종류) : 국내산(한우)<br/>쌀 : 국내산<br/>배추 : 국내산<br/>고춧가루 : 국내산<br/>비고 : 타코야끼(문어):중국, 두부(대두):국산",1484.4 Kcal,탄수화물(g) : 162.2<br/>단백질(g) : 57.6<br/>지방(g) : 61.0<br/>비타민A(R.E) : 132.3<br/>티아민(mg) : 0.4<br/>리보플라빈(mg) : 4.1<br/>비타민C(mg) : 21.0<br/>칼슘(mg) : 315.8<br/>철분(mg) : 7.7,20260603
B10,서울특별시교육청,7010073,당곡고등학교,3,석식,20260528,90.00,나물비빔밥*고추장 (5.6.13)<br/>미소국 (5.6)<br/>무생채 (13)<br/>계란후라이 (1)<br/>반달스테이크&소스 (1.2.5.6.10.12.13.15.16)<br/>깍두기 (9)<br/>푸딩 ,돼지고기 식육가공품 : 국내산<br/>쌀 : 국내산<br/>배추 : 국내산<br/>고춧가루 : 국내산<br/>비고 : 두부(대두):외국산,902.6 Kcal,탄수화물(g) : 133.1<br/>단백질(g) : 41.4<br/>지방(g) : 22.1<br/>비타민A(R.E) : 202.3<br/>티아민(mg) : 2.4<br/>리보플라빈(mg) : 0.7<br/>비타민C(mg) : 9.4<br/>칼슘(mg) : 258.8<br/>철분(mg) : 6.2,20260604
B10,서울특별시교육청,7010073,당곡고등학교,3,석식,20260601,80.00,백미밥 <br/>참치김치찌개 (5.6.9.13)<br/>돈육장조림 (5.6.10.13)<br/>매운어묵꼬치(소스) (5.6.8.13)<br/>숙주나물무침 <br/>깍두기 (9)<br/>후레쉬업(레몬&라임) ,"돼지고기 : 국내산<br/>쌀 : 국내산<br/>배추 : 국내산<br/>고춧가루 : 국내산<br/>콩 가공품 : 두부(대두):외국산<br/>가리비 수산가공품 : <br/>비고 : 참치:베트남산, 어묵(연육):외국산",1378.5 Kcal,탄수화물(g) : 192.5<br/>단백질(g) : 71.4<br/>지방(g) : 31.3<br/>비타민A(R.E) : 183.8<br/>티아민(mg) : 1.1<br/>리보플라빈(mg) : 4.2<br/>비타민C(mg) : 13.6<br/>칼슘(mg) : 307.1<br/>철분(mg) : 8.3,20260608
B10,서울특별시교육청,7010073,당곡고등학교,3,석식,20260602,80.00,자장밥 (5.6.10.13.16)<br/>팽이장국 (5.6)<br/>고추잡채/꽃빵 (5.6.10.13.18)<br/>꼬들단무지무침 <br/>계란후라이 (1)<br/>배추김치 (9)<br/>조각파인애플 ,쌀 : 국내산<br/>배추 : 국내산<br/>고춧가루 : 국내산,1204.4 Kcal,탄수화물(g) : 161.1<br/>단백질(g) : 52.6<br/>지방(g) : 38.6<br/>비타민A(R.E) : 273.7<br/>티아민(mg) : 1.1<br/>리보플라빈(mg) : 1.2<br/>비타민C(mg) : 63.4<br/>칼슘(mg) : 310.2<br/>철분(mg) : 6.4,20260609
B10,서울특별시교육청,7010073,당곡고등학교,3,석식,20260604,80.00,백미밥 <br/>닭곰탕 (1.6.13.15)<br/>새송이조림 (5.6.13.18)<br/>불닭타코야끼(4) (1.2.5.6.10.13.15.16.18)<br/>배식용김 <br/>배추김치 (9)<br/>포도주스 (2.5),쌀 : 국내산<br/>배추 : 국내산<br/>고춧가루 : 국내산,1178.4 Kcal,탄수화물(g) : 168.0<br/>단백질(g) : 33.3<br/>지방(g) : 43.2<br/>비타민A(R.E) : 51.0<br/>티아민(mg) : 0.3<br/>리보플라빈(mg) : 0.5<br/>비타민C(mg) : 6.5<br/>칼슘(mg) : 128.6<br/>철분(mg) : 2.9,20260611
B10,서울특별시교육청,7010073,당곡고등학교,3,석식,20260608,80.00,백미밥 <br/>우거지해장국 (5.6.13.16)<br/>연두부&양념장 (5.6.13)<br/>오이생채 (13)<br/>가자미순살튀김 (6)<br/>석박지 (9)<br/>메이플피칸파이 (1.2.5.6.14),쇠고기(종류) : 국내산(한우)<br/>쌀 : 국내산<br/>배추 : 국내산<br/>고춧가루 : 국내산<br/>콩 가공품 : 연두부(대두):국산<br/>비고 : 가자미:미국산,1151.1 Kcal,탄수화물(g) : 145.4<br/>단백질(g) : 61.9<br/>지방(g) : 33.6<br/>비타민A(R.E) : 152.4<br/>티아민(mg) : 1.9<br/>리보플라빈(mg) : 2.3<br/>비타민C(mg) : 36.3<br/>칼슘(mg) : 359.8<br/>철분(mg) : 7.7,20260615
B10,서울특별시교육청,7010073,당곡고등학교,3,석식,20260609,80.00,백미밥 <br/>설렁탕&소면 (5.6.13.16)<br/>오징어초무침g (6.13.17)<br/>부추야채전 (1.6)<br/>배추김치 (9)<br/>귤맛아이스크림 (2.12)<br/>포도맛아이스크림 ,쇠고기(종류) : 국내산(한우)<br/>쇠고기 식육가공품 : 국내산<br/>쌀 : 국내산<br/>배추 : 국내산<br/>고춧가루 : 국내산<br/>오징어 : 국내산,1515.3 Kcal,탄수화물(g) : 243.9<br/>단백질(g) : 46.0<br/>지방(g) : 41.2<br/>비타민A(R.E) : 942.3<br/>티아민(mg) : 1.3<br/>리보플라빈(mg) : 1.6<br/>비타민C(mg) : 13.5<br/>칼슘(mg) : 327.5<br/>철분(mg) : 5.2,20260616
B10,서울특별시교육청,7010073,당곡고등학교,3,석식,20260610,80.00,열무비빔밥 (13.6.9)<br/>두부된장국 (5.6)<br/>애호박볶음 <br/>피자핫도그 (1.2.5.6.10.12.13.16)<br/>배추김치 (9)<br/>아이스망고 ,돼지고기 식육가공품 : 국내산<br/>쌀 : 국내산<br/>배추 : 국내산<br/>고춧가루 : 국내산<br/>콩 가공품 : 두부(대두):외국산,1020.9 Kcal,탄수화물(g) : 167.0<br/>단백질(g) : 24.6<br/>지방(g) : 29.0<br/>비타민A(R.E) : 188.8<br/>티아민(mg) : 0.2<br/>리보플라빈(mg) : 0.6<br/>비타민C(mg) : 30.4<br/>칼슘(mg) : 347.2<br/>철분(mg) : 3.3,20260617
B10,서울특별시교육청,7010073,당곡고등학교,3,석식,20260611,80.00,백미밥 <br/>얼큰어묵국 (1.2.5.6.7.13.18)<br/>파채무침 (13)<br/>돈육간장불고기 (5.6.10.13)<br/>김말이강정 (1.2.5.6.12.13.16.18)<br/>배추김치 (9)<br/>호상요구르트(딸기맛) (2.5.16),돼지고기 : 국내산<br/>쌀 : 국내산<br/>배추 : 국내산<br/>고춧가루 : 국내산<br/>비고 : 어묵(연육):외국산,966.7 Kcal,탄수화물(g) : 132.7<br/>단백질(g) : 44.4<br/>지방(g) : 27.2<br/>비타민A(R.E) : 77.9<br/>티아민(mg) : 1.4<br/>리보플라빈(mg) : 0.6<br/>비타민C(mg) : 12.2<br/>칼슘(mg) : 246.2<br/>철분(mg) : 11.3,20260618
B10,서울특별시교육청,7010073,당곡고등학교,3,석식,20260615,80.00,김가루밥 <br/>미니우동 (1.2.5.6.9.13)<br/>떡볶이 (1.2.5.6.12.13.16.18)<br/>고구마튀김 (6)<br/>배추김치 (9)<br/>청사과아이스티 ,쌀 : 국내산<br/>배추 : 국내산<br/>고춧가루 : 국내산<br/>비고 : 어묵(연육):외국산,1284.3 Kcal,탄수화물(g) : 266.4<br/>단백질(g) : 26.4<br/>지방(g) : 14.1<br/>비타민A(R.E) : 108.1<br/>티아민(mg) : 0.4<br/>리보플라빈(mg) : 0.6<br/>비타민C(mg) : 57.3<br/>칼슘(mg) : 211.0<br/>철분(mg) : 3.5,20260622
B10,서울특별시교육청,7010073,당곡고등학교,3,석식,20260616,80.00,백미밥 <br/>아욱된장국 (5.6)<br/>양배추쌈/쌈장 (5.6)<br/>돈육고추장볶음 (6.10.13)<br/>들기름감자채볶음 <br/>회오리핫도그 (1.2.5.6.10.15.16)<br/>배추김치 (9)<br/>초콜릿칩쿠키 (1.2.5.6),돼지고기 : 국내산<br/>쌀 : 국내산<br/>배추 : 국내산<br/>고춧가루 : 국내산,1443.1 Kcal,탄수화물(g) : 192.8<br/>단백질(g) : 70.3<br/>지방(g) : 42.9<br/>비타민A(R.E) : 269.7<br/>티아민(mg) : 1.6<br/>리보플라빈(mg) : 1.0<br/>비타민C(mg) : 39.0<br/>칼슘(mg) : 456.2<br/>철분(mg) : 7.4,20260623
B10,서울특별시교육청,7010073,당곡고등학교,3,석식,20260617,80.00,백미밥 <br/>다시마감자국 (5.6.13)<br/>참나물무침 (13)<br/>야채달걀말이 (1)<br/>떡갈비&소스 (1.2.5.6.10.12.13.15.16)<br/>배추김치 (9)<br/>코코넛음료 ,돼지고기 식육가공품 : 국내산<br/>쌀 : 국내산<br/>배추 : 국내산<br/>고춧가루 : 국내산,760.1 Kcal,탄수화물(g) : 111.9<br/>단백질(g) : 37.0<br/>지방(g) : 17.4<br/>비타민A(R.E) : 228.6<br/>티아민(mg) : 2.6<br/>리보플라빈(mg) : 0.8<br/>비타민C(mg) : 19.5<br/>칼슘(mg) : 362.2<br/>철분(mg) : 6.4,20260624
B10,서울특별시교육청,7010073,당곡고등학교,3,석식,20260618,80.00,추가밥 <br/>스파게티 (1.2.5.6.10.12.13.16)<br/>감자튀김&케찹 (12)<br/>배추김치 (9)<br/>방울토마토 (12)<br/>치즈피자 (2.5.6.12)<br/>오이피클 ,돼지고기 : 국내산<br/>쌀 : 국내산<br/>배추 : 국내산<br/>고춧가루 : 국내산,1572.9 Kcal,탄수화물(g) : 268.8<br/>단백질(g) : 44.4<br/>지방(g) : 35.4<br/>비타민A(R.E) : 184.2<br/>티아민(mg) : 1.0<br/>리보플라빈(mg) : 0.9<br/>비타민C(mg) : 30.4<br/>칼슘(mg) : 411.6<br/>철분(mg) : 5.0,20260625
B10,서울특별시교육청,7010073,당곡고등학교,3,석식,20260622,80.00,치킨마요덮밥 (1.2.5.6.13.15.16)<br/>가쓰오브시국 (5.6.9.13)<br/>수제퀘사디아 (2.5.6.10.12.15.16)<br/>깍두기 (9)<br/>키위 <br/>양배추샐러드&사우전D (1.2.5.6),돼지고기 : 국내산<br/>닭고기 식육가공품 : 국내산<br/>쌀 : 국내산<br/>배추 : 국내산<br/>고춧가루 : 국내산,1345.3 Kcal,탄수화물(g) : 113.7<br/>단백질(g) : 53.4<br/>지방(g) : 73.6<br/>비타민A(R.E) : 224.9<br/>티아민(mg) : 0.9<br/>리보플라빈(mg) : 0.9<br/>비타민C(mg) : 67.2<br/>칼슘(mg) : 330.7<br/>철분(mg) : 5.2,20260629
B10,서울특별시교육청,7010073,당곡고등학교,3,석식,20260623,80.00,백미밥 <br/>감자찌개 (6)<br/>찜닭(-감자) (5.6.13.15)<br/>부추무침 (13)<br/>새우튀김 (6.9.12)<br/>배추김치 (9)<br/>군밤 ,닭고기 : 국내산<br/>쌀 : 국내산<br/>배추 : 국내산<br/>고춧가루 : 국내산<br/>비고 : 새우튀김:베트남산,1667.0 Kcal,탄수화물(g) : 276.8<br/>단백질(g) : 59.6<br/>지방(g) : 35.3<br/>비타민A(R.E) : 696.4<br/>티아민(mg) : 1.6<br/>리보플라빈(mg) : 1.2<br/>비타민C(mg) : 22.8<br/>칼슘(mg) : 221.4<br/>철분(mg) : 8.0,20260630
B10,서울특별시교육청,7010073,당곡고등학교,3,석식,20260624,80.00,백미밥 <br/>소고기버섯매운탕 (5.6.13.16)<br/>돈사태떡찜 (5.6.10.13)<br/>고추장멸치볶음 (5.6.13)<br/>배추김치 (9)<br/>십원빵 (1.2.5.6.16),쇠고기(종류) : 국내산(한우)<br/>돼지고기 : 국내산<br/>쌀 : 국내산<br/>배추 : 국내산<br/>고춧가루 : 국내산,1139.9 Kcal,탄수화물(g) : 181.5<br/>단백질(g) : 48.3<br/>지방(g) : 23.8<br/>비타민A(R.E) : 68.5<br/>티아민(mg) : 1.0<br/>리보플라빈(mg) : 1.0<br/>비타민C(mg) : 11.4<br/>칼슘(mg) : 252.9<br/>철분(mg) : 7.2,20260701
B10,서울특별시교육청,7010073,당곡고등학교,3,석식,20260625,80.00,추가밥 <br/>나가사끼짬뽕 (5.6.8.9.10.13.17.18)<br/>짜조&칠리파디소스 (1.5.6.9.10.13.16)<br/>배추김치 (9)<br/>요구르트 (2)<br/>아이스망고&요거트D (2),돼지고기 식육가공품 : 국내산<br/>쌀 : 국내산<br/>배추 : 국내산<br/>고춧가루 : 국내산,1147.2 Kcal,탄수화물(g) : 201.3<br/>단백질(g) : 44.0<br/>지방(g) : 20.4<br/>비타민A(R.E) : 525.8<br/>티아민(mg) : 0.6<br/>리보플라빈(mg) : 0.7<br/>비타민C(mg) : 50.4<br/>칼슘(mg) : 244.7<br/>철분(mg) : 3.3,20260702

